business_id,business_name,widget_type,widget_name,widget_id,is_active,created_at,updated_at,view_count,last_viewed_at,activated_at,config_json
0f758cf9-b381-4da0-8cb7-5579fc9120c7,SSR Autobody (built by Shah),BEFORE_AFTER_SLIDER,ALIS Audi Q5 Before and After (Gary's Auto Collision Center) Copy,a4462581-5eff-453d-9509-b00ce07fb6aa,True,2026-08-05T01:58:15.780133+00:00,2026-08-05T01:58:57.222+00:00,0,,2026-08-05T02:03:42.287+00:00,"{""styles"": {""textColor"": ""#FFFFFF"", ""widthType"": ""percentage"", ""afterLabel"": ""After"", ""fontFamily"": ""poppins"", ""showLabels"": true, ""widthValue"": 100, ""aspectRatio"": ""4:3"", ""beforeLabel"": ""Before"", ""shadowStyle"": ""default"", ""borderRadius"": 24, ""backgroundType"": ""transparent"", ""backgroundColor"": ""#000000"", ""instructionText"": ""Drag to compare"", ""showInstructions"": true, ""startingPosition"": 70, ""customAspectWidth"": 16, ""customAspectHeight"": 9, ""instructionFontSize"": 14, ""labelBackgroundColor"": ""#e42709"", ""preventScrollHijacking"": true}, ""afterImage"": ""https://xyfxwlkyzpqydzqcszeu.supabase.co/storage/v1/object/public/media-library/0f758cf9-b381-4da0-8cb7-5579fc9120c7/1762406556342-yrqr18a9fu.webp"", ""beforeImage"": ""https://xyfxwlkyzpqydzqcszeu.supabase.co/storage/v1/object/public/media-library/0f758cf9-b381-4da0-8cb7-5579fc9120c7/1762406560208-h5ao25lra2s.webp""}"
0f758cf9-b381-4da0-8cb7-5579fc9120c7,SSR Autobody (built by Shah),BEFORE_AFTER_SLIDER,Audi Q5 Before and After  (Santa Ana Body Shop),17a536a1-4f87-4ad9-a497-0113b90cf500,True,2026-05-11T21:11:15.747868+00:00,2026-05-11T21:12:21.406+00:00,6583,2026-08-05T08:36:44.995675+00:00,2026-05-11T21:17:35.671+00:00,"{""styles"": {""textColor"": ""#FFFFFF"", ""widthType"": ""percentage"", ""afterLabel"": ""After"", ""fontFamily"": ""poppins"", ""showLabels"": true, ""widthValue"": 100, ""aspectRatio"": ""4:3"", ""beforeLabel"": ""Before"", ""shadowStyle"": ""default"", ""borderRadius"": 24, ""backgroundType"": ""transparent"", ""backgroundColor"": ""#000000"", ""instructionText"": ""Drag to compare"", ""showInstructions"": true, ""startingPosition"": 70, ""customAspectWidth"": 16, ""customAspectHeight"": 9, ""instructionFontSize"": 14, ""labelBackgroundColor"": ""#e42709"", ""preventScrollHijacking"": true}, ""afterImage"": ""https://xyfxwlkyzpqydzqcszeu.supabase.co/storage/v1/object/public/media-library/0f758cf9-b381-4da0-8cb7-5579fc9120c7/1762406556342-yrqr18a9fu.webp"", ""beforeImage"": ""https://xyfxwlkyzpqydzqcszeu.supabase.co/storage/v1/object/public/media-library/0f758cf9-b381-4da0-8cb7-5579fc9120c7/1762406560208-h5ao25lra2s.webp""}"
0f758cf9-b381-4da0-8cb7-5579fc9120c7,SSR Autobody (built by Shah),BEFORE_AFTER_SLIDER,Audi Q5 Before and After  (the Collision Shop of Miami Dade),b87383cd-6282-496b-8b51-5aa41cfe8771,True,2026-04-30T21:26:22.872842+00:00,2026-04-30T21:27:27.015+00:00,4793,2026-08-05T08:31:50.883865+00:00,2026-04-30T21:55:18.568+00:00,"{""styles"": {""textColor"": ""#FFFFFF"", ""widthType"": ""percentage"", ""afterLabel"": ""After"", ""fontFamily"": ""poppins"", ""showLabels"": true, ""widthValue"": 100, ""aspectRatio"": ""4:3"", ""beforeLabel"": ""Before"", ""shadowStyle"": ""default"", ""borderRadius"": 24, ""backgroundType"": ""transparent"", ""backgroundColor"": ""#000000"", ""instructionText"": ""Drag to compare"", ""showInstructions"": true, ""startingPosition"": 70, ""customAspectWidth"": 16, ""customAspectHeight"": 9, ""instructionFontSize"": 14, ""labelBackgroundColor"": ""#e42709"", ""preventScrollHijacking"": true}, ""afterImage"": ""https://xyfxwlkyzpqydzqcszeu.supabase.co/storage/v1/object/public/media-library/0f758cf9-b381-4da0-8cb7-5579fc9120c7/1762406556342-yrqr18a9fu.webp"", ""beforeImage"": ""https://xyfxwlkyzpqydzqcszeu.supabase.co/storage/v1/object/public/media-library/0f758cf9-b381-4da0-8cb7-5579fc9120c7/1762406560208-h5ao25lra2s.webp""}"
0f758cf9-b381-4da0-8cb7-5579fc9120c7,SSR Autobody (built by Shah),BEFORE_AFTER_SLIDER,Audi Q5 Before and After (10x Auto Group Inc),6710dc09-13dd-4f85-8551-0227e1fee175,True,2026-06-22T20:19:53.106998+00:00,2026-06-22T20:21:33.238+00:00,2755,2026-08-05T07:34:27.74107+00:00,2026-06-22T20:22:17.79+00:00,"{""styles"": {""textColor"": ""#FFFFFF"", ""widthType"": ""percentage"", ""afterLabel"": ""After"", ""fontFamily"": ""poppins"", ""showLabels"": true, ""widthValue"": 100, ""aspectRatio"": ""4:3"", ""beforeLabel"": ""Before"", ""shadowStyle"": ""default"", ""borderRadius"": 24, ""backgroundType"": ""transparent"", ""backgroundColor"": ""#000000"", ""instructionText"": ""Drag to compare"", ""showInstructions"": true, ""startingPosition"": 70, ""customAspectWidth"": 16, ""customAspectHeight"": 9, ""instructionFontSize"": 14, ""labelBackgroundColor"": ""#e42709"", ""preventScrollHijacking"": true}, ""afterImage"": ""https://xyfxwlkyzpqydzqcszeu.supabase.co/storage/v1/object/public/media-library/0f758cf9-b381-4da0-8cb7-5579fc9120c7/1762406556342-yrqr18a9fu.webp"", ""beforeImage"": ""https://xyfxwlkyzpqydzqcszeu.supabase.co/storage/v1/object/public/media-library/0f758cf9-b381-4da0-8cb7-5579fc9120c7/1762406560208-h5ao25lra2s.webp""}"
0f758cf9-b381-4da0-8cb7-5579fc9120c7,SSR Autobody (built by Shah),BEFORE_AFTER_SLIDER,Audi Q5 Before and After (AAJ Auto Collision),088d8273-3e7a-4ed5-8f83-d146b20780c8,True,2026-06-11T17:13:22.51643+00:00,2026-06-11T17:14:09.64+00:00,1260,2026-08-05T02:49:44.958755+00:00,2026-06-11T17:17:36.355+00:00,"{""styles"": {""textColor"": ""#FFFFFF"", ""widthType"": ""percentage"", ""afterLabel"": ""After"", ""fontFamily"": ""poppins"", ""showLabels"": true, ""widthValue"": 100, ""aspectRatio"": ""4:3"", ""beforeLabel"": ""Before"", ""shadowStyle"": ""default"", ""borderRadius"": 24, ""backgroundType"": ""transparent"", ""backgroundColor"": ""#000000"", ""instructionText"": ""Drag to compare"", ""showInstructions"": true, ""startingPosition"": 70, ""customAspectWidth"": 16, ""customAspectHeight"": 9, ""instructionFontSize"": 14, ""labelBackgroundColor"": ""#e42709"", ""preventScrollHijacking"": true}, ""afterImage"": ""https://xyfxwlkyzpqydzqcszeu.supabase.co/storage/v1/object/public/media-library/0f758cf9-b381-4da0-8cb7-5579fc9120c7/1762406556342-yrqr18a9fu.webp"", ""beforeImage"": ""https://xyfxwlkyzpqydzqcszeu.supabase.co/storage/v1/object/public/media-library/0f758cf9-b381-4da0-8cb7-5579fc9120c7/1762406560208-h5ao25lra2s.webp""}"
0f758cf9-b381-4da0-8cb7-5579fc9120c7,SSR Autobody (built by Shah),BEFORE_AFTER_SLIDER,Audi Q5 Before and After (AMG Auto Body),dacbe45e-ce90-4838-b17d-09071508cef1,True,2026-02-12T00:15:36.151773+00:00,2026-02-12T00:16:17.026+00:00,6325,2026-08-05T07:50:18.169369+00:00,2026-02-12T00:17:26.26+00:00,"{""styles"": {""textColor"": ""#FFFFFF"", ""widthType"": ""percentage"", ""afterLabel"": ""After"", ""fontFamily"": ""poppins"", ""showLabels"": true, ""widthValue"": 100, ""aspectRatio"": ""4:3"", ""beforeLabel"": ""Before"", ""shadowStyle"": ""default"", ""borderRadius"": 24, ""backgroundType"": ""transparent"", ""backgroundColor"": ""#000000"", ""instructionText"": ""Drag to compare"", ""showInstructions"": true, ""startingPosition"": 70, ""customAspectWidth"": 16, ""customAspectHeight"": 9, ""instructionFontSize"": 14, ""labelBackgroundColor"": ""#e42709"", ""preventScrollHijacking"": true}, ""afterImage"": ""https://xyfxwlkyzpqydzqcszeu.supabase.co/storage/v1/object/public/media-library/0f758cf9-b381-4da0-8cb7-5579fc9120c7/1762406556342-yrqr18a9fu.webp"", ""beforeImage"": ""https://xyfxwlkyzpqydzqcszeu.supabase.co/storage/v1/object/public/media-library/0f758cf9-b381-4da0-8cb7-5579fc9120c7/1762406560208-h5ao25lra2s.webp""}"
0f758cf9-b381-4da0-8cb7-5579fc9120c7,SSR Autobody (built by Shah),BEFORE_AFTER_SLIDER,Audi Q5 Before and After (Akins Collision Center),2ca6810b-53db-43eb-91bd-b915324ea162,True,2026-05-26T04:14:21.618091+00:00,2026-05-26T04:15:16.013+00:00,4138,2026-08-05T09:05:25.849127+00:00,2026-05-26T04:16:25.285+00:00,"{""styles"": {""textColor"": ""#FFFFFF"", ""widthType"": ""percentage"", ""afterLabel"": ""After"", ""fontFamily"": ""poppins"", ""showLabels"": true, ""widthValue"": 100, ""aspectRatio"": ""4:3"", ""beforeLabel"": ""Before"", ""shadowStyle"": ""default"", ""borderRadius"": 24, ""backgroundType"": ""transparent"", ""backgroundColor"": ""#000000"", ""instructionText"": ""Drag to compare"", ""showInstructions"": true, ""startingPosition"": 70, ""customAspectWidth"": 16, ""customAspectHeight"": 9, ""instructionFontSize"": 14, ""labelBackgroundColor"": ""#e42709"", ""preventScrollHijacking"": true}, ""afterImage"": ""https://xyfxwlkyzpqydzqcszeu.supabase.co/storage/v1/object/public/media-library/0f758cf9-b381-4da0-8cb7-5579fc9120c7/1762406556342-yrqr18a9fu.webp"", ""beforeImage"": ""https://xyfxwlkyzpqydzqcszeu.supabase.co/storage/v1/object/public/media-library/0f758cf9-b381-4da0-8cb7-5579fc9120c7/1762406560208-h5ao25lra2s.webp""}"
0f758cf9-b381-4da0-8cb7-5579fc9120c7,SSR Autobody (built by Shah),BEFORE_AFTER_SLIDER,Audi Q5 Before and After (Alpha Auto Collision),ecd4c9c8-20fb-43bc-b77b-8eec24336323,True,2026-06-23T18:24:47.271321+00:00,2026-06-23T18:26:05.339+00:00,40,2026-07-31T19:45:53.630225+00:00,2026-06-23T18:27:18.513+00:00,"{""styles"": {""textColor"": ""#FFFFFF"", ""widthType"": ""percentage"", ""afterLabel"": ""After"", ""fontFamily"": ""poppins"", ""showLabels"": true, ""widthValue"": 100, ""aspectRatio"": ""4:3"", ""beforeLabel"": ""Before"", ""shadowStyle"": ""default"", ""borderRadius"": 24, ""backgroundType"": ""transparent"", ""backgroundColor"": ""#000000"", ""instructionText"": ""Drag to compare"", ""showInstructions"": true, ""startingPosition"": 70, ""customAspectWidth"": 16, ""customAspectHeight"": 9, ""instructionFontSize"": 14, ""labelBackgroundColor"": ""#007bff"", ""preventScrollHijacking"": true}, ""afterImage"": ""https://xyfxwlkyzpqydzqcszeu.supabase.co/storage/v1/object/public/media-library/0f758cf9-b381-4da0-8cb7-5579fc9120c7/1762406556342-yrqr18a9fu.webp"", ""beforeImage"": ""https://xyfxwlkyzpqydzqcszeu.supabase.co/storage/v1/object/public/media-library/0f758cf9-b381-4da0-8cb7-5579fc9120c7/1762406560208-h5ao25lra2s.webp""}"
0f758cf9-b381-4da0-8cb7-5579fc9120c7,SSR Autobody (built by Shah),BEFORE_AFTER_SLIDER,Audi Q5 Before and After (American Auto),63a5a8e0-3c97-440c-b24a-5732433d079e,True,2026-05-15T01:49:08.691138+00:00,2026-05-15T01:49:20.242+00:00,2209,2026-08-04T21:16:42.748785+00:00,2026-05-15T01:49:57.252+00:00,"{""styles"": {""textColor"": ""#FFFFFF"", ""widthType"": ""percentage"", ""afterLabel"": ""After"", ""fontFamily"": ""poppins"", ""showLabels"": true, ""widthValue"": 100, ""aspectRatio"": ""4:3"", ""beforeLabel"": ""Before"", ""shadowStyle"": ""default"", ""borderRadius"": 24, ""backgroundType"": ""transparent"", ""backgroundColor"": ""#000000"", ""instructionText"": ""Drag to compare"", ""showInstructions"": true, ""startingPosition"": 70, ""customAspectWidth"": 16, ""customAspectHeight"": 9, ""instructionFontSize"": 14, ""labelBackgroundColor"": ""#007bff"", ""preventScrollHijacking"": true}, ""afterImage"": ""https://xyfxwlkyzpqydzqcszeu.supabase.co/storage/v1/object/public/media-library/0f758cf9-b381-4da0-8cb7-5579fc9120c7/1762406556342-yrqr18a9fu.webp"", ""beforeImage"": ""https://xyfxwlkyzpqydzqcszeu.supabase.co/storage/v1/object/public/media-library/0f758cf9-b381-4da0-8cb7-5579fc9120c7/1762406560208-h5ao25lra2s.webp""}"
0f758cf9-b381-4da0-8cb7-5579fc9120c7,SSR Autobody (built by Shah),BEFORE_AFTER_SLIDER,Audi Q5 Before and After (Anderson Auto Body),6d1c5de5-0027-4662-b693-5ad430453653,True,2026-01-24T01:00:26.948937+00:00,2026-01-24T01:01:23.861+00:00,3778,2026-08-05T09:14:51.432806+00:00,2026-01-24T01:03:07.252+00:00,"{""styles"": {""textColor"": ""#FFFFFF"", ""widthType"": ""percentage"", ""afterLabel"": ""After"", ""fontFamily"": ""poppins"", ""showLabels"": true, ""widthValue"": 100, ""aspectRatio"": ""4:3"", ""beforeLabel"": ""Before"", ""shadowStyle"": ""default"", ""borderRadius"": 24, ""backgroundType"": ""transparent"", ""backgroundColor"": ""#000000"", ""instructionText"": ""Drag to compare"", ""showInstructions"": true, ""startingPosition"": 70, ""customAspectWidth"": 16, ""customAspectHeight"": 9, ""instructionFontSize"": 14, ""labelBackgroundColor"": ""#e42709"", ""preventScrollHijacking"": true}, ""afterImage"": ""https://xyfxwlkyzpqydzqcszeu.supabase.co/storage/v1/object/public/media-library/0f758cf9-b381-4da0-8cb7-5579fc9120c7/1762406556342-yrqr18a9fu.webp"", ""beforeImage"": ""https://xyfxwlkyzpqydzqcszeu.supabase.co/storage/v1/object/public/media-library/0f758cf9-b381-4da0-8cb7-5579fc9120c7/1762406560208-h5ao25lra2s.webp""}"
0f758cf9-b381-4da0-8cb7-5579fc9120c7,SSR Autobody (built by Shah),BEFORE_AFTER_SLIDER,Audi Q5 Before and After (Arrow Body & Fender Service),09bcd87a-9f78-476f-8b2d-60b2aa73dee5,True,2026-07-10T19:21:25.180556+00:00,2026-07-10T19:23:48.838+00:00,1975,2026-08-05T09:46:44.478+00:00,2026-07-10T19:26:14.808+00:00,"{""styles"": {""textColor"": ""#FFFFFF"", ""widthType"": ""percentage"", ""afterLabel"": ""After"", ""fontFamily"": ""poppins"", ""showLabels"": true, ""widthValue"": 100, ""aspectRatio"": ""4:3"", ""beforeLabel"": ""Before"", ""shadowStyle"": ""default"", ""borderRadius"": 24, ""backgroundType"": ""transparent"", ""backgroundColor"": ""#000000"", ""instructionText"": ""Drag to compare"", ""showInstructions"": true, ""startingPosition"": 70, ""customAspectWidth"": 16, ""customAspectHeight"": 9, ""instructionFontSize"": 14, ""labelBackgroundColor"": ""#e42709"", ""preventScrollHijacking"": true}, ""afterImage"": ""https://xyfxwlkyzpqydzqcszeu.supabase.co/storage/v1/object/public/media-library/0f758cf9-b381-4da0-8cb7-5579fc9120c7/1762406556342-yrqr18a9fu.webp"", ""beforeImage"": ""https://xyfxwlkyzpqydzqcszeu.supabase.co/storage/v1/object/public/media-library/0f758cf9-b381-4da0-8cb7-5579fc9120c7/1762406560208-h5ao25lra2s.webp""}"
0f758cf9-b381-4da0-8cb7-5579fc9120c7,SSR Autobody (built by Shah),BEFORE_AFTER_SLIDER,Audi Q5 Before and After (Art City Auto Body),76457171-e2a9-4be9-8321-7140f81026b7,True,2025-11-07T00:44:38.693271+00:00,2025-11-10T15:36:12.517+00:00,6682,2026-08-05T04:47:57.297262+00:00,2025-11-07T00:44:38.693271+00:00,"{""styles"": {""textColor"": ""#FFFFFF"", ""widthType"": ""percentage"", ""afterLabel"": ""After"", ""fontFamily"": ""poppins"", ""showLabels"": true, ""widthValue"": 100, ""aspectRatio"": ""4:3"", ""beforeLabel"": ""Before"", ""shadowStyle"": ""default"", ""borderRadius"": 24, ""backgroundType"": ""transparent"", ""backgroundColor"": ""#000000"", ""instructionText"": ""Drag to compare"", ""showInstructions"": true, ""startingPosition"": 70, ""customAspectWidth"": 16, ""customAspectHeight"": 9, ""instructionFontSize"": 14, ""labelBackgroundColor"": ""#F77D11"", ""preventScrollHijacking"": true}, ""afterImage"": ""https://xyfxwlkyzpqydzqcszeu.supabase.co/storage/v1/object/public/media-library/0f758cf9-b381-4da0-8cb7-5579fc9120c7/1762406556342-yrqr18a9fu.webp"", ""beforeImage"": ""https://xyfxwlkyzpqydzqcszeu.supabase.co/storage/v1/object/public/media-library/0f758cf9-b381-4da0-8cb7-5579fc9120c7/1762406560208-h5ao25lra2s.webp""}"
0f758cf9-b381-4da0-8cb7-5579fc9120c7,SSR Autobody (built by Shah),BEFORE_AFTER_SLIDER,Audi Q5 Before and After (Art Collision Center),39268764-485c-4f6c-a6a4-3d81aba64ef4,True,2026-06-29T16:48:43.164066+00:00,2026-06-29T16:49:43.501+00:00,2149,2026-08-05T09:54:28.608978+00:00,2026-06-29T16:52:17.448+00:00,"{""styles"": {""textColor"": ""#FFFFFF"", ""widthType"": ""percentage"", ""afterLabel"": ""After"", ""fontFamily"": ""poppins"", ""showLabels"": true, ""widthValue"": 100, ""aspectRatio"": ""4:3"", ""beforeLabel"": ""Before"", ""shadowStyle"": ""default"", ""borderRadius"": 24, ""backgroundType"": ""transparent"", ""backgroundColor"": ""#000000"", ""instructionText"": ""Drag to compare"", ""showInstructions"": true, ""startingPosition"": 70, ""customAspectWidth"": 16, ""customAspectHeight"": 9, ""instructionFontSize"": 14, ""labelBackgroundColor"": ""#e42709"", ""preventScrollHijacking"": true}, ""afterImage"": ""https://xyfxwlkyzpqydzqcszeu.supabase.co/storage/v1/object/public/media-library/0f758cf9-b381-4da0-8cb7-5579fc9120c7/1762406556342-yrqr18a9fu.webp"", ""beforeImage"": ""https://xyfxwlkyzpqydzqcszeu.supabase.co/storage/v1/object/public/media-library/0f758cf9-b381-4da0-8cb7-5579fc9120c7/1762406560208-h5ao25lra2s.webp""}"
0f758cf9-b381-4da0-8cb7-5579fc9120c7,SSR Autobody (built by Shah),BEFORE_AFTER_SLIDER,Audi Q5 Before and After (Auto Arena Body Shop),f71bcdf1-8360-400b-b55c-a58a5add93a3,True,2025-12-30T00:53:04.483127+00:00,2025-12-30T00:53:38.934+00:00,4706,2026-08-05T08:31:51.515321+00:00,2025-12-30T00:54:13.475+00:00,"{""styles"": {""textColor"": ""#FFFFFF"", ""widthType"": ""percentage"", ""afterLabel"": ""After"", ""fontFamily"": ""poppins"", ""showLabels"": true, ""widthValue"": 100, ""aspectRatio"": ""4:3"", ""beforeLabel"": ""Before"", ""shadowStyle"": ""default"", ""borderRadius"": 24, ""backgroundType"": ""transparent"", ""backgroundColor"": ""#000000"", ""instructionText"": ""Drag to compare"", ""showInstructions"": true, ""startingPosition"": 70, ""customAspectWidth"": 16, ""customAspectHeight"": 9, ""instructionFontSize"": 14, ""labelBackgroundColor"": ""#007bff"", ""preventScrollHijacking"": true}, ""afterImage"": ""https://xyfxwlkyzpqydzqcszeu.supabase.co/storage/v1/object/public/media-library/0f758cf9-b381-4da0-8cb7-5579fc9120c7/1762406556342-yrqr18a9fu.webp"", ""beforeImage"": ""https://xyfxwlkyzpqydzqcszeu.supabase.co/storage/v1/object/public/media-library/0f758cf9-b381-4da0-8cb7-5579fc9120c7/1762406560208-h5ao25lra2s.webp""}"
0f758cf9-b381-4da0-8cb7-5579fc9120c7,SSR Autobody (built by Shah),BEFORE_AFTER_SLIDER,Audi Q5 Before and After (Auto Motive 7 ) 2,7fe234cf-142e-4151-b8b2-999b0973c930,True,2025-12-03T22:59:02.672326+00:00,2025-12-03T23:00:09.425+00:00,9147,2026-08-05T07:46:42.189933+00:00,2025-12-03T22:59:02.672326+00:00,"{""styles"": {""textColor"": ""#FFFFFF"", ""widthType"": ""percentage"", ""afterLabel"": ""After"", ""fontFamily"": ""poppins"", ""showLabels"": true, ""widthValue"": 100, ""aspectRatio"": ""4:3"", ""beforeLabel"": ""Before"", ""shadowStyle"": ""default"", ""borderRadius"": 24, ""backgroundType"": ""transparent"", ""backgroundColor"": ""#000000"", ""instructionText"": ""Drag to compare"", ""showInstructions"": true, ""startingPosition"": 70, ""customAspectWidth"": 16, ""customAspectHeight"": 9, ""instructionFontSize"": 14, ""labelBackgroundColor"": ""#007bff"", ""preventScrollHijacking"": true}, ""afterImage"": ""https://xyfxwlkyzpqydzqcszeu.supabase.co/storage/v1/object/public/media-library/0f758cf9-b381-4da0-8cb7-5579fc9120c7/1762406556342-yrqr18a9fu.webp"", ""beforeImage"": ""https://xyfxwlkyzpqydzqcszeu.supabase.co/storage/v1/object/public/media-library/0f758cf9-b381-4da0-8cb7-5579fc9120c7/1762406560208-h5ao25lra2s.webp""}"
0f758cf9-b381-4da0-8cb7-5579fc9120c7,SSR Autobody (built by Shah),BEFORE_AFTER_SLIDER,Audi Q5 Before and After (BA Auto Service),e80df78c-b8f0-4e00-942e-aa63fe38541a,True,2025-12-27T00:33:06.134304+00:00,2025-12-27T00:33:35.662+00:00,3288,2026-07-30T18:29:50.641423+00:00,2025-12-27T00:34:50.528+00:00,"{""styles"": {""textColor"": ""#FFFFFF"", ""widthType"": ""percentage"", ""afterLabel"": ""After"", ""fontFamily"": ""poppins"", ""showLabels"": true, ""widthValue"": 100, ""aspectRatio"": ""4:3"", ""beforeLabel"": ""Before"", ""shadowStyle"": ""default"", ""borderRadius"": 24, ""backgroundType"": ""transparent"", ""backgroundColor"": ""#000000"", ""instructionText"": ""Drag to compare"", ""showInstructions"": true, ""startingPosition"": 70, ""customAspectWidth"": 16, ""customAspectHeight"": 9, ""instructionFontSize"": 14, ""labelBackgroundColor"": ""#007bff"", ""preventScrollHijacking"": true}, ""afterImage"": ""https://xyfxwlkyzpqydzqcszeu.supabase.co/storage/v1/object/public/media-library/0f758cf9-b381-4da0-8cb7-5579fc9120c7/1762406556342-yrqr18a9fu.webp"", ""beforeImage"": ""https://xyfxwlkyzpqydzqcszeu.supabase.co/storage/v1/object/public/media-library/0f758cf9-b381-4da0-8cb7-5579fc9120c7/1762406560208-h5ao25lra2s.webp""}"
0f758cf9-b381-4da0-8cb7-5579fc9120c7,SSR Autobody (built by Shah),BEFORE_AFTER_SLIDER,Audi Q5 Before and After (BCK2NEW Auto Body),1b71a1da-5ea0-42d8-b033-bc093910a409,True,2026-05-26T02:42:36.49387+00:00,2026-05-26T02:43:03.071+00:00,2344,2026-07-31T17:01:49.543549+00:00,2026-05-26T03:17:52.465+00:00,"{""styles"": {""textColor"": ""#FFFFFF"", ""widthType"": ""percentage"", ""afterLabel"": ""After"", ""fontFamily"": ""poppins"", ""showLabels"": true, ""widthValue"": 100, ""aspectRatio"": ""4:3"", ""beforeLabel"": ""Before"", ""shadowStyle"": ""default"", ""borderRadius"": 24, ""backgroundType"": ""transparent"", ""backgroundColor"": ""#000000"", ""instructionText"": ""Drag to compare"", ""showInstructions"": true, ""startingPosition"": 70, ""customAspectWidth"": 16, ""customAspectHeight"": 9, ""instructionFontSize"": 14, ""labelBackgroundColor"": ""#e42709"", ""preventScrollHijacking"": true}, ""afterImage"": ""https://xyfxwlkyzpqydzqcszeu.supabase.co/storage/v1/object/public/media-library/0f758cf9-b381-4da0-8cb7-5579fc9120c7/1762406556342-yrqr18a9fu.webp"", ""beforeImage"": ""https://xyfxwlkyzpqydzqcszeu.supabase.co/storage/v1/object/public/media-library/0f758cf9-b381-4da0-8cb7-5579fc9120c7/1762406560208-h5ao25lra2s.webp""}"
0f758cf9-b381-4da0-8cb7-5579fc9120c7,SSR Autobody (built by Shah),BEFORE_AFTER_SLIDER,Audi Q5 Before and After (Bella's Auto),ff2ec4b8-0ef6-4858-a667-984a52b061d7,True,2026-01-08T23:35:28.767592+00:00,2026-01-08T23:36:24.211+00:00,24715,2026-08-05T03:21:38.734814+00:00,2026-01-08T23:37:20.072+00:00,"{""styles"": {""textColor"": ""#FFFFFF"", ""widthType"": ""percentage"", ""afterLabel"": ""After"", ""fontFamily"": ""poppins"", ""showLabels"": true, ""widthValue"": 100, ""aspectRatio"": ""4:3"", ""beforeLabel"": ""Before"", ""shadowStyle"": ""default"", ""borderRadius"": 24, ""backgroundType"": ""transparent"", ""backgroundColor"": ""#000000"", ""instructionText"": ""Drag to compare"", ""showInstructions"": true, ""startingPosition"": 70, ""customAspectWidth"": 16, ""customAspectHeight"": 9, ""instructionFontSize"": 14, ""labelBackgroundColor"": ""#e42709"", ""preventScrollHijacking"": true}, ""afterImage"": ""https://xyfxwlkyzpqydzqcszeu.supabase.co/storage/v1/object/public/media-library/0f758cf9-b381-4da0-8cb7-5579fc9120c7/1762406556342-yrqr18a9fu.webp"", ""beforeImage"": ""https://xyfxwlkyzpqydzqcszeu.supabase.co/storage/v1/object/public/media-library/0f758cf9-b381-4da0-8cb7-5579fc9120c7/1762406560208-h5ao25lra2s.webp""}"
0f758cf9-b381-4da0-8cb7-5579fc9120c7,SSR Autobody (built by Shah),BEFORE_AFTER_SLIDER,Audi Q5 Before and After (Capital Collision Center),64639751-d839-4a35-8ab1-3faa84070731,True,2026-06-29T21:47:04.239912+00:00,2026-06-29T21:48:50.19+00:00,1888,2026-08-04T23:15:50.682221+00:00,2026-06-29T21:57:37.184+00:00,"{""styles"": {""textColor"": ""#FFFFFF"", ""widthType"": ""percentage"", ""afterLabel"": ""After"", ""fontFamily"": ""poppins"", ""showLabels"": true, ""widthValue"": 100, ""aspectRatio"": ""4:3"", ""beforeLabel"": ""Before"", ""shadowStyle"": ""default"", ""borderRadius"": 24, ""backgroundType"": ""transparent"", ""backgroundColor"": ""#000000"", ""instructionText"": ""Drag to compare"", ""showInstructions"": true, ""startingPosition"": 70, ""customAspectWidth"": 16, ""customAspectHeight"": 9, ""instructionFontSize"": 14, ""labelBackgroundColor"": ""#e42709"", ""preventScrollHijacking"": true}, ""afterImage"": ""https://xyfxwlkyzpqydzqcszeu.supabase.co/storage/v1/object/public/media-library/0f758cf9-b381-4da0-8cb7-5579fc9120c7/1762406556342-yrqr18a9fu.webp"", ""beforeImage"": ""https://xyfxwlkyzpqydzqcszeu.supabase.co/storage/v1/object/public/media-library/0f758cf9-b381-4da0-8cb7-5579fc9120c7/1762406560208-h5ao25lra2s.webp""}"
0f758cf9-b381-4da0-8cb7-5579fc9120c7,SSR Autobody (built by Shah),BEFORE_AFTER_SLIDER,Audi Q5 Before and After (CarStar Denton),72344913-104a-40cb-8e26-45c40ec609b6,True,2026-01-17T01:47:07.801618+00:00,2026-01-17T01:48:10.83+00:00,6334,2026-08-05T08:40:28.832619+00:00,2026-01-17T01:49:24.086+00:00,"{""styles"": {""textColor"": ""#FFFFFF"", ""widthType"": ""percentage"", ""afterLabel"": ""After"", ""fontFamily"": ""poppins"", ""showLabels"": true, ""widthValue"": 100, ""aspectRatio"": ""4:3"", ""beforeLabel"": ""Before"", ""shadowStyle"": ""default"", ""borderRadius"": 24, ""backgroundType"": ""transparent"", ""backgroundColor"": ""#000000"", ""instructionText"": ""Drag to compare"", ""showInstructions"": true, ""startingPosition"": 70, ""customAspectWidth"": 16, ""customAspectHeight"": 9, ""instructionFontSize"": 14, ""labelBackgroundColor"": ""#e42709"", ""preventScrollHijacking"": true}, ""afterImage"": ""https://xyfxwlkyzpqydzqcszeu.supabase.co/storage/v1/object/public/media-library/0f758cf9-b381-4da0-8cb7-5579fc9120c7/1762406556342-yrqr18a9fu.webp"", ""beforeImage"": ""https://xyfxwlkyzpqydzqcszeu.supabase.co/storage/v1/object/public/media-library/0f758cf9-b381-4da0-8cb7-5579fc9120c7/1762406560208-h5ao25lra2s.webp""}"
0f758cf9-b381-4da0-8cb7-5579fc9120c7,SSR Autobody (built by Shah),BEFORE_AFTER_SLIDER,Audi Q5 Before and After (CarVive Auto Collision) Copy,55ac7a98-b571-4148-bdda-aabf6d053a82,True,2026-04-16T02:11:55.422146+00:00,2026-04-16T02:12:27.811+00:00,5897,2026-08-05T09:50:50.383792+00:00,2026-04-16T02:12:15.319+00:00,"{""styles"": {""textColor"": ""#FFFFFF"", ""widthType"": ""percentage"", ""afterLabel"": ""After"", ""fontFamily"": ""poppins"", ""showLabels"": true, ""widthValue"": 100, ""aspectRatio"": ""4:3"", ""beforeLabel"": ""Before"", ""shadowStyle"": ""default"", ""borderRadius"": 24, ""backgroundType"": ""transparent"", ""backgroundColor"": ""#000000"", ""instructionText"": ""Drag to compare"", ""showInstructions"": true, ""startingPosition"": 70, ""customAspectWidth"": 16, ""customAspectHeight"": 9, ""instructionFontSize"": 14, ""labelBackgroundColor"": ""#007bff"", ""preventScrollHijacking"": true}, ""afterImage"": ""https://xyfxwlkyzpqydzqcszeu.supabase.co/storage/v1/object/public/media-library/0f758cf9-b381-4da0-8cb7-5579fc9120c7/1762406556342-yrqr18a9fu.webp"", ""beforeImage"": ""https://xyfxwlkyzpqydzqcszeu.supabase.co/storage/v1/object/public/media-library/0f758cf9-b381-4da0-8cb7-5579fc9120c7/1762406560208-h5ao25lra2s.webp""}"
0f758cf9-b381-4da0-8cb7-5579fc9120c7,SSR Autobody (built by Shah),BEFORE_AFTER_SLIDER,Audi Q5 Before and After (Central Auto Body),1903f9f6-793f-4cf4-8c92-68eb3d580e11,True,2026-05-08T18:30:59.75359+00:00,2026-05-08T18:32:00.908+00:00,4671,2026-08-05T04:52:37.582626+00:00,2026-05-08T18:32:07.063+00:00,"{""styles"": {""textColor"": ""#FFFFFF"", ""widthType"": ""percentage"", ""afterLabel"": ""After"", ""fontFamily"": ""poppins"", ""showLabels"": true, ""widthValue"": 100, ""aspectRatio"": ""4:3"", ""beforeLabel"": ""Before"", ""shadowStyle"": ""default"", ""borderRadius"": 24, ""backgroundType"": ""transparent"", ""backgroundColor"": ""#000000"", ""instructionText"": ""Drag to compare"", ""showInstructions"": true, ""startingPosition"": 70, ""customAspectWidth"": 16, ""customAspectHeight"": 9, ""instructionFontSize"": 14, ""labelBackgroundColor"": ""#007bff"", ""preventScrollHijacking"": true}, ""afterImage"": ""https://xyfxwlkyzpqydzqcszeu.supabase.co/storage/v1/object/public/media-library/0f758cf9-b381-4da0-8cb7-5579fc9120c7/1762406556342-yrqr18a9fu.webp"", ""beforeImage"": ""https://xyfxwlkyzpqydzqcszeu.supabase.co/storage/v1/object/public/media-library/0f758cf9-b381-4da0-8cb7-5579fc9120c7/1762406560208-h5ao25lra2s.webp""}"
0f758cf9-b381-4da0-8cb7-5579fc9120c7,SSR Autobody (built by Shah),BEFORE_AFTER_SLIDER,Audi Q5 Before and After (Chris Auto Body),885f96f8-cf80-450f-8d2d-88b51ce90a62,True,2026-01-21T23:01:45.545068+00:00,2026-01-21T23:03:02.549+00:00,4724,2026-08-05T03:06:14.565828+00:00,2026-01-21T23:04:09.712+00:00,"{""styles"": {""textColor"": ""#FFFFFF"", ""widthType"": ""percentage"", ""afterLabel"": ""After"", ""fontFamily"": ""poppins"", ""showLabels"": true, ""widthValue"": 100, ""aspectRatio"": ""4:3"", ""beforeLabel"": ""Before"", ""shadowStyle"": ""default"", ""borderRadius"": 24, ""backgroundType"": ""transparent"", ""backgroundColor"": ""#000000"", ""instructionText"": ""Drag to compare"", ""showInstructions"": true, ""startingPosition"": 70, ""customAspectWidth"": 16, ""customAspectHeight"": 9, ""instructionFontSize"": 14, ""labelBackgroundColor"": ""#e42709"", ""preventScrollHijacking"": true}, ""afterImage"": ""https://xyfxwlkyzpqydzqcszeu.supabase.co/storage/v1/object/public/media-library/0f758cf9-b381-4da0-8cb7-5579fc9120c7/1762406556342-yrqr18a9fu.webp"", ""beforeImage"": ""https://xyfxwlkyzpqydzqcszeu.supabase.co/storage/v1/object/public/media-library/0f758cf9-b381-4da0-8cb7-5579fc9120c7/1762406560208-h5ao25lra2s.webp""}"
0f758cf9-b381-4da0-8cb7-5579fc9120c7,SSR Autobody (built by Shah),BEFORE_AFTER_SLIDER,Audi Q5 Before and After (Collision Motor Specialist),0daa69b0-eeba-4140-93c4-be82726df90d,True,2026-06-30T19:00:14.275963+00:00,2026-06-30T19:01:18.469+00:00,2994,2026-08-05T00:40:31.415885+00:00,2026-06-30T19:02:28.1+00:00,"{""styles"": {""textColor"": ""#FFFFFF"", ""widthType"": ""percentage"", ""afterLabel"": ""After"", ""fontFamily"": ""poppins"", ""showLabels"": true, ""widthValue"": 100, ""aspectRatio"": ""4:3"", ""beforeLabel"": ""Before"", ""shadowStyle"": ""default"", ""borderRadius"": 24, ""backgroundType"": ""transparent"", ""backgroundColor"": ""#000000"", ""instructionText"": ""Drag to compare"", ""showInstructions"": true, ""startingPosition"": 70, ""customAspectWidth"": 16, ""customAspectHeight"": 9, ""instructionFontSize"": 14, ""labelBackgroundColor"": ""#e42709"", ""preventScrollHijacking"": true}, ""afterImage"": ""https://xyfxwlkyzpqydzqcszeu.supabase.co/storage/v1/object/public/media-library/0f758cf9-b381-4da0-8cb7-5579fc9120c7/1762406556342-yrqr18a9fu.webp"", ""beforeImage"": ""https://xyfxwlkyzpqydzqcszeu.supabase.co/storage/v1/object/public/media-library/0f758cf9-b381-4da0-8cb7-5579fc9120c7/1762406560208-h5ao25lra2s.webp""}"
0f758cf9-b381-4da0-8cb7-5579fc9120c7,SSR Autobody (built by Shah),BEFORE_AFTER_SLIDER,Audi Q5 Before and After (Collision Stop),4b76c4ba-3f18-471f-97cb-3a36236e53fa,True,2025-11-06T21:58:27.021595+00:00,2025-11-10T15:41:00.678+00:00,4180,2026-05-26T04:07:17.473+00:00,2025-11-06T21:58:27.021595+00:00,"{""styles"": {""textColor"": ""#FFFFFF"", ""widthType"": ""percentage"", ""afterLabel"": ""After"", ""fontFamily"": ""poppins"", ""showLabels"": true, ""widthValue"": 100, ""aspectRatio"": ""4:3"", ""beforeLabel"": ""Before"", ""shadowStyle"": ""default"", ""borderRadius"": 24, ""backgroundType"": ""transparent"", ""backgroundColor"": ""#000000"", ""instructionText"": ""Drag to compare"", ""showInstructions"": true, ""startingPosition"": 70, ""customAspectWidth"": 16, ""customAspectHeight"": 9, ""instructionFontSize"": 14, ""labelBackgroundColor"": ""#e42709"", ""preventScrollHijacking"": true}, ""afterImage"": ""https://xyfxwlkyzpqydzqcszeu.supabase.co/storage/v1/object/public/media-library/0f758cf9-b381-4da0-8cb7-5579fc9120c7/1762406556342-yrqr18a9fu.webp"", ""beforeImage"": ""https://xyfxwlkyzpqydzqcszeu.supabase.co/storage/v1/object/public/media-library/0f758cf9-b381-4da0-8cb7-5579fc9120c7/1762406560208-h5ao25lra2s.webp""}"
0f758cf9-b381-4da0-8cb7-5579fc9120c7,SSR Autobody (built by Shah),BEFORE_AFTER_SLIDER,Audi Q5 Before and After (Countdown City Collision),9c548056-f96b-4cfa-bc90-972cfe2c49fb,True,2026-06-03T19:57:30.779709+00:00,2026-06-03T19:58:29.728+00:00,3421,2026-08-05T08:07:34.17983+00:00,2026-06-03T20:06:04.233+00:00,"{""styles"": {""textColor"": ""#FFFFFF"", ""widthType"": ""percentage"", ""afterLabel"": ""After"", ""fontFamily"": ""poppins"", ""showLabels"": true, ""widthValue"": 100, ""aspectRatio"": ""4:3"", ""beforeLabel"": ""Before"", ""shadowStyle"": ""default"", ""borderRadius"": 24, ""backgroundType"": ""transparent"", ""backgroundColor"": ""#000000"", ""instructionText"": ""Drag to compare"", ""showInstructions"": true, ""startingPosition"": 70, ""customAspectWidth"": 16, ""customAspectHeight"": 9, ""instructionFontSize"": 14, ""labelBackgroundColor"": ""#e42709"", ""preventScrollHijacking"": true}, ""afterImage"": ""https://xyfxwlkyzpqydzqcszeu.supabase.co/storage/v1/object/public/media-library/0f758cf9-b381-4da0-8cb7-5579fc9120c7/1762406556342-yrqr18a9fu.webp"", ""beforeImage"": ""https://xyfxwlkyzpqydzqcszeu.supabase.co/storage/v1/object/public/media-library/0f758cf9-b381-4da0-8cb7-5579fc9120c7/1762406560208-h5ao25lra2s.webp""}"
0f758cf9-b381-4da0-8cb7-5579fc9120c7,SSR Autobody (built by Shah),BEFORE_AFTER_SLIDER,Audi Q5 Before and After (Curros) ,60e03bd4-a901-4797-ae7a-36f149688192,True,2025-12-24T23:23:11.830489+00:00,2025-12-24T23:24:13.78+00:00,14587,2026-08-05T09:48:18.856015+00:00,2025-12-24T23:24:52.467+00:00,"{""styles"": {""textColor"": ""#FFFFFF"", ""widthType"": ""percentage"", ""afterLabel"": ""After"", ""fontFamily"": ""poppins"", ""showLabels"": true, ""widthValue"": 100, ""aspectRatio"": ""4:3"", ""beforeLabel"": ""Before"", ""shadowStyle"": ""default"", ""borderRadius"": 24, ""backgroundType"": ""transparent"", ""backgroundColor"": ""#000000"", ""instructionText"": ""Drag to compare"", ""showInstructions"": true, ""startingPosition"": 70, ""customAspectWidth"": 16, ""customAspectHeight"": 9, ""instructionFontSize"": 14, ""labelBackgroundColor"": ""#e42709"", ""preventScrollHijacking"": true}, ""afterImage"": ""https://xyfxwlkyzpqydzqcszeu.supabase.co/storage/v1/object/public/media-library/0f758cf9-b381-4da0-8cb7-5579fc9120c7/1762406556342-yrqr18a9fu.webp"", ""beforeImage"": ""https://xyfxwlkyzpqydzqcszeu.supabase.co/storage/v1/object/public/media-library/0f758cf9-b381-4da0-8cb7-5579fc9120c7/1762406560208-h5ao25lra2s.webp""}"
0f758cf9-b381-4da0-8cb7-5579fc9120c7,SSR Autobody (built by Shah),BEFORE_AFTER_SLIDER,Audi Q5 Before and After (Electrified Collision),79074e6c-4ea9-4d98-95d7-4e6b4109703e,True,2026-06-16T19:11:16.993915+00:00,2026-06-16T19:12:21.54+00:00,2745,2026-08-05T01:32:38.332444+00:00,2026-06-16T19:13:10.308+00:00,"{""styles"": {""textColor"": ""#FFFFFF"", ""widthType"": ""percentage"", ""afterLabel"": ""After"", ""fontFamily"": ""poppins"", ""showLabels"": true, ""widthValue"": 100, ""aspectRatio"": ""4:3"", ""beforeLabel"": ""Before"", ""shadowStyle"": ""default"", ""borderRadius"": 24, ""backgroundType"": ""transparent"", ""backgroundColor"": ""#000000"", ""instructionText"": ""Drag to compare"", ""showInstructions"": true, ""startingPosition"": 70, ""customAspectWidth"": 16, ""customAspectHeight"": 9, ""instructionFontSize"": 14, ""labelBackgroundColor"": ""#007bff"", ""preventScrollHijacking"": true}, ""afterImage"": ""https://xyfxwlkyzpqydzqcszeu.supabase.co/storage/v1/object/public/media-library/0f758cf9-b381-4da0-8cb7-5579fc9120c7/1762406556342-yrqr18a9fu.webp"", ""beforeImage"": ""https://xyfxwlkyzpqydzqcszeu.supabase.co/storage/v1/object/public/media-library/0f758cf9-b381-4da0-8cb7-5579fc9120c7/1762406560208-h5ao25lra2s.webp""}"
0f758cf9-b381-4da0-8cb7-5579fc9120c7,SSR Autobody (built by Shah),BEFORE_AFTER_SLIDER,Audi Q5 Before and After (Elevated Auto & Collision),24df634d-ef53-4660-84f9-68702ecb6f2a,True,2026-06-01T19:51:39.512263+00:00,2026-06-01T19:52:52.229+00:00,3550,2026-08-05T03:25:58.79827+00:00,2026-06-01T19:58:44.839+00:00,"{""styles"": {""textColor"": ""#FFFFFF"", ""widthType"": ""percentage"", ""afterLabel"": ""After"", ""fontFamily"": ""poppins"", ""showLabels"": true, ""widthValue"": 100, ""aspectRatio"": ""4:3"", ""beforeLabel"": ""Before"", ""shadowStyle"": ""default"", ""borderRadius"": 24, ""backgroundType"": ""transparent"", ""backgroundColor"": ""#000000"", ""instructionText"": ""Drag to compare"", ""showInstructions"": true, ""startingPosition"": 70, ""customAspectWidth"": 16, ""customAspectHeight"": 9, ""instructionFontSize"": 14, ""labelBackgroundColor"": ""#e42709"", ""preventScrollHijacking"": true}, ""afterImage"": ""https://xyfxwlkyzpqydzqcszeu.supabase.co/storage/v1/object/public/media-library/0f758cf9-b381-4da0-8cb7-5579fc9120c7/1762406556342-yrqr18a9fu.webp"", ""beforeImage"": ""https://xyfxwlkyzpqydzqcszeu.supabase.co/storage/v1/object/public/media-library/0f758cf9-b381-4da0-8cb7-5579fc9120c7/1762406560208-h5ao25lra2s.webp""}"
0f758cf9-b381-4da0-8cb7-5579fc9120c7,SSR Autobody (built by Shah),BEFORE_AFTER_SLIDER,Audi Q5 Before and After (Elite Auto Collision),8d4db221-8a27-4440-b22b-444b5daa2908,True,2026-07-08T10:50:05.038443+00:00,2026-07-08T10:51:15.757+00:00,1935,2026-08-05T04:29:29.067569+00:00,2026-07-08T10:59:12.744+00:00,"{""styles"": {""textColor"": ""#FFFFFF"", ""widthType"": ""percentage"", ""afterLabel"": ""After"", ""fontFamily"": ""poppins"", ""showLabels"": true, ""widthValue"": 100, ""aspectRatio"": ""4:3"", ""beforeLabel"": ""Before"", ""shadowStyle"": ""default"", ""borderRadius"": 24, ""backgroundType"": ""transparent"", ""backgroundColor"": ""#000000"", ""instructionText"": ""Drag to compare"", ""showInstructions"": true, ""startingPosition"": 70, ""customAspectWidth"": 16, ""customAspectHeight"": 9, ""instructionFontSize"": 14, ""labelBackgroundColor"": ""#e42709"", ""preventScrollHijacking"": true}, ""afterImage"": ""https://xyfxwlkyzpqydzqcszeu.supabase.co/storage/v1/object/public/media-library/0f758cf9-b381-4da0-8cb7-5579fc9120c7/1762406556342-yrqr18a9fu.webp"", ""beforeImage"": ""https://xyfxwlkyzpqydzqcszeu.supabase.co/storage/v1/object/public/media-library/0f758cf9-b381-4da0-8cb7-5579fc9120c7/1762406560208-h5ao25lra2s.webp""}"
0f758cf9-b381-4da0-8cb7-5579fc9120c7,SSR Autobody (built by Shah),BEFORE_AFTER_SLIDER,Audi Q5 Before and After (Elite Body Shop) ,819d001a-ddac-4cdf-8448-2f56fd309b7d,True,2026-05-18T20:42:07.938736+00:00,2026-05-18T20:42:53.722+00:00,4205,2026-08-05T06:51:43.210835+00:00,2026-05-18T21:10:54.609+00:00,"{""styles"": {""textColor"": ""#FFFFFF"", ""widthType"": ""percentage"", ""afterLabel"": ""After"", ""fontFamily"": ""poppins"", ""showLabels"": true, ""widthValue"": 100, ""aspectRatio"": ""4:3"", ""beforeLabel"": ""Before"", ""shadowStyle"": ""default"", ""borderRadius"": 24, ""backgroundType"": ""transparent"", ""backgroundColor"": ""#000000"", ""instructionText"": ""Drag to compare"", ""showInstructions"": true, ""startingPosition"": 70, ""customAspectWidth"": 16, ""customAspectHeight"": 9, ""instructionFontSize"": 14, ""labelBackgroundColor"": ""#e42709"", ""preventScrollHijacking"": true}, ""afterImage"": ""https://xyfxwlkyzpqydzqcszeu.supabase.co/storage/v1/object/public/media-library/0f758cf9-b381-4da0-8cb7-5579fc9120c7/1762406556342-yrqr18a9fu.webp"", ""beforeImage"": ""https://xyfxwlkyzpqydzqcszeu.supabase.co/storage/v1/object/public/media-library/0f758cf9-b381-4da0-8cb7-5579fc9120c7/1762406560208-h5ao25lra2s.webp""}"
0f758cf9-b381-4da0-8cb7-5579fc9120c7,SSR Autobody (built by Shah),BEFORE_AFTER_SLIDER,Audi Q5 Before and After (Erland Auto Body & Repair),fde39883-2566-4e1a-bfb6-3eca65918750,True,2026-06-19T18:48:55.408305+00:00,2026-07-10T17:16:19.319+00:00,3189,2026-08-05T03:10:36.961788+00:00,2026-06-19T18:54:06.037+00:00,"{""styles"": {""textColor"": ""#FFFFFF"", ""widthType"": ""percentage"", ""afterLabel"": ""After"", ""fontFamily"": ""poppins"", ""showLabels"": true, ""widthValue"": 100, ""aspectRatio"": ""4:3"", ""beforeLabel"": ""Before"", ""shadowStyle"": ""default"", ""borderRadius"": 24, ""backgroundType"": ""transparent"", ""backgroundColor"": ""#000000"", ""instructionText"": ""Drag to compare"", ""showInstructions"": true, ""startingPosition"": 70, ""customAspectWidth"": 16, ""customAspectHeight"": 9, ""instructionFontSize"": 14, ""labelBackgroundColor"": ""#e42709"", ""preventScrollHijacking"": true}, ""afterImage"": ""https://xyfxwlkyzpqydzqcszeu.supabase.co/storage/v1/object/public/media-library/0f758cf9-b381-4da0-8cb7-5579fc9120c7/1762406556342-yrqr18a9fu.webp"", ""beforeImage"": ""https://xyfxwlkyzpqydzqcszeu.supabase.co/storage/v1/object/public/media-library/0f758cf9-b381-4da0-8cb7-5579fc9120c7/1762406560208-h5ao25lra2s.webp""}"
0f758cf9-b381-4da0-8cb7-5579fc9120c7,SSR Autobody (built by Shah),BEFORE_AFTER_SLIDER,Audi Q5 Before and After (F & M Automotive),2397bd70-eb21-441e-b438-6766b9e16b47,True,2026-07-08T18:39:20.420131+00:00,2026-07-08T18:50:28.134+00:00,896,2026-08-05T06:07:32.361737+00:00,2026-07-08T18:53:55.714+00:00,"{""styles"": {""textColor"": ""#FFFFFF"", ""widthType"": ""percentage"", ""afterLabel"": ""After"", ""fontFamily"": ""poppins"", ""showLabels"": true, ""widthValue"": 100, ""aspectRatio"": ""4:3"", ""beforeLabel"": ""Before"", ""shadowStyle"": ""default"", ""borderRadius"": 24, ""backgroundType"": ""transparent"", ""backgroundColor"": ""#000000"", ""instructionText"": ""Drag to compare"", ""showInstructions"": true, ""startingPosition"": 70, ""customAspectWidth"": 16, ""customAspectHeight"": 9, ""instructionFontSize"": 14, ""labelBackgroundColor"": ""#007bff"", ""preventScrollHijacking"": true}, ""afterImage"": ""https://xyfxwlkyzpqydzqcszeu.supabase.co/storage/v1/object/public/media-library/0f758cf9-b381-4da0-8cb7-5579fc9120c7/1762406556342-yrqr18a9fu.webp"", ""beforeImage"": ""https://xyfxwlkyzpqydzqcszeu.supabase.co/storage/v1/object/public/media-library/0f758cf9-b381-4da0-8cb7-5579fc9120c7/1762406560208-h5ao25lra2s.webp""}"
0f758cf9-b381-4da0-8cb7-5579fc9120c7,SSR Autobody (built by Shah),BEFORE_AFTER_SLIDER,Audi Q5 Before and After (Flex Auto Body) Copy,0fe118f2-e400-4d42-b4ed-65ec464629a9,True,2026-03-04T03:03:53.040721+00:00,2026-03-04T03:04:30.823+00:00,5715,2026-07-24T13:40:41.765218+00:00,2026-03-04T03:05:39.172+00:00,"{""styles"": {""textColor"": ""#FFFFFF"", ""widthType"": ""percentage"", ""afterLabel"": ""After"", ""fontFamily"": ""poppins"", ""showLabels"": true, ""widthValue"": 100, ""aspectRatio"": ""4:3"", ""beforeLabel"": ""Before"", ""shadowStyle"": ""default"", ""borderRadius"": 24, ""backgroundType"": ""transparent"", ""backgroundColor"": ""#000000"", ""instructionText"": ""Drag to compare"", ""showInstructions"": true, ""startingPosition"": 70, ""customAspectWidth"": 16, ""customAspectHeight"": 9, ""instructionFontSize"": 14, ""labelBackgroundColor"": ""#e42709"", ""preventScrollHijacking"": true}, ""afterImage"": ""https://xyfxwlkyzpqydzqcszeu.supabase.co/storage/v1/object/public/media-library/0f758cf9-b381-4da0-8cb7-5579fc9120c7/1762406556342-yrqr18a9fu.webp"", ""beforeImage"": ""https://xyfxwlkyzpqydzqcszeu.supabase.co/storage/v1/object/public/media-library/0f758cf9-b381-4da0-8cb7-5579fc9120c7/1762406560208-h5ao25lra2s.webp""}"
0f758cf9-b381-4da0-8cb7-5579fc9120c7,SSR Autobody (built by Shah),BEFORE_AFTER_SLIDER,Audi Q5 Before and After (Frankie M's Auto Body),d7c1883c-5e1a-4129-a6ff-8457dfd6431b,True,2026-07-14T18:45:22.2961+00:00,2026-07-14T18:46:45.118+00:00,56,2026-08-04T18:50:54.114444+00:00,2026-07-14T18:57:03.273+00:00,"{""styles"": {""textColor"": ""#FFFFFF"", ""widthType"": ""percentage"", ""afterLabel"": ""After"", ""fontFamily"": ""poppins"", ""showLabels"": true, ""widthValue"": 100, ""aspectRatio"": ""4:3"", ""beforeLabel"": ""Before"", ""shadowStyle"": ""default"", ""borderRadius"": 24, ""backgroundType"": ""transparent"", ""backgroundColor"": ""#000000"", ""instructionText"": ""Drag to compare"", ""showInstructions"": true, ""startingPosition"": 70, ""customAspectWidth"": 16, ""customAspectHeight"": 9, ""instructionFontSize"": 14, ""labelBackgroundColor"": ""#007bff"", ""preventScrollHijacking"": true}, ""afterImage"": ""https://xyfxwlkyzpqydzqcszeu.supabase.co/storage/v1/object/public/media-library/0f758cf9-b381-4da0-8cb7-5579fc9120c7/1762406556342-yrqr18a9fu.webp"", ""beforeImage"": ""https://xyfxwlkyzpqydzqcszeu.supabase.co/storage/v1/object/public/media-library/0f758cf9-b381-4da0-8cb7-5579fc9120c7/1762406560208-h5ao25lra2s.webp""}"
0f758cf9-b381-4da0-8cb7-5579fc9120c7,SSR Autobody (built by Shah),BEFORE_AFTER_SLIDER,Audi Q5 Before and After (Gary's Auto Collision Center),3ac43c0d-4371-4a12-a1e4-20deab68025a,True,2026-07-24T19:52:35.212205+00:00,2026-07-24T19:53:26.424+00:00,52,2026-08-04T18:33:09.537851+00:00,2026-07-24T19:57:14.211+00:00,"{""styles"": {""textColor"": ""#FFFFFF"", ""widthType"": ""percentage"", ""afterLabel"": ""After"", ""fontFamily"": ""poppins"", ""showLabels"": true, ""widthValue"": 100, ""aspectRatio"": ""4:3"", ""beforeLabel"": ""Before"", ""shadowStyle"": ""default"", ""borderRadius"": 24, ""backgroundType"": ""transparent"", ""backgroundColor"": ""#000000"", ""instructionText"": ""Drag to compare"", ""showInstructions"": true, ""startingPosition"": 70, ""customAspectWidth"": 16, ""customAspectHeight"": 9, ""instructionFontSize"": 14, ""labelBackgroundColor"": ""#e42709"", ""preventScrollHijacking"": true}, ""afterImage"": ""https://xyfxwlkyzpqydzqcszeu.supabase.co/storage/v1/object/public/media-library/0f758cf9-b381-4da0-8cb7-5579fc9120c7/1762406556342-yrqr18a9fu.webp"", ""beforeImage"": ""https://xyfxwlkyzpqydzqcszeu.supabase.co/storage/v1/object/public/media-library/0f758cf9-b381-4da0-8cb7-5579fc9120c7/1762406560208-h5ao25lra2s.webp""}"
0f758cf9-b381-4da0-8cb7-5579fc9120c7,SSR Autobody (built by Shah),BEFORE_AFTER_SLIDER,Audi Q5 Before and After (Hyperion Auto Repair),8cf1b290-29e1-4a2e-bc37-8a27a30e6c43,True,2026-07-02T23:18:32.327868+00:00,2026-07-02T23:20:29.782+00:00,2022,2026-08-05T09:21:38.71644+00:00,2026-07-02T23:21:56.107+00:00,"{""styles"": {""textColor"": ""#FFFFFF"", ""widthType"": ""percentage"", ""afterLabel"": ""After"", ""fontFamily"": ""poppins"", ""showLabels"": true, ""widthValue"": 100, ""aspectRatio"": ""4:3"", ""beforeLabel"": ""Before"", ""shadowStyle"": ""default"", ""borderRadius"": 24, ""backgroundType"": ""transparent"", ""backgroundColor"": ""#000000"", ""instructionText"": ""Drag to compare"", ""showInstructions"": true, ""startingPosition"": 70, ""customAspectWidth"": 16, ""customAspectHeight"": 9, ""instructionFontSize"": 14, ""labelBackgroundColor"": ""#007bff"", ""preventScrollHijacking"": true}, ""afterImage"": ""https://xyfxwlkyzpqydzqcszeu.supabase.co/storage/v1/object/public/media-library/0f758cf9-b381-4da0-8cb7-5579fc9120c7/1762406556342-yrqr18a9fu.webp"", ""beforeImage"": ""https://xyfxwlkyzpqydzqcszeu.supabase.co/storage/v1/object/public/media-library/0f758cf9-b381-4da0-8cb7-5579fc9120c7/1762406560208-h5ao25lra2s.webp""}"
0f758cf9-b381-4da0-8cb7-5579fc9120c7,SSR Autobody (built by Shah),BEFORE_AFTER_SLIDER,Audi Q5 Before and After (International Auto),e7a918fd-b0ed-4833-821e-2f79beabf33e,True,2025-12-29T21:08:06.193581+00:00,2025-12-29T21:09:05.552+00:00,669,2026-07-29T20:43:14.139189+00:00,2025-12-29T21:10:21.23+00:00,"{""styles"": {""textColor"": ""#FFFFFF"", ""widthType"": ""percentage"", ""afterLabel"": ""After"", ""fontFamily"": ""poppins"", ""showLabels"": true, ""widthValue"": 100, ""aspectRatio"": ""4:3"", ""beforeLabel"": ""Before"", ""shadowStyle"": ""default"", ""borderRadius"": 24, ""backgroundType"": ""transparent"", ""backgroundColor"": ""#000000"", ""instructionText"": ""Drag to compare"", ""showInstructions"": true, ""startingPosition"": 70, ""customAspectWidth"": 16, ""customAspectHeight"": 9, ""instructionFontSize"": 14, ""labelBackgroundColor"": ""#e42709"", ""preventScrollHijacking"": true}, ""afterImage"": ""https://xyfxwlkyzpqydzqcszeu.supabase.co/storage/v1/object/public/media-library/0f758cf9-b381-4da0-8cb7-5579fc9120c7/1762406556342-yrqr18a9fu.webp"", ""beforeImage"": ""https://xyfxwlkyzpqydzqcszeu.supabase.co/storage/v1/object/public/media-library/0f758cf9-b381-4da0-8cb7-5579fc9120c7/1762406560208-h5ao25lra2s.webp""}"
0f758cf9-b381-4da0-8cb7-5579fc9120c7,SSR Autobody (built by Shah),BEFORE_AFTER_SLIDER,Audi Q5 Before and After (LG Auto Body),2b7224e6-b6f4-413b-9d4f-746b6bc7a06a,True,2026-02-10T00:19:17.950011+00:00,2026-02-10T00:20:32.307+00:00,9532,2026-08-05T08:27:19.301054+00:00,2026-02-10T00:21:32.45+00:00,"{""styles"": {""textColor"": ""#FFFFFF"", ""widthType"": ""percentage"", ""afterLabel"": ""After"", ""fontFamily"": ""poppins"", ""showLabels"": true, ""widthValue"": 100, ""aspectRatio"": ""4:3"", ""beforeLabel"": ""Before"", ""shadowStyle"": ""default"", ""borderRadius"": 24, ""backgroundType"": ""transparent"", ""backgroundColor"": ""#000000"", ""instructionText"": ""Drag to compare"", ""showInstructions"": true, ""startingPosition"": 70, ""customAspectWidth"": 16, ""customAspectHeight"": 9, ""instructionFontSize"": 14, ""labelBackgroundColor"": ""#e42709"", ""preventScrollHijacking"": true}, ""afterImage"": ""https://xyfxwlkyzpqydzqcszeu.supabase.co/storage/v1/object/public/media-library/0f758cf9-b381-4da0-8cb7-5579fc9120c7/1762406556342-yrqr18a9fu.webp"", ""beforeImage"": ""https://xyfxwlkyzpqydzqcszeu.supabase.co/storage/v1/object/public/media-library/0f758cf9-b381-4da0-8cb7-5579fc9120c7/1762406560208-h5ao25lra2s.webp""}"
0f758cf9-b381-4da0-8cb7-5579fc9120c7,SSR Autobody (built by Shah),BEFORE_AFTER_SLIDER,Audi Q5 Before and After (LG AutoBody) Copy,8515b886-35c7-413f-a259-b99baf8b882e,True,2025-11-18T20:38:25.624127+00:00,2025-11-18T20:38:52.479+00:00,17948,2026-08-05T07:57:30.364118+00:00,2025-11-18T20:38:25.624127+00:00,"{""styles"": {""textColor"": ""#FFFFFF"", ""widthType"": ""percentage"", ""afterLabel"": ""After"", ""fontFamily"": ""poppins"", ""showLabels"": true, ""widthValue"": 100, ""aspectRatio"": ""4:3"", ""beforeLabel"": ""Before"", ""shadowStyle"": ""default"", ""borderRadius"": 24, ""backgroundType"": ""transparent"", ""backgroundColor"": ""#000000"", ""instructionText"": ""Drag to compare"", ""showInstructions"": true, ""startingPosition"": 70, ""customAspectWidth"": 16, ""customAspectHeight"": 9, ""instructionFontSize"": 14, ""labelBackgroundColor"": ""#e42709"", ""preventScrollHijacking"": true}, ""afterImage"": ""https://xyfxwlkyzpqydzqcszeu.supabase.co/storage/v1/object/public/media-library/0f758cf9-b381-4da0-8cb7-5579fc9120c7/1762406556342-yrqr18a9fu.webp"", ""beforeImage"": ""https://xyfxwlkyzpqydzqcszeu.supabase.co/storage/v1/object/public/media-library/0f758cf9-b381-4da0-8cb7-5579fc9120c7/1762406560208-h5ao25lra2s.webp""}"
0f758cf9-b381-4da0-8cb7-5579fc9120c7,SSR Autobody (built by Shah),BEFORE_AFTER_SLIDER,Audi Q5 Before and After (Lone Star Auto Body),b39ef4d1-c116-473b-a9c9-a2b6ca6a584b,True,2026-05-26T05:07:46.600518+00:00,2026-05-26T05:08:22.131+00:00,4590,2026-08-05T08:01:22.93877+00:00,2026-05-29T02:30:20.093+00:00,"{""styles"": {""textColor"": ""#FFFFFF"", ""widthType"": ""percentage"", ""afterLabel"": ""After"", ""fontFamily"": ""poppins"", ""showLabels"": true, ""widthValue"": 100, ""aspectRatio"": ""4:3"", ""beforeLabel"": ""Before"", ""shadowStyle"": ""default"", ""borderRadius"": 24, ""backgroundType"": ""transparent"", ""backgroundColor"": ""#000000"", ""instructionText"": ""Drag to compare"", ""showInstructions"": true, ""startingPosition"": 70, ""customAspectWidth"": 16, ""customAspectHeight"": 9, ""instructionFontSize"": 14, ""labelBackgroundColor"": ""#007bff"", ""preventScrollHijacking"": true}, ""afterImage"": ""https://xyfxwlkyzpqydzqcszeu.supabase.co/storage/v1/object/public/media-library/0f758cf9-b381-4da0-8cb7-5579fc9120c7/1762406556342-yrqr18a9fu.webp"", ""beforeImage"": ""https://xyfxwlkyzpqydzqcszeu.supabase.co/storage/v1/object/public/media-library/0f758cf9-b381-4da0-8cb7-5579fc9120c7/1762406560208-h5ao25lra2s.webp""}"
0f758cf9-b381-4da0-8cb7-5579fc9120c7,SSR Autobody (built by Shah),BEFORE_AFTER_SLIDER,Audi Q5 Before and After (Makka Auto Body),3c1fd3e0-035b-4b7f-b458-de615394f8de,True,2026-02-10T22:01:01.372912+00:00,2026-02-10T22:01:52.666+00:00,17000,2026-08-05T07:46:41.356573+00:00,2026-02-10T22:03:00.309+00:00,"{""styles"": {""textColor"": ""#FFFFFF"", ""widthType"": ""percentage"", ""afterLabel"": ""After"", ""fontFamily"": ""poppins"", ""showLabels"": true, ""widthValue"": 100, ""aspectRatio"": ""4:3"", ""beforeLabel"": ""Before"", ""shadowStyle"": ""default"", ""borderRadius"": 24, ""backgroundType"": ""transparent"", ""backgroundColor"": ""#000000"", ""instructionText"": ""Drag to compare"", ""showInstructions"": true, ""startingPosition"": 70, ""customAspectWidth"": 16, ""customAspectHeight"": 9, ""instructionFontSize"": 14, ""labelBackgroundColor"": ""#e42709"", ""preventScrollHijacking"": true}, ""afterImage"": ""https://xyfxwlkyzpqydzqcszeu.supabase.co/storage/v1/object/public/media-library/0f758cf9-b381-4da0-8cb7-5579fc9120c7/1762406556342-yrqr18a9fu.webp"", ""beforeImage"": ""https://xyfxwlkyzpqydzqcszeu.supabase.co/storage/v1/object/public/media-library/0f758cf9-b381-4da0-8cb7-5579fc9120c7/1762406560208-h5ao25lra2s.webp""}"
0f758cf9-b381-4da0-8cb7-5579fc9120c7,SSR Autobody (built by Shah),BEFORE_AFTER_SLIDER,Audi Q5 Before and After (National Auto Collision),baa863ba-d359-483c-824d-c9f655c599f9,True,2026-03-23T22:21:20.531687+00:00,2026-03-23T22:21:57.424+00:00,5100,2026-08-05T07:36:15.991361+00:00,2026-03-23T22:24:01.761+00:00,"{""styles"": {""textColor"": ""#FFFFFF"", ""widthType"": ""percentage"", ""afterLabel"": ""After"", ""fontFamily"": ""poppins"", ""showLabels"": true, ""widthValue"": 100, ""aspectRatio"": ""4:3"", ""beforeLabel"": ""Before"", ""shadowStyle"": ""default"", ""borderRadius"": 24, ""backgroundType"": ""transparent"", ""backgroundColor"": ""#000000"", ""instructionText"": ""Drag to compare"", ""showInstructions"": true, ""startingPosition"": 70, ""customAspectWidth"": 16, ""customAspectHeight"": 9, ""instructionFontSize"": 14, ""labelBackgroundColor"": ""#007bff"", ""preventScrollHijacking"": true}, ""afterImage"": ""https://xyfxwlkyzpqydzqcszeu.supabase.co/storage/v1/object/public/media-library/0f758cf9-b381-4da0-8cb7-5579fc9120c7/1762406556342-yrqr18a9fu.webp"", ""beforeImage"": ""https://xyfxwlkyzpqydzqcszeu.supabase.co/storage/v1/object/public/media-library/0f758cf9-b381-4da0-8cb7-5579fc9120c7/1762406560208-h5ao25lra2s.webp""}"
0f758cf9-b381-4da0-8cb7-5579fc9120c7,SSR Autobody (built by Shah),BEFORE_AFTER_SLIDER,Audi Q5 Before and After (P&C Collision Center),a8d684aa-b29d-450b-9f29-67b6598e4bd1,True,2026-06-15T18:38:50.479019+00:00,2026-06-15T18:42:13.936+00:00,2259,2026-08-04T19:47:48.559921+00:00,2026-06-15T18:45:46.438+00:00,"{""styles"": {""textColor"": ""#FFFFFF"", ""widthType"": ""percentage"", ""afterLabel"": ""After"", ""fontFamily"": ""poppins"", ""showLabels"": true, ""widthValue"": 100, ""aspectRatio"": ""4:3"", ""beforeLabel"": ""Before"", ""shadowStyle"": ""default"", ""borderRadius"": 24, ""backgroundType"": ""transparent"", ""backgroundColor"": ""#000000"", ""instructionText"": ""Drag to compare"", ""showInstructions"": true, ""startingPosition"": 70, ""customAspectWidth"": 16, ""customAspectHeight"": 9, ""instructionFontSize"": 14, ""labelBackgroundColor"": ""#e42709"", ""preventScrollHijacking"": true}, ""afterImage"": ""https://xyfxwlkyzpqydzqcszeu.supabase.co/storage/v1/object/public/media-library/0f758cf9-b381-4da0-8cb7-5579fc9120c7/1762406556342-yrqr18a9fu.webp"", ""beforeImage"": ""https://xyfxwlkyzpqydzqcszeu.supabase.co/storage/v1/object/public/media-library/0f758cf9-b381-4da0-8cb7-5579fc9120c7/1762406560208-h5ao25lra2s.webp""}"
0f758cf9-b381-4da0-8cb7-5579fc9120c7,SSR Autobody (built by Shah),BEFORE_AFTER_SLIDER,Audi Q5 Before and After (Pacific Rims Auto Body Shop),d7057f54-39b7-414d-a7e8-e62ce3611fd2,True,2026-07-23T18:26:16.605714+00:00,2026-07-23T18:27:20.203+00:00,272,2026-08-05T08:38:38.855192+00:00,2026-07-23T18:28:26.221+00:00,"{""styles"": {""textColor"": ""#FFFFFF"", ""widthType"": ""percentage"", ""afterLabel"": ""After"", ""fontFamily"": ""poppins"", ""showLabels"": true, ""widthValue"": 100, ""aspectRatio"": ""4:3"", ""beforeLabel"": ""Before"", ""shadowStyle"": ""default"", ""borderRadius"": 24, ""backgroundType"": ""transparent"", ""backgroundColor"": ""#000000"", ""instructionText"": ""Drag to compare"", ""showInstructions"": true, ""startingPosition"": 70, ""customAspectWidth"": 16, ""customAspectHeight"": 9, ""instructionFontSize"": 14, ""labelBackgroundColor"": ""#007bff"", ""preventScrollHijacking"": true}, ""afterImage"": ""https://xyfxwlkyzpqydzqcszeu.supabase.co/storage/v1/object/public/media-library/0f758cf9-b381-4da0-8cb7-5579fc9120c7/1762406556342-yrqr18a9fu.webp"", ""beforeImage"": ""https://xyfxwlkyzpqydzqcszeu.supabase.co/storage/v1/object/public/media-library/0f758cf9-b381-4da0-8cb7-5579fc9120c7/1762406560208-h5ao25lra2s.webp""}"
0f758cf9-b381-4da0-8cb7-5579fc9120c7,SSR Autobody (built by Shah),BEFORE_AFTER_SLIDER,Audi Q5 Before and After (Pazi Performance),f04fad9f-cbed-4445-9f33-88f826adc722,True,2026-07-13T19:06:47.52083+00:00,2026-07-13T19:08:02.281+00:00,937,2026-08-05T09:27:50.998579+00:00,2026-07-13T19:10:56.308+00:00,"{""styles"": {""textColor"": ""#FFFFFF"", ""widthType"": ""percentage"", ""afterLabel"": ""After"", ""fontFamily"": ""poppins"", ""showLabels"": true, ""widthValue"": 100, ""aspectRatio"": ""4:3"", ""beforeLabel"": ""Before"", ""shadowStyle"": ""default"", ""borderRadius"": 24, ""backgroundType"": ""transparent"", ""backgroundColor"": ""#000000"", ""instructionText"": ""Drag to compare"", ""showInstructions"": true, ""startingPosition"": 70, ""customAspectWidth"": 16, ""customAspectHeight"": 9, ""instructionFontSize"": 14, ""labelBackgroundColor"": ""#007bff"", ""preventScrollHijacking"": true}, ""afterImage"": ""https://xyfxwlkyzpqydzqcszeu.supabase.co/storage/v1/object/public/media-library/0f758cf9-b381-4da0-8cb7-5579fc9120c7/1762406556342-yrqr18a9fu.webp"", ""beforeImage"": ""https://xyfxwlkyzpqydzqcszeu.supabase.co/storage/v1/object/public/media-library/0f758cf9-b381-4da0-8cb7-5579fc9120c7/1762406560208-h5ao25lra2s.webp""}"
0f758cf9-b381-4da0-8cb7-5579fc9120c7,SSR Autobody (built by Shah),BEFORE_AFTER_SLIDER,Audi Q5 Before and After (Pit Stop Auto Collision),ec2002f0-9620-4e9f-a9e0-00ac3eb20bb3,True,2026-03-24T21:56:41.083399+00:00,2026-03-24T21:57:23.605+00:00,11509,2026-08-05T06:59:10.905038+00:00,2026-03-24T21:58:33.038+00:00,"{""styles"": {""textColor"": ""#FFFFFF"", ""widthType"": ""percentage"", ""afterLabel"": ""After"", ""fontFamily"": ""poppins"", ""showLabels"": true, ""widthValue"": 100, ""aspectRatio"": ""4:3"", ""beforeLabel"": ""Before"", ""shadowStyle"": ""default"", ""borderRadius"": 24, ""backgroundType"": ""transparent"", ""backgroundColor"": ""#000000"", ""instructionText"": ""Drag to compare"", ""showInstructions"": true, ""startingPosition"": 70, ""customAspectWidth"": 16, ""customAspectHeight"": 9, ""instructionFontSize"": 14, ""labelBackgroundColor"": ""#e42709"", ""preventScrollHijacking"": true}, ""afterImage"": ""https://xyfxwlkyzpqydzqcszeu.supabase.co/storage/v1/object/public/media-library/0f758cf9-b381-4da0-8cb7-5579fc9120c7/1762406556342-yrqr18a9fu.webp"", ""beforeImage"": ""https://xyfxwlkyzpqydzqcszeu.supabase.co/storage/v1/object/public/media-library/0f758cf9-b381-4da0-8cb7-5579fc9120c7/1762406560208-h5ao25lra2s.webp""}"
0f758cf9-b381-4da0-8cb7-5579fc9120c7,SSR Autobody (built by Shah),BEFORE_AFTER_SLIDER,Audi Q5 Before and After (Platinum Auto Collision),29f3dbf6-1d1d-498d-8ef6-93acbe797ade,True,2026-07-21T17:32:36.396742+00:00,2026-07-21T17:33:36.212+00:00,64,2026-08-04T18:55:10.759469+00:00,2026-07-21T17:39:17.842+00:00,"{""styles"": {""textColor"": ""#FFFFFF"", ""widthType"": ""percentage"", ""afterLabel"": ""After"", ""fontFamily"": ""poppins"", ""showLabels"": true, ""widthValue"": 100, ""aspectRatio"": ""4:3"", ""beforeLabel"": ""Before"", ""shadowStyle"": ""default"", ""borderRadius"": 24, ""backgroundType"": ""transparent"", ""backgroundColor"": ""#000000"", ""instructionText"": ""Drag to compare"", ""showInstructions"": true, ""startingPosition"": 70, ""customAspectWidth"": 16, ""customAspectHeight"": 9, ""instructionFontSize"": 14, ""labelBackgroundColor"": ""#e42709"", ""preventScrollHijacking"": true}, ""afterImage"": ""https://xyfxwlkyzpqydzqcszeu.supabase.co/storage/v1/object/public/media-library/0f758cf9-b381-4da0-8cb7-5579fc9120c7/1762406556342-yrqr18a9fu.webp"", ""beforeImage"": ""https://xyfxwlkyzpqydzqcszeu.supabase.co/storage/v1/object/public/media-library/0f758cf9-b381-4da0-8cb7-5579fc9120c7/1762406560208-h5ao25lra2s.webp""}"
0f758cf9-b381-4da0-8cb7-5579fc9120c7,SSR Autobody (built by Shah),BEFORE_AFTER_SLIDER,Audi Q5 Before and After (Pompano Auto Service),2ca83d22-6e9d-49de-8bb6-b3a9f10e6a66,True,2026-06-02T19:36:06.192596+00:00,2026-06-02T19:36:48.516+00:00,2676,2026-08-05T07:05:51.515034+00:00,2026-06-02T19:41:09.96+00:00,"{""styles"": {""textColor"": ""#FFFFFF"", ""widthType"": ""percentage"", ""afterLabel"": ""After"", ""fontFamily"": ""poppins"", ""showLabels"": true, ""widthValue"": 100, ""aspectRatio"": ""4:3"", ""beforeLabel"": ""Before"", ""shadowStyle"": ""default"", ""borderRadius"": 24, ""backgroundType"": ""transparent"", ""backgroundColor"": ""#000000"", ""instructionText"": ""Drag to compare"", ""showInstructions"": true, ""startingPosition"": 70, ""customAspectWidth"": 16, ""customAspectHeight"": 9, ""instructionFontSize"": 14, ""labelBackgroundColor"": ""#007bff"", ""preventScrollHijacking"": true}, ""afterImage"": ""https://xyfxwlkyzpqydzqcszeu.supabase.co/storage/v1/object/public/media-library/0f758cf9-b381-4da0-8cb7-5579fc9120c7/1762406556342-yrqr18a9fu.webp"", ""beforeImage"": ""https://xyfxwlkyzpqydzqcszeu.supabase.co/storage/v1/object/public/media-library/0f758cf9-b381-4da0-8cb7-5579fc9120c7/1762406560208-h5ao25lra2s.webp""}"
0f758cf9-b381-4da0-8cb7-5579fc9120c7,SSR Autobody (built by Shah),BEFORE_AFTER_SLIDER,Audi Q5 Before and After (Premier Auto Collision),29b62063-bca9-4957-9ed4-028812c04068,True,2026-07-16T18:44:49.618629+00:00,2026-07-16T18:46:06.318+00:00,44,2026-08-04T19:39:08.441447+00:00,2026-07-16T18:48:32.303+00:00,"{""styles"": {""textColor"": ""#FFFFFF"", ""widthType"": ""percentage"", ""afterLabel"": ""After"", ""fontFamily"": ""poppins"", ""showLabels"": true, ""widthValue"": 100, ""aspectRatio"": ""4:3"", ""beforeLabel"": ""Before"", ""shadowStyle"": ""default"", ""borderRadius"": 24, ""backgroundType"": ""transparent"", ""backgroundColor"": ""#000000"", ""instructionText"": ""Drag to compare"", ""showInstructions"": true, ""startingPosition"": 70, ""customAspectWidth"": 16, ""customAspectHeight"": 9, ""instructionFontSize"": 14, ""labelBackgroundColor"": ""#007bff"", ""preventScrollHijacking"": true}, ""afterImage"": ""https://xyfxwlkyzpqydzqcszeu.supabase.co/storage/v1/object/public/media-library/0f758cf9-b381-4da0-8cb7-5579fc9120c7/1762406556342-yrqr18a9fu.webp"", ""beforeImage"": ""https://xyfxwlkyzpqydzqcszeu.supabase.co/storage/v1/object/public/media-library/0f758cf9-b381-4da0-8cb7-5579fc9120c7/1762406560208-h5ao25lra2s.webp""}"
0f758cf9-b381-4da0-8cb7-5579fc9120c7,SSR Autobody (built by Shah),BEFORE_AFTER_SLIDER,Audi Q5 Before and After (Premier Autobody & Frame),60d0f334-c621-42c2-87ef-22528d103db3,True,2026-06-17T19:23:11.553523+00:00,2026-06-17T19:23:58.125+00:00,2798,2026-08-05T08:52:37.829215+00:00,2026-06-17T19:26:30.836+00:00,"{""styles"": {""textColor"": ""#FFFFFF"", ""widthType"": ""percentage"", ""afterLabel"": ""After"", ""fontFamily"": ""poppins"", ""showLabels"": true, ""widthValue"": 100, ""aspectRatio"": ""4:3"", ""beforeLabel"": ""Before"", ""shadowStyle"": ""default"", ""borderRadius"": 24, ""backgroundType"": ""transparent"", ""backgroundColor"": ""#000000"", ""instructionText"": ""Drag to compare"", ""showInstructions"": true, ""startingPosition"": 70, ""customAspectWidth"": 16, ""customAspectHeight"": 9, ""instructionFontSize"": 14, ""labelBackgroundColor"": ""#007bff"", ""preventScrollHijacking"": true}, ""afterImage"": ""https://xyfxwlkyzpqydzqcszeu.supabase.co/storage/v1/object/public/media-library/0f758cf9-b381-4da0-8cb7-5579fc9120c7/1762406556342-yrqr18a9fu.webp"", ""beforeImage"": ""https://xyfxwlkyzpqydzqcszeu.supabase.co/storage/v1/object/public/media-library/0f758cf9-b381-4da0-8cb7-5579fc9120c7/1762406560208-h5ao25lra2s.webp""}"
0f758cf9-b381-4da0-8cb7-5579fc9120c7,SSR Autobody (built by Shah),BEFORE_AFTER_SLIDER,Audi Q5 Before and After (Primes Auto Service),75ea33e9-71de-4137-bb19-190ee87d2a99,True,2026-07-09T19:12:55.963776+00:00,2026-07-09T19:14:15.824+00:00,2364,2026-08-05T08:55:54.78815+00:00,2026-07-09T19:19:10.414+00:00,"{""styles"": {""textColor"": ""#FFFFFF"", ""widthType"": ""percentage"", ""afterLabel"": ""After"", ""fontFamily"": ""poppins"", ""showLabels"": true, ""widthValue"": 100, ""aspectRatio"": ""4:3"", ""beforeLabel"": ""Before"", ""shadowStyle"": ""default"", ""borderRadius"": 24, ""backgroundType"": ""transparent"", ""backgroundColor"": ""#000000"", ""instructionText"": ""Drag to compare"", ""showInstructions"": true, ""startingPosition"": 70, ""customAspectWidth"": 16, ""customAspectHeight"": 9, ""instructionFontSize"": 14, ""labelBackgroundColor"": ""#e42709"", ""preventScrollHijacking"": true}, ""afterImage"": ""https://xyfxwlkyzpqydzqcszeu.supabase.co/storage/v1/object/public/media-library/0f758cf9-b381-4da0-8cb7-5579fc9120c7/1762406556342-yrqr18a9fu.webp"", ""beforeImage"": ""https://xyfxwlkyzpqydzqcszeu.supabase.co/storage/v1/object/public/media-library/0f758cf9-b381-4da0-8cb7-5579fc9120c7/1762406560208-h5ao25lra2s.webp""}"
0f758cf9-b381-4da0-8cb7-5579fc9120c7,SSR Autobody (built by Shah),BEFORE_AFTER_SLIDER,Audi Q5 Before and After (Pro Color Collision),e6c33e3d-8f77-4334-9f5e-3c311104e68f,True,2025-12-26T20:32:33.664082+00:00,2025-12-26T20:33:39.055+00:00,6816,2026-08-04T22:54:39.067643+00:00,2025-12-26T20:34:46.943+00:00,"{""styles"": {""textColor"": ""#FFFFFF"", ""widthType"": ""percentage"", ""afterLabel"": ""After"", ""fontFamily"": ""poppins"", ""showLabels"": true, ""widthValue"": 100, ""aspectRatio"": ""4:3"", ""beforeLabel"": ""Before"", ""shadowStyle"": ""default"", ""borderRadius"": 24, ""backgroundType"": ""transparent"", ""backgroundColor"": ""#000000"", ""instructionText"": ""Drag to compare"", ""showInstructions"": true, ""startingPosition"": 70, ""customAspectWidth"": 16, ""customAspectHeight"": 9, ""instructionFontSize"": 14, ""labelBackgroundColor"": ""#e42709"", ""preventScrollHijacking"": true}, ""afterImage"": ""https://xyfxwlkyzpqydzqcszeu.supabase.co/storage/v1/object/public/media-library/0f758cf9-b381-4da0-8cb7-5579fc9120c7/1762406556342-yrqr18a9fu.webp"", ""beforeImage"": ""https://xyfxwlkyzpqydzqcszeu.supabase.co/storage/v1/object/public/media-library/0f758cf9-b381-4da0-8cb7-5579fc9120c7/1762406560208-h5ao25lra2s.webp""}"
0f758cf9-b381-4da0-8cb7-5579fc9120c7,SSR Autobody (built by Shah),BEFORE_AFTER_SLIDER,Audi Q5 Before and After (Relux Collision),32e5e194-d090-4f43-a2ea-8585880a74bc,True,2026-07-20T18:50:29.64137+00:00,2026-07-20T18:51:16.461+00:00,916,2026-08-05T09:12:40.525898+00:00,2026-07-20T18:53:30.476+00:00,"{""styles"": {""textColor"": ""#FFFFFF"", ""widthType"": ""percentage"", ""afterLabel"": ""After"", ""fontFamily"": ""poppins"", ""showLabels"": true, ""widthValue"": 100, ""aspectRatio"": ""4:3"", ""beforeLabel"": ""Before"", ""shadowStyle"": ""default"", ""borderRadius"": 24, ""backgroundType"": ""transparent"", ""backgroundColor"": ""#000000"", ""instructionText"": ""Drag to compare"", ""showInstructions"": true, ""startingPosition"": 70, ""customAspectWidth"": 16, ""customAspectHeight"": 9, ""instructionFontSize"": 14, ""labelBackgroundColor"": ""#007bff"", ""preventScrollHijacking"": true}, ""afterImage"": ""https://xyfxwlkyzpqydzqcszeu.supabase.co/storage/v1/object/public/media-library/0f758cf9-b381-4da0-8cb7-5579fc9120c7/1762406556342-yrqr18a9fu.webp"", ""beforeImage"": ""https://xyfxwlkyzpqydzqcszeu.supabase.co/storage/v1/object/public/media-library/0f758cf9-b381-4da0-8cb7-5579fc9120c7/1762406560208-h5ao25lra2s.webp""}"
0f758cf9-b381-4da0-8cb7-5579fc9120c7,SSR Autobody (built by Shah),BEFORE_AFTER_SLIDER,Audi Q5 Before and After (Rickenbaugh Collision Center),35a2cb88-2905-41d2-8d08-906e0a6bad35,True,2026-06-04T19:42:14.236393+00:00,2026-06-04T19:42:47.277+00:00,4043,2026-08-05T06:20:46.121653+00:00,2026-06-04T19:47:07.525+00:00,"{""styles"": {""textColor"": ""#FFFFFF"", ""widthType"": ""percentage"", ""afterLabel"": ""After"", ""fontFamily"": ""poppins"", ""showLabels"": true, ""widthValue"": 100, ""aspectRatio"": ""4:3"", ""beforeLabel"": ""Before"", ""shadowStyle"": ""default"", ""borderRadius"": 24, ""backgroundType"": ""transparent"", ""backgroundColor"": ""#000000"", ""instructionText"": ""Drag to compare"", ""showInstructions"": true, ""startingPosition"": 70, ""customAspectWidth"": 16, ""customAspectHeight"": 9, ""instructionFontSize"": 14, ""labelBackgroundColor"": ""#e42709"", ""preventScrollHijacking"": true}, ""afterImage"": ""https://xyfxwlkyzpqydzqcszeu.supabase.co/storage/v1/object/public/media-library/0f758cf9-b381-4da0-8cb7-5579fc9120c7/1762406556342-yrqr18a9fu.webp"", ""beforeImage"": ""https://xyfxwlkyzpqydzqcszeu.supabase.co/storage/v1/object/public/media-library/0f758cf9-b381-4da0-8cb7-5579fc9120c7/1762406560208-h5ao25lra2s.webp""}"
0f758cf9-b381-4da0-8cb7-5579fc9120c7,SSR Autobody (built by Shah),BEFORE_AFTER_SLIDER,Audi Q5 Before and After (Royal Auto Body & Repair Center),68ae9b4b-ab48-450c-9470-4b40815b75eb,True,2026-06-09T20:59:25.885122+00:00,2026-06-09T21:02:17.174+00:00,3500,2026-08-05T08:45:52.011934+00:00,2026-06-10T16:52:04.13+00:00,"{""styles"": {""textColor"": ""#FFFFFF"", ""widthType"": ""percentage"", ""afterLabel"": ""After"", ""fontFamily"": ""poppins"", ""showLabels"": true, ""widthValue"": 100, ""aspectRatio"": ""4:3"", ""beforeLabel"": ""Before"", ""shadowStyle"": ""default"", ""borderRadius"": 24, ""backgroundType"": ""transparent"", ""backgroundColor"": ""#000000"", ""instructionText"": ""Drag to compare"", ""showInstructions"": true, ""startingPosition"": 70, ""customAspectWidth"": 16, ""customAspectHeight"": 9, ""instructionFontSize"": 14, ""labelBackgroundColor"": ""#e42709"", ""preventScrollHijacking"": true}, ""afterImage"": ""https://xyfxwlkyzpqydzqcszeu.supabase.co/storage/v1/object/public/media-library/0f758cf9-b381-4da0-8cb7-5579fc9120c7/1762406556342-yrqr18a9fu.webp"", ""beforeImage"": ""https://xyfxwlkyzpqydzqcszeu.supabase.co/storage/v1/object/public/media-library/0f758cf9-b381-4da0-8cb7-5579fc9120c7/1762406560208-h5ao25lra2s.webp""}"
0f758cf9-b381-4da0-8cb7-5579fc9120c7,SSR Autobody (built by Shah),BEFORE_AFTER_SLIDER,Audi Q5 Before and After (SSR Autobody),e046ff34-d64a-4137-9d36-64ce75113854,True,2025-10-28T15:17:45.089902+00:00,2025-11-10T15:42:34.82+00:00,11890,2026-08-05T07:20:21.10622+00:00,2025-10-28T15:17:45.089902+00:00,"{""styles"": {""textColor"": ""#FFFFFF"", ""widthType"": ""percentage"", ""afterLabel"": ""After"", ""fontFamily"": ""poppins"", ""showLabels"": true, ""widthValue"": 100, ""aspectRatio"": ""4:3"", ""beforeLabel"": ""Before"", ""shadowStyle"": ""default"", ""borderRadius"": 24, ""backgroundType"": ""transparent"", ""backgroundColor"": ""#000000"", ""instructionText"": ""Drag to compare"", ""showInstructions"": true, ""startingPosition"": 70, ""customAspectWidth"": 16, ""customAspectHeight"": 9, ""instructionFontSize"": 14, ""labelBackgroundColor"": ""#e42709"", ""preventScrollHijacking"": true}, ""afterImage"": ""https://xyfxwlkyzpqydzqcszeu.supabase.co/storage/v1/object/public/media-library/0f758cf9-b381-4da0-8cb7-5579fc9120c7/1761664646279-nzl6x052tm.webp"", ""beforeImage"": ""https://xyfxwlkyzpqydzqcszeu.supabase.co/storage/v1/object/public/media-library/0f758cf9-b381-4da0-8cb7-5579fc9120c7/1761664639727-0wyyf5j23s7h.webp""}"
0f758cf9-b381-4da0-8cb7-5579fc9120c7,SSR Autobody (built by Shah),BEFORE_AFTER_SLIDER,Audi Q5 Before and After (San Leandro Auto Body),2e220393-bdd6-4850-8bd0-c858877ed866,True,2026-02-04T01:44:51.648903+00:00,2026-02-04T01:45:37.597+00:00,11003,2026-08-05T09:13:45.610533+00:00,2026-02-04T01:46:09.32+00:00,"{""styles"": {""textColor"": ""#FFFFFF"", ""widthType"": ""percentage"", ""afterLabel"": ""After"", ""fontFamily"": ""poppins"", ""showLabels"": true, ""widthValue"": 100, ""aspectRatio"": ""4:3"", ""beforeLabel"": ""Before"", ""shadowStyle"": ""default"", ""borderRadius"": 24, ""backgroundType"": ""transparent"", ""backgroundColor"": ""#000000"", ""instructionText"": ""Drag to compare"", ""showInstructions"": true, ""startingPosition"": 70, ""customAspectWidth"": 16, ""customAspectHeight"": 9, ""instructionFontSize"": 14, ""labelBackgroundColor"": ""#e42709"", ""preventScrollHijacking"": true}, ""afterImage"": ""https://xyfxwlkyzpqydzqcszeu.supabase.co/storage/v1/object/public/media-library/0f758cf9-b381-4da0-8cb7-5579fc9120c7/1762406556342-yrqr18a9fu.webp"", ""beforeImage"": ""https://xyfxwlkyzpqydzqcszeu.supabase.co/storage/v1/object/public/media-library/0f758cf9-b381-4da0-8cb7-5579fc9120c7/1762406560208-h5ao25lra2s.webp""}"
0f758cf9-b381-4da0-8cb7-5579fc9120c7,SSR Autobody (built by Shah),BEFORE_AFTER_SLIDER,Audi Q5 Before and After (Santa Fe Collsion) Copy,f5350df9-6f87-4cd5-88ec-484b66e91c04,True,2025-11-24T23:43:15.731085+00:00,2025-11-24T23:43:49.177+00:00,11179,2026-08-05T08:35:31.901281+00:00,2025-11-24T23:43:15.731085+00:00,"{""styles"": {""textColor"": ""#FFFFFF"", ""widthType"": ""percentage"", ""afterLabel"": ""After"", ""fontFamily"": ""poppins"", ""showLabels"": true, ""widthValue"": 100, ""aspectRatio"": ""4:3"", ""beforeLabel"": ""Before"", ""shadowStyle"": ""default"", ""borderRadius"": 24, ""backgroundType"": ""transparent"", ""backgroundColor"": ""#000000"", ""instructionText"": ""Drag to compare"", ""showInstructions"": true, ""startingPosition"": 70, ""customAspectWidth"": 16, ""customAspectHeight"": 9, ""instructionFontSize"": 14, ""labelBackgroundColor"": ""#007bff"", ""preventScrollHijacking"": true}, ""afterImage"": ""https://xyfxwlkyzpqydzqcszeu.supabase.co/storage/v1/object/public/media-library/0f758cf9-b381-4da0-8cb7-5579fc9120c7/1762406556342-yrqr18a9fu.webp"", ""beforeImage"": ""https://xyfxwlkyzpqydzqcszeu.supabase.co/storage/v1/object/public/media-library/0f758cf9-b381-4da0-8cb7-5579fc9120c7/1762406560208-h5ao25lra2s.webp""}"
0f758cf9-b381-4da0-8cb7-5579fc9120c7,SSR Autobody (built by Shah),BEFORE_AFTER_SLIDER,Audi Q5 Before and After (Secret Collision Center),eb5982e3-70d7-4411-be1e-1450ef9ea926,True,2026-06-12T18:13:55.302879+00:00,2026-06-12T18:15:35.806+00:00,2350,2026-08-05T05:25:29.547927+00:00,2026-06-12T18:16:31.075+00:00,"{""styles"": {""textColor"": ""#FFFFFF"", ""widthType"": ""percentage"", ""afterLabel"": ""After"", ""fontFamily"": ""poppins"", ""showLabels"": true, ""widthValue"": 100, ""aspectRatio"": ""4:3"", ""beforeLabel"": ""Before"", ""shadowStyle"": ""default"", ""borderRadius"": 24, ""backgroundType"": ""transparent"", ""backgroundColor"": ""#000000"", ""instructionText"": ""Drag to compare"", ""showInstructions"": true, ""startingPosition"": 70, ""customAspectWidth"": 16, ""customAspectHeight"": 9, ""instructionFontSize"": 14, ""labelBackgroundColor"": ""#e42709"", ""preventScrollHijacking"": true}, ""afterImage"": ""https://xyfxwlkyzpqydzqcszeu.supabase.co/storage/v1/object/public/media-library/0f758cf9-b381-4da0-8cb7-5579fc9120c7/1762406556342-yrqr18a9fu.webp"", ""beforeImage"": ""https://xyfxwlkyzpqydzqcszeu.supabase.co/storage/v1/object/public/media-library/0f758cf9-b381-4da0-8cb7-5579fc9120c7/1762406560208-h5ao25lra2s.webp""}"
0f758cf9-b381-4da0-8cb7-5579fc9120c7,SSR Autobody (built by Shah),BEFORE_AFTER_SLIDER,Audi Q5 Before and After (Sin City Collision Center),dd6b1c0b-ec78-4ac8-8524-755e2a7b01b7,True,2026-07-15T18:33:51.500721+00:00,2026-07-15T18:35:18.831+00:00,794,2026-08-05T09:26:55.394616+00:00,2026-07-15T18:37:06.006+00:00,"{""styles"": {""textColor"": ""#FFFFFF"", ""widthType"": ""percentage"", ""afterLabel"": ""After"", ""fontFamily"": ""poppins"", ""showLabels"": true, ""widthValue"": 100, ""aspectRatio"": ""4:3"", ""beforeLabel"": ""Before"", ""shadowStyle"": ""default"", ""borderRadius"": 24, ""backgroundType"": ""transparent"", ""backgroundColor"": ""#000000"", ""instructionText"": ""Drag to compare"", ""showInstructions"": true, ""startingPosition"": 70, ""customAspectWidth"": 16, ""customAspectHeight"": 9, ""instructionFontSize"": 14, ""labelBackgroundColor"": ""#e42709"", ""preventScrollHijacking"": true}, ""afterImage"": ""https://xyfxwlkyzpqydzqcszeu.supabase.co/storage/v1/object/public/media-library/0f758cf9-b381-4da0-8cb7-5579fc9120c7/1762406556342-yrqr18a9fu.webp"", ""beforeImage"": ""https://xyfxwlkyzpqydzqcszeu.supabase.co/storage/v1/object/public/media-library/0f758cf9-b381-4da0-8cb7-5579fc9120c7/1762406560208-h5ao25lra2s.webp""}"
0f758cf9-b381-4da0-8cb7-5579fc9120c7,SSR Autobody (built by Shah),BEFORE_AFTER_SLIDER,Audi Q5 Before and After (Sonoma Auto Center),0ddedd25-ad29-46ae-b963-9d95a4fd03d4,True,2026-04-13T23:45:11.890332+00:00,2026-04-13T23:45:52.285+00:00,3822,2026-08-05T08:37:11.918276+00:00,2026-04-13T23:46:59.605+00:00,"{""styles"": {""textColor"": ""#FFFFFF"", ""widthType"": ""percentage"", ""afterLabel"": ""After"", ""fontFamily"": ""poppins"", ""showLabels"": true, ""widthValue"": 100, ""aspectRatio"": ""4:3"", ""beforeLabel"": ""Before"", ""shadowStyle"": ""default"", ""borderRadius"": 24, ""backgroundType"": ""transparent"", ""backgroundColor"": ""#000000"", ""instructionText"": ""Drag to compare"", ""showInstructions"": true, ""startingPosition"": 70, ""customAspectWidth"": 16, ""customAspectHeight"": 9, ""instructionFontSize"": 14, ""labelBackgroundColor"": ""#e42709"", ""preventScrollHijacking"": true}, ""afterImage"": ""https://xyfxwlkyzpqydzqcszeu.supabase.co/storage/v1/object/public/media-library/0f758cf9-b381-4da0-8cb7-5579fc9120c7/1762406556342-yrqr18a9fu.webp"", ""beforeImage"": ""https://xyfxwlkyzpqydzqcszeu.supabase.co/storage/v1/object/public/media-library/0f758cf9-b381-4da0-8cb7-5579fc9120c7/1762406560208-h5ao25lra2s.webp""}"
0f758cf9-b381-4da0-8cb7-5579fc9120c7,SSR Autobody (built by Shah),BEFORE_AFTER_SLIDER,Audi Q5 Before and After (South Bay Auto Collision),5b135c9c-19b1-43f3-826b-c0bbabaf6170,True,2026-05-20T18:03:48.949473+00:00,2026-05-20T18:05:03.221+00:00,4274,2026-08-05T08:50:36.549248+00:00,2026-05-20T20:05:36.7+00:00,"{""styles"": {""textColor"": ""#FFFFFF"", ""widthType"": ""percentage"", ""afterLabel"": ""After"", ""fontFamily"": ""poppins"", ""showLabels"": true, ""widthValue"": 100, ""aspectRatio"": ""4:3"", ""beforeLabel"": ""Before"", ""shadowStyle"": ""default"", ""borderRadius"": 24, ""backgroundType"": ""transparent"", ""backgroundColor"": ""#000000"", ""instructionText"": ""Drag to compare"", ""showInstructions"": true, ""startingPosition"": 70, ""customAspectWidth"": 16, ""customAspectHeight"": 9, ""instructionFontSize"": 14, ""labelBackgroundColor"": ""#e42709"", ""preventScrollHijacking"": true}, ""afterImage"": ""https://xyfxwlkyzpqydzqcszeu.supabase.co/storage/v1/object/public/media-library/0f758cf9-b381-4da0-8cb7-5579fc9120c7/1762406556342-yrqr18a9fu.webp"", ""beforeImage"": ""https://xyfxwlkyzpqydzqcszeu.supabase.co/storage/v1/object/public/media-library/0f758cf9-b381-4da0-8cb7-5579fc9120c7/1762406560208-h5ao25lra2s.webp""}"
0f758cf9-b381-4da0-8cb7-5579fc9120c7,SSR Autobody (built by Shah),BEFORE_AFTER_SLIDER,Audi Q5 Before and After (Steel Autobody),6deed2e2-f38b-4777-9c30-d55f6b798e94,True,2025-11-18T03:32:31.999656+00:00,2025-11-18T03:33:08.669+00:00,382,2025-12-20T04:44:07.967+00:00,2025-11-18T03:32:31.999656+00:00,"{""styles"": {""textColor"": ""#FFFFFF"", ""widthType"": ""percentage"", ""afterLabel"": ""After"", ""fontFamily"": ""poppins"", ""showLabels"": true, ""widthValue"": 100, ""aspectRatio"": ""4:3"", ""beforeLabel"": ""Before"", ""shadowStyle"": ""default"", ""borderRadius"": 24, ""backgroundType"": ""transparent"", ""backgroundColor"": ""#000000"", ""instructionText"": ""Drag to compare"", ""showInstructions"": true, ""startingPosition"": 70, ""customAspectWidth"": 16, ""customAspectHeight"": 9, ""instructionFontSize"": 14, ""labelBackgroundColor"": ""#007bff"", ""preventScrollHijacking"": true}, ""afterImage"": ""https://xyfxwlkyzpqydzqcszeu.supabase.co/storage/v1/object/public/media-library/0f758cf9-b381-4da0-8cb7-5579fc9120c7/1762406556342-yrqr18a9fu.webp"", ""beforeImage"": ""https://xyfxwlkyzpqydzqcszeu.supabase.co/storage/v1/object/public/media-library/0f758cf9-b381-4da0-8cb7-5579fc9120c7/1762406560208-h5ao25lra2s.webp""}"
0f758cf9-b381-4da0-8cb7-5579fc9120c7,SSR Autobody (built by Shah),BEFORE_AFTER_SLIDER,Audi Q5 Before and After (Tello's Collision Center),f5cf91d0-f5a4-4011-89fc-8ca574830da6,True,2026-07-01T20:18:28.524713+00:00,2026-07-01T20:20:11.663+00:00,2145,2026-08-05T08:02:50.96242+00:00,2026-07-01T20:23:43.127+00:00,"{""styles"": {""textColor"": ""#FFFFFF"", ""widthType"": ""percentage"", ""afterLabel"": ""After"", ""fontFamily"": ""poppins"", ""showLabels"": true, ""widthValue"": 100, ""aspectRatio"": ""4:3"", ""beforeLabel"": ""Before"", ""shadowStyle"": ""default"", ""borderRadius"": 24, ""backgroundType"": ""transparent"", ""backgroundColor"": ""#000000"", ""instructionText"": ""Drag to compare"", ""showInstructions"": true, ""startingPosition"": 70, ""customAspectWidth"": 16, ""customAspectHeight"": 9, ""instructionFontSize"": 14, ""labelBackgroundColor"": ""#007bff"", ""preventScrollHijacking"": true}, ""afterImage"": ""https://xyfxwlkyzpqydzqcszeu.supabase.co/storage/v1/object/public/media-library/0f758cf9-b381-4da0-8cb7-5579fc9120c7/1762406556342-yrqr18a9fu.webp"", ""beforeImage"": ""https://xyfxwlkyzpqydzqcszeu.supabase.co/storage/v1/object/public/media-library/0f758cf9-b381-4da0-8cb7-5579fc9120c7/1762406560208-h5ao25lra2s.webp""}"
0f758cf9-b381-4da0-8cb7-5579fc9120c7,SSR Autobody (built by Shah),BEFORE_AFTER_SLIDER,Audi Q5 Before and After (The Collision Shop of Warren),cafefc0e-4a1e-4f55-9dc5-35704da673df,True,2026-04-02T00:25:17.86978+00:00,2026-04-02T00:26:05.232+00:00,2396,2026-07-30T20:08:59.848996+00:00,2026-04-02T00:27:13.475+00:00,"{""styles"": {""textColor"": ""#FFFFFF"", ""widthType"": ""percentage"", ""afterLabel"": ""After"", ""fontFamily"": ""poppins"", ""showLabels"": true, ""widthValue"": 100, ""aspectRatio"": ""4:3"", ""beforeLabel"": ""Before"", ""shadowStyle"": ""default"", ""borderRadius"": 24, ""backgroundType"": ""transparent"", ""backgroundColor"": ""#000000"", ""instructionText"": ""Drag to compare"", ""showInstructions"": true, ""startingPosition"": 70, ""customAspectWidth"": 16, ""customAspectHeight"": 9, ""instructionFontSize"": 14, ""labelBackgroundColor"": ""#e42709"", ""preventScrollHijacking"": true}, ""afterImage"": ""https://xyfxwlkyzpqydzqcszeu.supabase.co/storage/v1/object/public/media-library/0f758cf9-b381-4da0-8cb7-5579fc9120c7/1762406556342-yrqr18a9fu.webp"", ""beforeImage"": ""https://xyfxwlkyzpqydzqcszeu.supabase.co/storage/v1/object/public/media-library/0f758cf9-b381-4da0-8cb7-5579fc9120c7/1762406560208-h5ao25lra2s.webp""}"
0f758cf9-b381-4da0-8cb7-5579fc9120c7,SSR Autobody (built by Shah),BEFORE_AFTER_SLIDER,Audi Q5 Before and After (Vegas Customs Collision),e07a0fa2-2ecf-4d7e-8160-b5ebbfdcfa20,True,2026-06-08T19:32:42.017675+00:00,2026-06-08T19:38:26.301+00:00,3571,2026-08-05T07:36:16.999263+00:00,2026-06-08T19:42:50.293+00:00,"{""styles"": {""textColor"": ""#FFFFFF"", ""widthType"": ""percentage"", ""afterLabel"": ""After"", ""fontFamily"": ""poppins"", ""showLabels"": true, ""widthValue"": 100, ""aspectRatio"": ""4:3"", ""beforeLabel"": ""Before"", ""shadowStyle"": ""default"", ""borderRadius"": 24, ""backgroundType"": ""transparent"", ""backgroundColor"": ""#000000"", ""instructionText"": ""Drag to compare"", ""showInstructions"": true, ""startingPosition"": 70, ""customAspectWidth"": 16, ""customAspectHeight"": 9, ""instructionFontSize"": 14, ""labelBackgroundColor"": ""#e42709"", ""preventScrollHijacking"": true}, ""afterImage"": ""https://xyfxwlkyzpqydzqcszeu.supabase.co/storage/v1/object/public/media-library/0f758cf9-b381-4da0-8cb7-5579fc9120c7/1762406556342-yrqr18a9fu.webp"", ""beforeImage"": ""https://xyfxwlkyzpqydzqcszeu.supabase.co/storage/v1/object/public/media-library/0f758cf9-b381-4da0-8cb7-5579fc9120c7/1762406560208-h5ao25lra2s.webp""}"
0f758cf9-b381-4da0-8cb7-5579fc9120c7,SSR Autobody (built by Shah),BEFORE_AFTER_SLIDER,Audi Q5 Before and After (Yaffo Auto),98d6e883-3c63-4061-b2c1-36c098b58ba1,True,2025-11-29T01:37:19.291244+00:00,2025-11-29T01:37:51.072+00:00,10503,2026-08-05T09:35:50.952004+00:00,2025-11-29T01:37:19.291244+00:00,"{""styles"": {""textColor"": ""#FFFFFF"", ""widthType"": ""percentage"", ""afterLabel"": ""After"", ""fontFamily"": ""poppins"", ""showLabels"": true, ""widthValue"": 100, ""aspectRatio"": ""4:3"", ""beforeLabel"": ""Before"", ""shadowStyle"": ""default"", ""borderRadius"": 24, ""backgroundType"": ""transparent"", ""backgroundColor"": ""#000000"", ""instructionText"": ""Drag to compare"", ""showInstructions"": true, ""startingPosition"": 70, ""customAspectWidth"": 16, ""customAspectHeight"": 9, ""instructionFontSize"": 14, ""labelBackgroundColor"": ""#007bff"", ""preventScrollHijacking"": true}, ""afterImage"": ""https://xyfxwlkyzpqydzqcszeu.supabase.co/storage/v1/object/public/media-library/0f758cf9-b381-4da0-8cb7-5579fc9120c7/1762406556342-yrqr18a9fu.webp"", ""beforeImage"": ""https://xyfxwlkyzpqydzqcszeu.supabase.co/storage/v1/object/public/media-library/0f758cf9-b381-4da0-8cb7-5579fc9120c7/1762406560208-h5ao25lra2s.webp""}"
0f758cf9-b381-4da0-8cb7-5579fc9120c7,SSR Autobody (built by Shah),BEFORE_AFTER_SLIDER,Audi Q5 Before and After (Zoel's Auto),4d4cf197-50fb-45be-b880-8fc334d9445b,True,2025-10-31T18:46:22.718061+00:00,2025-11-10T15:42:52.487+00:00,778,2026-01-20T17:48:16.269+00:00,2025-10-31T18:46:22.718061+00:00,"{""styles"": {""textColor"": ""#FFFFFF"", ""widthType"": ""percentage"", ""afterLabel"": ""After"", ""fontFamily"": ""poppins"", ""showLabels"": true, ""widthValue"": 100, ""aspectRatio"": ""4:3"", ""beforeLabel"": ""Before"", ""shadowStyle"": ""default"", ""borderRadius"": 24, ""backgroundType"": ""transparent"", ""backgroundColor"": ""#000000"", ""instructionText"": ""Drag to compare"", ""showInstructions"": true, ""startingPosition"": 70, ""customAspectWidth"": 16, ""customAspectHeight"": 9, ""instructionFontSize"": 14, ""labelBackgroundColor"": ""#007bff"", ""preventScrollHijacking"": true}, ""afterImage"": ""https://xyfxwlkyzpqydzqcszeu.supabase.co/storage/v1/object/public/media-library/0f758cf9-b381-4da0-8cb7-5579fc9120c7/1762406556342-yrqr18a9fu.webp"", ""beforeImage"": ""https://xyfxwlkyzpqydzqcszeu.supabase.co/storage/v1/object/public/media-library/0f758cf9-b381-4da0-8cb7-5579fc9120c7/1762406560208-h5ao25lra2s.webp""}"
0f758cf9-b381-4da0-8cb7-5579fc9120c7,SSR Autobody (built by Shah),BEFORE_AFTER_SLIDER,BMW M3 Before and After (Automotive 7),c0b98994-0aee-43fa-885a-b79ff1e9d107,True,2025-11-04T02:20:40.885967+00:00,2025-11-10T15:43:37.267+00:00,980,2025-12-03T22:26:48.299+00:00,2025-11-04T02:20:40.885967+00:00,"{""styles"": {""textColor"": ""#FFFFFF"", ""widthType"": ""percentage"", ""afterLabel"": ""After"", ""fontFamily"": ""poppins"", ""showLabels"": true, ""widthValue"": 100, ""aspectRatio"": ""4:3"", ""beforeLabel"": ""Before"", ""shadowStyle"": ""default"", ""borderRadius"": 24, ""backgroundType"": ""transparent"", ""backgroundColor"": ""#000000"", ""instructionText"": ""Drag to compare"", ""showInstructions"": true, ""startingPosition"": 70, ""customAspectWidth"": 16, ""customAspectHeight"": 9, ""instructionFontSize"": 14, ""labelBackgroundColor"": ""#007bff"", ""preventScrollHijacking"": true}, ""afterImage"": ""https://xyfxwlkyzpqydzqcszeu.supabase.co/storage/v1/object/public/media-library/0f758cf9-b381-4da0-8cb7-5579fc9120c7/1762336113677-mmwt4hjp24.webp"", ""beforeImage"": ""https://xyfxwlkyzpqydzqcszeu.supabase.co/storage/v1/object/public/media-library/0f758cf9-b381-4da0-8cb7-5579fc9120c7/1762336726890-tv003he43wk.webp""}"
0f758cf9-b381-4da0-8cb7-5579fc9120c7,SSR Autobody (built by Shah),BEFORE_AFTER_SLIDER,BMW X7 X40i Before and After (10x Auto Group Inc),8589f7b3-e0dd-46bb-9a7e-a6589587d85e,True,2026-06-22T20:19:47.345876+00:00,2026-06-22T20:21:14.174+00:00,2778,2026-08-05T07:35:40.903505+00:00,2026-06-22T20:21:45.207+00:00,"{""styles"": {""textColor"": ""#FFFFFF"", ""widthType"": ""percentage"", ""afterLabel"": ""After"", ""fontFamily"": ""poppins"", ""showLabels"": true, ""widthValue"": 100, ""aspectRatio"": ""4:3"", ""beforeLabel"": ""Before"", ""shadowStyle"": ""default"", ""borderRadius"": 24, ""backgroundType"": ""transparent"", ""backgroundColor"": ""#000000"", ""instructionText"": ""Drag to compare"", ""showInstructions"": true, ""startingPosition"": 70, ""customAspectWidth"": 16, ""customAspectHeight"": 9, ""instructionFontSize"": 14, ""labelBackgroundColor"": ""#e42709"", ""preventScrollHijacking"": true}, ""afterImage"": ""https://xyfxwlkyzpqydzqcszeu.supabase.co/storage/v1/object/public/media-library/0f758cf9-b381-4da0-8cb7-5579fc9120c7/1762406518463-2ejqic1sj07.webp"", ""beforeImage"": ""https://xyfxwlkyzpqydzqcszeu.supabase.co/storage/v1/object/public/media-library/0f758cf9-b381-4da0-8cb7-5579fc9120c7/1762406515719-h7jiwq10ww8.webp""}"
0f758cf9-b381-4da0-8cb7-5579fc9120c7,SSR Autobody (built by Shah),BEFORE_AFTER_SLIDER,BMW X7 X40i Before and After (AAJ Auto Collision),9c568d2a-0083-402f-8448-6a950a25b946,True,2026-06-11T17:13:17.065405+00:00,2026-06-11T17:13:50.784+00:00,1264,2026-08-05T02:49:44.989091+00:00,2026-06-11T17:16:31.396+00:00,"{""styles"": {""textColor"": ""#FFFFFF"", ""widthType"": ""percentage"", ""afterLabel"": ""After"", ""fontFamily"": ""poppins"", ""showLabels"": true, ""widthValue"": 100, ""aspectRatio"": ""4:3"", ""beforeLabel"": ""Before"", ""shadowStyle"": ""default"", ""borderRadius"": 24, ""backgroundType"": ""transparent"", ""backgroundColor"": ""#000000"", ""instructionText"": ""Drag to compare"", ""showInstructions"": true, ""startingPosition"": 70, ""customAspectWidth"": 16, ""customAspectHeight"": 9, ""instructionFontSize"": 14, ""labelBackgroundColor"": ""#e42709"", ""preventScrollHijacking"": true}, ""afterImage"": ""https://xyfxwlkyzpqydzqcszeu.supabase.co/storage/v1/object/public/media-library/0f758cf9-b381-4da0-8cb7-5579fc9120c7/1762406518463-2ejqic1sj07.webp"", ""beforeImage"": ""https://xyfxwlkyzpqydzqcszeu.supabase.co/storage/v1/object/public/media-library/0f758cf9-b381-4da0-8cb7-5579fc9120c7/1762406515719-h7jiwq10ww8.webp""}"
0f758cf9-b381-4da0-8cb7-5579fc9120c7,SSR Autobody (built by Shah),BEFORE_AFTER_SLIDER,BMW X7 X40i Before and After (AMG Auto Body),f082ce6c-1370-4832-9e53-3da5ea3d1673,True,2026-02-12T00:15:35.472138+00:00,2026-02-12T00:16:01.773+00:00,6325,2026-08-05T07:47:35.727949+00:00,2026-02-12T00:16:56.604+00:00,"{""styles"": {""textColor"": ""#FFFFFF"", ""widthType"": ""percentage"", ""afterLabel"": ""After"", ""fontFamily"": ""poppins"", ""showLabels"": true, ""widthValue"": 100, ""aspectRatio"": ""4:3"", ""beforeLabel"": ""Before"", ""shadowStyle"": ""default"", ""borderRadius"": 24, ""backgroundType"": ""transparent"", ""backgroundColor"": ""#000000"", ""instructionText"": ""Drag to compare"", ""showInstructions"": true, ""startingPosition"": 70, ""customAspectWidth"": 16, ""customAspectHeight"": 9, ""instructionFontSize"": 14, ""labelBackgroundColor"": ""#e42709"", ""preventScrollHijacking"": true}, ""afterImage"": ""https://xyfxwlkyzpqydzqcszeu.supabase.co/storage/v1/object/public/media-library/0f758cf9-b381-4da0-8cb7-5579fc9120c7/1762406518463-2ejqic1sj07.webp"", ""beforeImage"": ""https://xyfxwlkyzpqydzqcszeu.supabase.co/storage/v1/object/public/media-library/0f758cf9-b381-4da0-8cb7-5579fc9120c7/1762406515719-h7jiwq10ww8.webp""}"
0f758cf9-b381-4da0-8cb7-5579fc9120c7,SSR Autobody (built by Shah),BEFORE_AFTER_SLIDER,BMW X7 X40i Before and After (Akins Collision Center),ef75a407-b11f-42aa-b581-313750f2104a,True,2026-05-26T04:14:20.645592+00:00,2026-05-26T04:15:04.05+00:00,4154,2026-08-05T09:05:25.715517+00:00,2026-05-26T04:15:45.124+00:00,"{""styles"": {""textColor"": ""#FFFFFF"", ""widthType"": ""percentage"", ""afterLabel"": ""After"", ""fontFamily"": ""poppins"", ""showLabels"": true, ""widthValue"": 100, ""aspectRatio"": ""4:3"", ""beforeLabel"": ""Before"", ""shadowStyle"": ""default"", ""borderRadius"": 24, ""backgroundType"": ""transparent"", ""backgroundColor"": ""#000000"", ""instructionText"": ""Drag to compare"", ""showInstructions"": true, ""startingPosition"": 70, ""customAspectWidth"": 16, ""customAspectHeight"": 9, ""instructionFontSize"": 14, ""labelBackgroundColor"": ""#e42709"", ""preventScrollHijacking"": true}, ""afterImage"": ""https://xyfxwlkyzpqydzqcszeu.supabase.co/storage/v1/object/public/media-library/0f758cf9-b381-4da0-8cb7-5579fc9120c7/1762406518463-2ejqic1sj07.webp"", ""beforeImage"": ""https://xyfxwlkyzpqydzqcszeu.supabase.co/storage/v1/object/public/media-library/0f758cf9-b381-4da0-8cb7-5579fc9120c7/1762406515719-h7jiwq10ww8.webp""}"
0f758cf9-b381-4da0-8cb7-5579fc9120c7,SSR Autobody (built by Shah),BEFORE_AFTER_SLIDER,BMW X7 X40i Before and After (Alpha Auto Collision),37740220-1fdf-4878-af9c-0da45af850d7,True,2026-06-23T18:24:41.572188+00:00,2026-06-23T18:25:46.874+00:00,39,2026-07-31T19:45:53.680342+00:00,2026-06-23T18:26:50.264+00:00,"{""styles"": {""textColor"": ""#FFFFFF"", ""widthType"": ""percentage"", ""afterLabel"": ""After"", ""fontFamily"": ""poppins"", ""showLabels"": true, ""widthValue"": 100, ""aspectRatio"": ""4:3"", ""beforeLabel"": ""Before"", ""shadowStyle"": ""default"", ""borderRadius"": 24, ""backgroundType"": ""transparent"", ""backgroundColor"": ""#000000"", ""instructionText"": ""Drag to compare"", ""showInstructions"": true, ""startingPosition"": 70, ""customAspectWidth"": 16, ""customAspectHeight"": 9, ""instructionFontSize"": 14, ""labelBackgroundColor"": ""#007bff"", ""preventScrollHijacking"": true}, ""afterImage"": ""https://xyfxwlkyzpqydzqcszeu.supabase.co/storage/v1/object/public/media-library/0f758cf9-b381-4da0-8cb7-5579fc9120c7/1762406518463-2ejqic1sj07.webp"", ""beforeImage"": ""https://xyfxwlkyzpqydzqcszeu.supabase.co/storage/v1/object/public/media-library/0f758cf9-b381-4da0-8cb7-5579fc9120c7/1762406515719-h7jiwq10ww8.webp""}"
0f758cf9-b381-4da0-8cb7-5579fc9120c7,SSR Autobody (built by Shah),BEFORE_AFTER_SLIDER,BMW X7 X40i Before and After (American Auto),81793e8b-1504-41b8-ab40-7d6e5a1e4b03,True,2026-05-15T01:49:09.781794+00:00,2026-05-15T01:49:31.714+00:00,2216,2026-08-04T21:16:42.5319+00:00,2026-05-15T01:50:32.726+00:00,"{""styles"": {""textColor"": ""#FFFFFF"", ""widthType"": ""percentage"", ""afterLabel"": ""After"", ""fontFamily"": ""poppins"", ""showLabels"": true, ""widthValue"": 100, ""aspectRatio"": ""4:3"", ""beforeLabel"": ""Before"", ""shadowStyle"": ""default"", ""borderRadius"": 24, ""backgroundType"": ""transparent"", ""backgroundColor"": ""#000000"", ""instructionText"": ""Drag to compare"", ""showInstructions"": true, ""startingPosition"": 70, ""customAspectWidth"": 16, ""customAspectHeight"": 9, ""instructionFontSize"": 14, ""labelBackgroundColor"": ""#007bff"", ""preventScrollHijacking"": true}, ""afterImage"": ""https://xyfxwlkyzpqydzqcszeu.supabase.co/storage/v1/object/public/media-library/0f758cf9-b381-4da0-8cb7-5579fc9120c7/1762406518463-2ejqic1sj07.webp"", ""beforeImage"": ""https://xyfxwlkyzpqydzqcszeu.supabase.co/storage/v1/object/public/media-library/0f758cf9-b381-4da0-8cb7-5579fc9120c7/1762406515719-h7jiwq10ww8.webp""}"
0f758cf9-b381-4da0-8cb7-5579fc9120c7,SSR Autobody (built by Shah),BEFORE_AFTER_SLIDER,BMW X7 X40i Before and After (Anderson Auto Body)  ,8281ea89-0c6f-401c-8d36-01668da18266,True,2026-01-24T01:00:26.553951+00:00,2026-01-24T01:00:58.895+00:00,3805,2026-08-05T09:14:51.430854+00:00,2026-01-24T01:02:03.425+00:00,"{""styles"": {""textColor"": ""#FFFFFF"", ""widthType"": ""percentage"", ""afterLabel"": ""After"", ""fontFamily"": ""poppins"", ""showLabels"": true, ""widthValue"": 100, ""aspectRatio"": ""4:3"", ""beforeLabel"": ""Before"", ""shadowStyle"": ""default"", ""borderRadius"": 24, ""backgroundType"": ""transparent"", ""backgroundColor"": ""#000000"", ""instructionText"": ""Drag to compare"", ""showInstructions"": true, ""startingPosition"": 70, ""customAspectWidth"": 16, ""customAspectHeight"": 9, ""instructionFontSize"": 14, ""labelBackgroundColor"": ""#e42709"", ""preventScrollHijacking"": true}, ""afterImage"": ""https://xyfxwlkyzpqydzqcszeu.supabase.co/storage/v1/object/public/media-library/0f758cf9-b381-4da0-8cb7-5579fc9120c7/1762406518463-2ejqic1sj07.webp"", ""beforeImage"": ""https://xyfxwlkyzpqydzqcszeu.supabase.co/storage/v1/object/public/media-library/0f758cf9-b381-4da0-8cb7-5579fc9120c7/1762406515719-h7jiwq10ww8.webp""}"
0f758cf9-b381-4da0-8cb7-5579fc9120c7,SSR Autobody (built by Shah),BEFORE_AFTER_SLIDER,BMW X7 X40i Before and After (Arrow Body & Fender Service),60bf1f7a-671c-4409-a3cd-af7358e1bc01,True,2026-07-10T19:21:20.813058+00:00,2026-07-10T19:23:19.597+00:00,1977,2026-08-05T09:48:17.877923+00:00,2026-07-10T19:25:49.915+00:00,"{""styles"": {""textColor"": ""#FFFFFF"", ""widthType"": ""percentage"", ""afterLabel"": ""After"", ""fontFamily"": ""poppins"", ""showLabels"": true, ""widthValue"": 100, ""aspectRatio"": ""4:3"", ""beforeLabel"": ""Before"", ""shadowStyle"": ""default"", ""borderRadius"": 24, ""backgroundType"": ""transparent"", ""backgroundColor"": ""#000000"", ""instructionText"": ""Drag to compare"", ""showInstructions"": true, ""startingPosition"": 70, ""customAspectWidth"": 16, ""customAspectHeight"": 9, ""instructionFontSize"": 14, ""labelBackgroundColor"": ""#e42709"", ""preventScrollHijacking"": true}, ""afterImage"": ""https://xyfxwlkyzpqydzqcszeu.supabase.co/storage/v1/object/public/media-library/0f758cf9-b381-4da0-8cb7-5579fc9120c7/1762406518463-2ejqic1sj07.webp"", ""beforeImage"": ""https://xyfxwlkyzpqydzqcszeu.supabase.co/storage/v1/object/public/media-library/0f758cf9-b381-4da0-8cb7-5579fc9120c7/1762406515719-h7jiwq10ww8.webp""}"
0f758cf9-b381-4da0-8cb7-5579fc9120c7,SSR Autobody (built by Shah),BEFORE_AFTER_SLIDER,BMW X7 X40i Before and After (Art City Auto Body),ef0f4612-79ff-416c-9743-52281e8375ed,True,2025-11-07T00:44:36.383295+00:00,2025-11-10T15:36:22.087+00:00,6714,2026-08-05T04:47:57.449033+00:00,2025-11-07T00:44:36.383295+00:00,"{""styles"": {""textColor"": ""#FFFFFF"", ""widthType"": ""percentage"", ""afterLabel"": ""After"", ""fontFamily"": ""poppins"", ""showLabels"": true, ""widthValue"": 100, ""aspectRatio"": ""4:3"", ""beforeLabel"": ""Before"", ""shadowStyle"": ""default"", ""borderRadius"": 24, ""backgroundType"": ""transparent"", ""backgroundColor"": ""#000000"", ""instructionText"": ""Drag to compare"", ""showInstructions"": true, ""startingPosition"": 70, ""customAspectWidth"": 16, ""customAspectHeight"": 9, ""instructionFontSize"": 14, ""labelBackgroundColor"": ""#F77D11"", ""preventScrollHijacking"": true}, ""afterImage"": ""https://xyfxwlkyzpqydzqcszeu.supabase.co/storage/v1/object/public/media-library/0f758cf9-b381-4da0-8cb7-5579fc9120c7/1762406518463-2ejqic1sj07.webp"", ""beforeImage"": ""https://xyfxwlkyzpqydzqcszeu.supabase.co/storage/v1/object/public/media-library/0f758cf9-b381-4da0-8cb7-5579fc9120c7/1762406515719-h7jiwq10ww8.webp""}"
0f758cf9-b381-4da0-8cb7-5579fc9120c7,SSR Autobody (built by Shah),BEFORE_AFTER_SLIDER,BMW X7 X40i Before and After (Art Collision Center),7f19cc82-8bb3-4204-8ce3-2f89a94d4100,True,2026-06-29T16:48:34.139351+00:00,2026-06-29T16:49:24.939+00:00,2156,2026-08-05T09:54:28.740699+00:00,2026-06-29T16:51:57.814+00:00,"{""styles"": {""textColor"": ""#FFFFFF"", ""widthType"": ""percentage"", ""afterLabel"": ""After"", ""fontFamily"": ""poppins"", ""showLabels"": true, ""widthValue"": 100, ""aspectRatio"": ""4:3"", ""beforeLabel"": ""Before"", ""shadowStyle"": ""default"", ""borderRadius"": 24, ""backgroundType"": ""transparent"", ""backgroundColor"": ""#000000"", ""instructionText"": ""Drag to compare"", ""showInstructions"": true, ""startingPosition"": 70, ""customAspectWidth"": 16, ""customAspectHeight"": 9, ""instructionFontSize"": 14, ""labelBackgroundColor"": ""#e42709"", ""preventScrollHijacking"": true}, ""afterImage"": ""https://xyfxwlkyzpqydzqcszeu.supabase.co/storage/v1/object/public/media-library/0f758cf9-b381-4da0-8cb7-5579fc9120c7/1762406518463-2ejqic1sj07.webp"", ""beforeImage"": ""https://xyfxwlkyzpqydzqcszeu.supabase.co/storage/v1/object/public/media-library/0f758cf9-b381-4da0-8cb7-5579fc9120c7/1762406515719-h7jiwq10ww8.webp""}"
0f758cf9-b381-4da0-8cb7-5579fc9120c7,SSR Autobody (built by Shah),BEFORE_AFTER_SLIDER,BMW X7 X40i Before and After (Auto Arena Body Shop),335d963a-6f4f-4656-bc9b-f873530c859c,True,2025-12-30T00:53:07.308878+00:00,2025-12-30T00:53:52.327+00:00,4698,2026-08-05T08:31:51.487584+00:00,2025-12-30T00:54:42.663+00:00,"{""styles"": {""textColor"": ""#FFFFFF"", ""widthType"": ""percentage"", ""afterLabel"": ""After"", ""fontFamily"": ""poppins"", ""showLabels"": true, ""widthValue"": 100, ""aspectRatio"": ""4:3"", ""beforeLabel"": ""Before"", ""shadowStyle"": ""default"", ""borderRadius"": 24, ""backgroundType"": ""transparent"", ""backgroundColor"": ""#000000"", ""instructionText"": ""Drag to compare"", ""showInstructions"": true, ""startingPosition"": 70, ""customAspectWidth"": 16, ""customAspectHeight"": 9, ""instructionFontSize"": 14, ""labelBackgroundColor"": ""#007bff"", ""preventScrollHijacking"": true}, ""afterImage"": ""https://xyfxwlkyzpqydzqcszeu.supabase.co/storage/v1/object/public/media-library/0f758cf9-b381-4da0-8cb7-5579fc9120c7/1762406518463-2ejqic1sj07.webp"", ""beforeImage"": ""https://xyfxwlkyzpqydzqcszeu.supabase.co/storage/v1/object/public/media-library/0f758cf9-b381-4da0-8cb7-5579fc9120c7/1762406515719-h7jiwq10ww8.webp""}"
0f758cf9-b381-4da0-8cb7-5579fc9120c7,SSR Autobody (built by Shah),BEFORE_AFTER_SLIDER,BMW X7 X40i Before and After (Automotive 7) 2,2979a41e-917b-4c5a-8e70-b25d1de6d6b9,True,2025-12-03T23:03:39.625359+00:00,2025-12-03T23:04:04.526+00:00,9196,2026-08-05T07:46:42.182901+00:00,2025-12-03T23:03:39.625359+00:00,"{""styles"": {""textColor"": ""#FFFFFF"", ""widthType"": ""percentage"", ""afterLabel"": ""After"", ""fontFamily"": ""poppins"", ""showLabels"": true, ""widthValue"": 100, ""aspectRatio"": ""4:3"", ""beforeLabel"": ""Before"", ""shadowStyle"": ""default"", ""borderRadius"": 24, ""backgroundType"": ""transparent"", ""backgroundColor"": ""#000000"", ""instructionText"": ""Drag to compare"", ""showInstructions"": true, ""startingPosition"": 70, ""customAspectWidth"": 16, ""customAspectHeight"": 9, ""instructionFontSize"": 14, ""labelBackgroundColor"": ""#007bff"", ""preventScrollHijacking"": true}, ""afterImage"": ""https://xyfxwlkyzpqydzqcszeu.supabase.co/storage/v1/object/public/media-library/0f758cf9-b381-4da0-8cb7-5579fc9120c7/1762406518463-2ejqic1sj07.webp"", ""beforeImage"": ""https://xyfxwlkyzpqydzqcszeu.supabase.co/storage/v1/object/public/media-library/0f758cf9-b381-4da0-8cb7-5579fc9120c7/1762406515719-h7jiwq10ww8.webp""}"
0f758cf9-b381-4da0-8cb7-5579fc9120c7,SSR Autobody (built by Shah),BEFORE_AFTER_SLIDER,BMW X7 X40i Before and After (BA Auto Service),2545a117-b901-4ea6-9b8c-2bf4c97cafd8,True,2025-12-27T00:33:08.324225+00:00,2025-12-27T00:34:12.82+00:00,3301,2026-07-30T18:29:50.644877+00:00,2025-12-27T00:35:28.295+00:00,"{""styles"": {""textColor"": ""#FFFFFF"", ""widthType"": ""percentage"", ""afterLabel"": ""After"", ""fontFamily"": ""poppins"", ""showLabels"": true, ""widthValue"": 100, ""aspectRatio"": ""4:3"", ""beforeLabel"": ""Before"", ""shadowStyle"": ""default"", ""borderRadius"": 24, ""backgroundType"": ""transparent"", ""backgroundColor"": ""#000000"", ""instructionText"": ""Drag to compare"", ""showInstructions"": true, ""startingPosition"": 70, ""customAspectWidth"": 16, ""customAspectHeight"": 9, ""instructionFontSize"": 14, ""labelBackgroundColor"": ""#007bff"", ""preventScrollHijacking"": true}, ""afterImage"": ""https://xyfxwlkyzpqydzqcszeu.supabase.co/storage/v1/object/public/media-library/0f758cf9-b381-4da0-8cb7-5579fc9120c7/1762406518463-2ejqic1sj07.webp"", ""beforeImage"": ""https://xyfxwlkyzpqydzqcszeu.supabase.co/storage/v1/object/public/media-library/0f758cf9-b381-4da0-8cb7-5579fc9120c7/1762406515719-h7jiwq10ww8.webp""}"
0f758cf9-b381-4da0-8cb7-5579fc9120c7,SSR Autobody (built by Shah),BEFORE_AFTER_SLIDER,BMW X7 X40i Before and After (BCK2NEW Auto Body),b4789a63-8fa3-4be2-b472-81f0facabc65,True,2026-05-26T02:42:35.704535+00:00,2026-05-26T02:42:53.814+00:00,2326,2026-07-31T17:01:49.527546+00:00,2026-05-26T03:17:25.178+00:00,"{""styles"": {""textColor"": ""#FFFFFF"", ""widthType"": ""percentage"", ""afterLabel"": ""After"", ""fontFamily"": ""poppins"", ""showLabels"": true, ""widthValue"": 100, ""aspectRatio"": ""4:3"", ""beforeLabel"": ""Before"", ""shadowStyle"": ""default"", ""borderRadius"": 24, ""backgroundType"": ""transparent"", ""backgroundColor"": ""#000000"", ""instructionText"": ""Drag to compare"", ""showInstructions"": true, ""startingPosition"": 70, ""customAspectWidth"": 16, ""customAspectHeight"": 9, ""instructionFontSize"": 14, ""labelBackgroundColor"": ""#e42709"", ""preventScrollHijacking"": true}, ""afterImage"": ""https://xyfxwlkyzpqydzqcszeu.supabase.co/storage/v1/object/public/media-library/0f758cf9-b381-4da0-8cb7-5579fc9120c7/1762406518463-2ejqic1sj07.webp"", ""beforeImage"": ""https://xyfxwlkyzpqydzqcszeu.supabase.co/storage/v1/object/public/media-library/0f758cf9-b381-4da0-8cb7-5579fc9120c7/1762406515719-h7jiwq10ww8.webp""}"
0f758cf9-b381-4da0-8cb7-5579fc9120c7,SSR Autobody (built by Shah),BEFORE_AFTER_SLIDER,BMW X7 X40i Before and After (Bella's Auto)  Copy,ed7ed40b-0aa6-46c0-8440-55aba2bfe2df,True,2026-01-08T23:35:26.532542+00:00,2026-01-08T23:36:04.012+00:00,24893,2026-08-05T03:21:36.580204+00:00,2026-01-08T23:36:56.64+00:00,"{""styles"": {""textColor"": ""#FFFFFF"", ""widthType"": ""percentage"", ""afterLabel"": ""After"", ""fontFamily"": ""poppins"", ""showLabels"": true, ""widthValue"": 100, ""aspectRatio"": ""4:3"", ""beforeLabel"": ""Before"", ""shadowStyle"": ""default"", ""borderRadius"": 24, ""backgroundType"": ""transparent"", ""backgroundColor"": ""#000000"", ""instructionText"": ""Drag to compare"", ""showInstructions"": true, ""startingPosition"": 70, ""customAspectWidth"": 16, ""customAspectHeight"": 9, ""instructionFontSize"": 14, ""labelBackgroundColor"": ""#e42709"", ""preventScrollHijacking"": true}, ""afterImage"": ""https://xyfxwlkyzpqydzqcszeu.supabase.co/storage/v1/object/public/media-library/0f758cf9-b381-4da0-8cb7-5579fc9120c7/1762406518463-2ejqic1sj07.webp"", ""beforeImage"": ""https://xyfxwlkyzpqydzqcszeu.supabase.co/storage/v1/object/public/media-library/0f758cf9-b381-4da0-8cb7-5579fc9120c7/1762406515719-h7jiwq10ww8.webp""}"
0f758cf9-b381-4da0-8cb7-5579fc9120c7,SSR Autobody (built by Shah),BEFORE_AFTER_SLIDER,BMW X7 X40i Before and After (Capital Collision Center),441b643a-ee0c-4cf2-bfc6-07dad5921104,True,2026-06-29T21:46:58.334637+00:00,2026-06-29T21:48:16.245+00:00,1884,2026-08-04T23:15:50.495758+00:00,2026-06-29T21:56:41.573+00:00,"{""styles"": {""textColor"": ""#FFFFFF"", ""widthType"": ""percentage"", ""afterLabel"": ""After"", ""fontFamily"": ""poppins"", ""showLabels"": true, ""widthValue"": 100, ""aspectRatio"": ""4:3"", ""beforeLabel"": ""Before"", ""shadowStyle"": ""default"", ""borderRadius"": 24, ""backgroundType"": ""transparent"", ""backgroundColor"": ""#000000"", ""instructionText"": ""Drag to compare"", ""showInstructions"": true, ""startingPosition"": 70, ""customAspectWidth"": 16, ""customAspectHeight"": 9, ""instructionFontSize"": 14, ""labelBackgroundColor"": ""#e42709"", ""preventScrollHijacking"": true}, ""afterImage"": ""https://xyfxwlkyzpqydzqcszeu.supabase.co/storage/v1/object/public/media-library/0f758cf9-b381-4da0-8cb7-5579fc9120c7/1762406518463-2ejqic1sj07.webp"", ""beforeImage"": ""https://xyfxwlkyzpqydzqcszeu.supabase.co/storage/v1/object/public/media-library/0f758cf9-b381-4da0-8cb7-5579fc9120c7/1762406515719-h7jiwq10ww8.webp""}"
0f758cf9-b381-4da0-8cb7-5579fc9120c7,SSR Autobody (built by Shah),BEFORE_AFTER_SLIDER,BMW X7 X40i Before and After (CarStar Denton)  ,cbfb4bb7-4b73-4f26-9214-8680f976731b,True,2026-01-17T01:47:05.707329+00:00,2026-01-17T01:47:54.923+00:00,6310,2026-08-05T08:40:29.052454+00:00,2026-01-17T01:48:56.28+00:00,"{""styles"": {""textColor"": ""#FFFFFF"", ""widthType"": ""percentage"", ""afterLabel"": ""After"", ""fontFamily"": ""poppins"", ""showLabels"": true, ""widthValue"": 100, ""aspectRatio"": ""4:3"", ""beforeLabel"": ""Before"", ""shadowStyle"": ""default"", ""borderRadius"": 24, ""backgroundType"": ""transparent"", ""backgroundColor"": ""#000000"", ""instructionText"": ""Drag to compare"", ""showInstructions"": true, ""startingPosition"": 70, ""customAspectWidth"": 16, ""customAspectHeight"": 9, ""instructionFontSize"": 14, ""labelBackgroundColor"": ""#e42709"", ""preventScrollHijacking"": true}, ""afterImage"": ""https://xyfxwlkyzpqydzqcszeu.supabase.co/storage/v1/object/public/media-library/0f758cf9-b381-4da0-8cb7-5579fc9120c7/1762406518463-2ejqic1sj07.webp"", ""beforeImage"": ""https://xyfxwlkyzpqydzqcszeu.supabase.co/storage/v1/object/public/media-library/0f758cf9-b381-4da0-8cb7-5579fc9120c7/1762406515719-h7jiwq10ww8.webp""}"
0f758cf9-b381-4da0-8cb7-5579fc9120c7,SSR Autobody (built by Shah),BEFORE_AFTER_SLIDER,BMW X7 X40i Before and After (CarVive Auto Collision) Copy,44da89d3-1e3f-4251-a050-3f61e09c05f5,True,2026-04-16T02:11:56.319801+00:00,2026-04-16T02:12:39.271+00:00,5882,2026-08-05T09:50:50.388686+00:00,2026-04-16T02:14:02.306+00:00,"{""styles"": {""textColor"": ""#FFFFFF"", ""widthType"": ""percentage"", ""afterLabel"": ""After"", ""fontFamily"": ""poppins"", ""showLabels"": true, ""widthValue"": 100, ""aspectRatio"": ""4:3"", ""beforeLabel"": ""Before"", ""shadowStyle"": ""default"", ""borderRadius"": 24, ""backgroundType"": ""transparent"", ""backgroundColor"": ""#000000"", ""instructionText"": ""Drag to compare"", ""showInstructions"": true, ""startingPosition"": 70, ""customAspectWidth"": 16, ""customAspectHeight"": 9, ""instructionFontSize"": 14, ""labelBackgroundColor"": ""#007bff"", ""preventScrollHijacking"": true}, ""afterImage"": ""https://xyfxwlkyzpqydzqcszeu.supabase.co/storage/v1/object/public/media-library/0f758cf9-b381-4da0-8cb7-5579fc9120c7/1762406518463-2ejqic1sj07.webp"", ""beforeImage"": ""https://xyfxwlkyzpqydzqcszeu.supabase.co/storage/v1/object/public/media-library/0f758cf9-b381-4da0-8cb7-5579fc9120c7/1762406515719-h7jiwq10ww8.webp""}"
0f758cf9-b381-4da0-8cb7-5579fc9120c7,SSR Autobody (built by Shah),BEFORE_AFTER_SLIDER,BMW X7 X40i Before and After (Central Auto Body),1730fc65-09fc-486b-9acf-fefc44ee01be,True,2026-05-08T18:31:00.37954+00:00,2026-05-08T18:31:42.729+00:00,4660,2026-08-05T04:52:37.712573+00:00,2026-05-08T18:32:41.037+00:00,"{""styles"": {""textColor"": ""#FFFFFF"", ""widthType"": ""percentage"", ""afterLabel"": ""After"", ""fontFamily"": ""poppins"", ""showLabels"": true, ""widthValue"": 100, ""aspectRatio"": ""4:3"", ""beforeLabel"": ""Before"", ""shadowStyle"": ""default"", ""borderRadius"": 24, ""backgroundType"": ""transparent"", ""backgroundColor"": ""#000000"", ""instructionText"": ""Drag to compare"", ""showInstructions"": true, ""startingPosition"": 70, ""customAspectWidth"": 16, ""customAspectHeight"": 9, ""instructionFontSize"": 14, ""labelBackgroundColor"": ""#007bff"", ""preventScrollHijacking"": true}, ""afterImage"": ""https://xyfxwlkyzpqydzqcszeu.supabase.co/storage/v1/object/public/media-library/0f758cf9-b381-4da0-8cb7-5579fc9120c7/1762406518463-2ejqic1sj07.webp"", ""beforeImage"": ""https://xyfxwlkyzpqydzqcszeu.supabase.co/storage/v1/object/public/media-library/0f758cf9-b381-4da0-8cb7-5579fc9120c7/1762406515719-h7jiwq10ww8.webp""}"
0f758cf9-b381-4da0-8cb7-5579fc9120c7,SSR Autobody (built by Shah),BEFORE_AFTER_SLIDER,BMW X7 X40i Before and After (Chris Auto Body)  ,04513b3f-c924-42a4-8625-95d9e6391df1,True,2026-01-21T23:01:44.839986+00:00,2026-01-21T23:02:41.147+00:00,4770,2026-08-05T03:06:33.938134+00:00,2026-01-21T23:03:43.126+00:00,"{""styles"": {""textColor"": ""#FFFFFF"", ""widthType"": ""percentage"", ""afterLabel"": ""After"", ""fontFamily"": ""poppins"", ""showLabels"": true, ""widthValue"": 100, ""aspectRatio"": ""4:3"", ""beforeLabel"": ""Before"", ""shadowStyle"": ""default"", ""borderRadius"": 24, ""backgroundType"": ""transparent"", ""backgroundColor"": ""#000000"", ""instructionText"": ""Drag to compare"", ""showInstructions"": true, ""startingPosition"": 70, ""customAspectWidth"": 16, ""customAspectHeight"": 9, ""instructionFontSize"": 14, ""labelBackgroundColor"": ""#e42709"", ""preventScrollHijacking"": true}, ""afterImage"": ""https://xyfxwlkyzpqydzqcszeu.supabase.co/storage/v1/object/public/media-library/0f758cf9-b381-4da0-8cb7-5579fc9120c7/1762406518463-2ejqic1sj07.webp"", ""beforeImage"": ""https://xyfxwlkyzpqydzqcszeu.supabase.co/storage/v1/object/public/media-library/0f758cf9-b381-4da0-8cb7-5579fc9120c7/1762406515719-h7jiwq10ww8.webp""}"
0f758cf9-b381-4da0-8cb7-5579fc9120c7,SSR Autobody (built by Shah),BEFORE_AFTER_SLIDER,BMW X7 X40i Before and After (Collision Motor Specialist),5cf4b600-72af-4bb0-86cd-9a59b79011da,True,2026-06-30T19:00:08.325224+00:00,2026-06-30T19:00:58.856+00:00,2983,2026-08-05T00:40:31.37488+00:00,2026-06-30T19:02:03.726+00:00,"{""styles"": {""textColor"": ""#FFFFFF"", ""widthType"": ""percentage"", ""afterLabel"": ""After"", ""fontFamily"": ""poppins"", ""showLabels"": true, ""widthValue"": 100, ""aspectRatio"": ""4:3"", ""beforeLabel"": ""Before"", ""shadowStyle"": ""default"", ""borderRadius"": 24, ""backgroundType"": ""transparent"", ""backgroundColor"": ""#000000"", ""instructionText"": ""Drag to compare"", ""showInstructions"": true, ""startingPosition"": 70, ""customAspectWidth"": 16, ""customAspectHeight"": 9, ""instructionFontSize"": 14, ""labelBackgroundColor"": ""#e42709"", ""preventScrollHijacking"": true}, ""afterImage"": ""https://xyfxwlkyzpqydzqcszeu.supabase.co/storage/v1/object/public/media-library/0f758cf9-b381-4da0-8cb7-5579fc9120c7/1762406518463-2ejqic1sj07.webp"", ""beforeImage"": ""https://xyfxwlkyzpqydzqcszeu.supabase.co/storage/v1/object/public/media-library/0f758cf9-b381-4da0-8cb7-5579fc9120c7/1762406515719-h7jiwq10ww8.webp""}"
0f758cf9-b381-4da0-8cb7-5579fc9120c7,SSR Autobody (built by Shah),BEFORE_AFTER_SLIDER,BMW X7 X40i Before and After (Collision Stop),b4587800-10bd-4de4-bfe6-c1c262046309,True,2025-11-06T21:58:23.733651+00:00,2025-11-10T15:44:25.038+00:00,4137,2026-05-26T04:06:02.517+00:00,2025-11-06T21:58:23.733651+00:00,"{""styles"": {""textColor"": ""#FFFFFF"", ""widthType"": ""percentage"", ""afterLabel"": ""After"", ""fontFamily"": ""poppins"", ""showLabels"": true, ""widthValue"": 100, ""aspectRatio"": ""4:3"", ""beforeLabel"": ""Before"", ""shadowStyle"": ""default"", ""borderRadius"": 24, ""backgroundType"": ""transparent"", ""backgroundColor"": ""#000000"", ""instructionText"": ""Drag to compare"", ""showInstructions"": true, ""startingPosition"": 70, ""customAspectWidth"": 16, ""customAspectHeight"": 9, ""instructionFontSize"": 14, ""labelBackgroundColor"": ""#e42709"", ""preventScrollHijacking"": true}, ""afterImage"": ""https://xyfxwlkyzpqydzqcszeu.supabase.co/storage/v1/object/public/media-library/0f758cf9-b381-4da0-8cb7-5579fc9120c7/1762406518463-2ejqic1sj07.webp"", ""beforeImage"": ""https://xyfxwlkyzpqydzqcszeu.supabase.co/storage/v1/object/public/media-library/0f758cf9-b381-4da0-8cb7-5579fc9120c7/1762406515719-h7jiwq10ww8.webp""}"
0f758cf9-b381-4da0-8cb7-5579fc9120c7,SSR Autobody (built by Shah),BEFORE_AFTER_SLIDER,BMW X7 X40i Before and After (Countdown City Collision),6fe4a692-2c29-4919-ad81-189c34919b6d,True,2026-06-03T19:57:45.937138+00:00,2026-06-03T19:58:55.683+00:00,3450,2026-08-05T08:07:35.907055+00:00,2026-06-03T20:07:08.526+00:00,"{""styles"": {""textColor"": ""#FFFFFF"", ""widthType"": ""percentage"", ""afterLabel"": ""After"", ""fontFamily"": ""poppins"", ""showLabels"": true, ""widthValue"": 100, ""aspectRatio"": ""4:3"", ""beforeLabel"": ""Before"", ""shadowStyle"": ""default"", ""borderRadius"": 24, ""backgroundType"": ""transparent"", ""backgroundColor"": ""#000000"", ""instructionText"": ""Drag to compare"", ""showInstructions"": true, ""startingPosition"": 70, ""customAspectWidth"": 16, ""customAspectHeight"": 9, ""instructionFontSize"": 14, ""labelBackgroundColor"": ""#e42709"", ""preventScrollHijacking"": true}, ""afterImage"": ""https://xyfxwlkyzpqydzqcszeu.supabase.co/storage/v1/object/public/media-library/0f758cf9-b381-4da0-8cb7-5579fc9120c7/1762406518463-2ejqic1sj07.webp"", ""beforeImage"": ""https://xyfxwlkyzpqydzqcszeu.supabase.co/storage/v1/object/public/media-library/0f758cf9-b381-4da0-8cb7-5579fc9120c7/1762406515719-h7jiwq10ww8.webp""}"
0f758cf9-b381-4da0-8cb7-5579fc9120c7,SSR Autobody (built by Shah),BEFORE_AFTER_SLIDER,BMW X7 X40i Before and After (Curros) ,a856feee-58bd-4030-b265-b087ffb5301c,True,2025-12-24T23:23:09.057545+00:00,2025-12-24T23:23:55.306+00:00,14623,2026-08-05T09:48:18.679295+00:00,2025-12-24T23:25:22.501+00:00,"{""styles"": {""textColor"": ""#FFFFFF"", ""widthType"": ""percentage"", ""afterLabel"": ""After"", ""fontFamily"": ""poppins"", ""showLabels"": true, ""widthValue"": 100, ""aspectRatio"": ""4:3"", ""beforeLabel"": ""Before"", ""shadowStyle"": ""default"", ""borderRadius"": 24, ""backgroundType"": ""transparent"", ""backgroundColor"": ""#000000"", ""instructionText"": ""Drag to compare"", ""showInstructions"": true, ""startingPosition"": 70, ""customAspectWidth"": 16, ""customAspectHeight"": 9, ""instructionFontSize"": 14, ""labelBackgroundColor"": ""#e42709"", ""preventScrollHijacking"": true}, ""afterImage"": ""https://xyfxwlkyzpqydzqcszeu.supabase.co/storage/v1/object/public/media-library/0f758cf9-b381-4da0-8cb7-5579fc9120c7/1762406518463-2ejqic1sj07.webp"", ""beforeImage"": ""https://xyfxwlkyzpqydzqcszeu.supabase.co/storage/v1/object/public/media-library/0f758cf9-b381-4da0-8cb7-5579fc9120c7/1762406515719-h7jiwq10ww8.webp""}"
0f758cf9-b381-4da0-8cb7-5579fc9120c7,SSR Autobody (built by Shah),BEFORE_AFTER_SLIDER,BMW X7 X40i Before and After (Electrified Collision),d2fac632-a3c9-4616-bd61-556ec44806ed,True,2026-06-16T19:11:01.071847+00:00,2026-06-16T19:12:04.786+00:00,2740,2026-08-05T01:32:38.197561+00:00,2026-06-16T19:12:46.771+00:00,"{""styles"": {""textColor"": ""#FFFFFF"", ""widthType"": ""percentage"", ""afterLabel"": ""After"", ""fontFamily"": ""poppins"", ""showLabels"": true, ""widthValue"": 100, ""aspectRatio"": ""4:3"", ""beforeLabel"": ""Before"", ""shadowStyle"": ""default"", ""borderRadius"": 24, ""backgroundType"": ""transparent"", ""backgroundColor"": ""#000000"", ""instructionText"": ""Drag to compare"", ""showInstructions"": true, ""startingPosition"": 70, ""customAspectWidth"": 16, ""customAspectHeight"": 9, ""instructionFontSize"": 14, ""labelBackgroundColor"": ""#007bff"", ""preventScrollHijacking"": true}, ""afterImage"": ""https://xyfxwlkyzpqydzqcszeu.supabase.co/storage/v1/object/public/media-library/0f758cf9-b381-4da0-8cb7-5579fc9120c7/1762406518463-2ejqic1sj07.webp"", ""beforeImage"": ""https://xyfxwlkyzpqydzqcszeu.supabase.co/storage/v1/object/public/media-library/0f758cf9-b381-4da0-8cb7-5579fc9120c7/1762406515719-h7jiwq10ww8.webp""}"
0f758cf9-b381-4da0-8cb7-5579fc9120c7,SSR Autobody (built by Shah),BEFORE_AFTER_SLIDER,BMW X7 X40i Before and After (Elevated Auto & Collision),2232f992-3456-434a-b69f-b7bb7ccf9904,True,2026-06-01T19:51:35.633602+00:00,2026-06-01T19:52:30.743+00:00,3551,2026-08-05T03:25:58.814726+00:00,2026-06-01T19:58:21.2+00:00,"{""styles"": {""textColor"": ""#FFFFFF"", ""widthType"": ""percentage"", ""afterLabel"": ""After"", ""fontFamily"": ""poppins"", ""showLabels"": true, ""widthValue"": 100, ""aspectRatio"": ""4:3"", ""beforeLabel"": ""Before"", ""shadowStyle"": ""default"", ""borderRadius"": 24, ""backgroundType"": ""transparent"", ""backgroundColor"": ""#000000"", ""instructionText"": ""Drag to compare"", ""showInstructions"": true, ""startingPosition"": 70, ""customAspectWidth"": 16, ""customAspectHeight"": 9, ""instructionFontSize"": 14, ""labelBackgroundColor"": ""#e42709"", ""preventScrollHijacking"": true}, ""afterImage"": ""https://xyfxwlkyzpqydzqcszeu.supabase.co/storage/v1/object/public/media-library/0f758cf9-b381-4da0-8cb7-5579fc9120c7/1762406518463-2ejqic1sj07.webp"", ""beforeImage"": ""https://xyfxwlkyzpqydzqcszeu.supabase.co/storage/v1/object/public/media-library/0f758cf9-b381-4da0-8cb7-5579fc9120c7/1762406515719-h7jiwq10ww8.webp""}"
0f758cf9-b381-4da0-8cb7-5579fc9120c7,SSR Autobody (built by Shah),BEFORE_AFTER_SLIDER,BMW X7 X40i Before and After (Elite Auto Collision),bdbb919c-fb4f-4aee-ae95-ac7b22a5635b,True,2026-07-08T10:49:50.076438+00:00,2026-07-08T10:50:52.893+00:00,1924,2026-08-05T04:29:29.042324+00:00,2026-07-08T10:58:17.871+00:00,"{""styles"": {""textColor"": ""#FFFFFF"", ""widthType"": ""percentage"", ""afterLabel"": ""After"", ""fontFamily"": ""poppins"", ""showLabels"": true, ""widthValue"": 100, ""aspectRatio"": ""4:3"", ""beforeLabel"": ""Before"", ""shadowStyle"": ""default"", ""borderRadius"": 24, ""backgroundType"": ""transparent"", ""backgroundColor"": ""#000000"", ""instructionText"": ""Drag to compare"", ""showInstructions"": true, ""startingPosition"": 70, ""customAspectWidth"": 16, ""customAspectHeight"": 9, ""instructionFontSize"": 14, ""labelBackgroundColor"": ""#e42709"", ""preventScrollHijacking"": true}, ""afterImage"": ""https://xyfxwlkyzpqydzqcszeu.supabase.co/storage/v1/object/public/media-library/0f758cf9-b381-4da0-8cb7-5579fc9120c7/1762406518463-2ejqic1sj07.webp"", ""beforeImage"": ""https://xyfxwlkyzpqydzqcszeu.supabase.co/storage/v1/object/public/media-library/0f758cf9-b381-4da0-8cb7-5579fc9120c7/1762406515719-h7jiwq10ww8.webp""}"
0f758cf9-b381-4da0-8cb7-5579fc9120c7,SSR Autobody (built by Shah),BEFORE_AFTER_SLIDER,BMW X7 X40i Before and After (Elite Body Shop) ,bcef3bbc-50ce-4f22-b3a5-37e62798f3eb,True,2026-05-18T20:41:56.253305+00:00,2026-05-18T20:42:40.094+00:00,4217,2026-08-05T06:51:43.159639+00:00,2026-05-18T21:10:34.319+00:00,"{""styles"": {""textColor"": ""#FFFFFF"", ""widthType"": ""percentage"", ""afterLabel"": ""After"", ""fontFamily"": ""poppins"", ""showLabels"": true, ""widthValue"": 100, ""aspectRatio"": ""4:3"", ""beforeLabel"": ""Before"", ""shadowStyle"": ""default"", ""borderRadius"": 24, ""backgroundType"": ""transparent"", ""backgroundColor"": ""#000000"", ""instructionText"": ""Drag to compare"", ""showInstructions"": true, ""startingPosition"": 70, ""customAspectWidth"": 16, ""customAspectHeight"": 9, ""instructionFontSize"": 14, ""labelBackgroundColor"": ""#e42709"", ""preventScrollHijacking"": true}, ""afterImage"": ""https://xyfxwlkyzpqydzqcszeu.supabase.co/storage/v1/object/public/media-library/0f758cf9-b381-4da0-8cb7-5579fc9120c7/1762406518463-2ejqic1sj07.webp"", ""beforeImage"": ""https://xyfxwlkyzpqydzqcszeu.supabase.co/storage/v1/object/public/media-library/0f758cf9-b381-4da0-8cb7-5579fc9120c7/1762406515719-h7jiwq10ww8.webp""}"
0f758cf9-b381-4da0-8cb7-5579fc9120c7,SSR Autobody (built by Shah),BEFORE_AFTER_SLIDER,BMW X7 X40i Before and After (Erland Auto Body & Repair),3ecec32c-8b18-475b-ba95-c64292c78468,True,2026-06-19T18:48:50.48587+00:00,2026-07-10T17:16:00.696+00:00,3219,2026-08-05T03:10:36.750808+00:00,2026-06-19T18:53:44.164+00:00,"{""styles"": {""textColor"": ""#FFFFFF"", ""widthType"": ""percentage"", ""afterLabel"": ""After"", ""fontFamily"": ""poppins"", ""showLabels"": true, ""widthValue"": 100, ""aspectRatio"": ""4:3"", ""beforeLabel"": ""Before"", ""shadowStyle"": ""default"", ""borderRadius"": 24, ""backgroundType"": ""transparent"", ""backgroundColor"": ""#000000"", ""instructionText"": ""Drag to compare"", ""showInstructions"": true, ""startingPosition"": 70, ""customAspectWidth"": 16, ""customAspectHeight"": 9, ""instructionFontSize"": 14, ""labelBackgroundColor"": ""#e42709"", ""preventScrollHijacking"": true}, ""afterImage"": ""https://xyfxwlkyzpqydzqcszeu.supabase.co/storage/v1/object/public/media-library/0f758cf9-b381-4da0-8cb7-5579fc9120c7/1762406518463-2ejqic1sj07.webp"", ""beforeImage"": ""https://xyfxwlkyzpqydzqcszeu.supabase.co/storage/v1/object/public/media-library/0f758cf9-b381-4da0-8cb7-5579fc9120c7/1762406515719-h7jiwq10ww8.webp""}"
0f758cf9-b381-4da0-8cb7-5579fc9120c7,SSR Autobody (built by Shah),BEFORE_AFTER_SLIDER,BMW X7 X40i Before and After (F & M Automotive),50adb25d-91c5-4b53-ba9b-c9ac31d38200,True,2026-07-08T18:39:19.587285+00:00,2026-07-08T18:50:06.664+00:00,900,2026-08-05T06:07:32.558053+00:00,2026-07-08T18:53:27.414+00:00,"{""styles"": {""textColor"": ""#FFFFFF"", ""widthType"": ""percentage"", ""afterLabel"": ""After"", ""fontFamily"": ""poppins"", ""showLabels"": true, ""widthValue"": 100, ""aspectRatio"": ""4:3"", ""beforeLabel"": ""Before"", ""shadowStyle"": ""default"", ""borderRadius"": 24, ""backgroundType"": ""transparent"", ""backgroundColor"": ""#000000"", ""instructionText"": ""Drag to compare"", ""showInstructions"": true, ""startingPosition"": 70, ""customAspectWidth"": 16, ""customAspectHeight"": 9, ""instructionFontSize"": 14, ""labelBackgroundColor"": ""#007bff"", ""preventScrollHijacking"": true}, ""afterImage"": ""https://xyfxwlkyzpqydzqcszeu.supabase.co/storage/v1/object/public/media-library/0f758cf9-b381-4da0-8cb7-5579fc9120c7/1762406518463-2ejqic1sj07.webp"", ""beforeImage"": ""https://xyfxwlkyzpqydzqcszeu.supabase.co/storage/v1/object/public/media-library/0f758cf9-b381-4da0-8cb7-5579fc9120c7/1762406515719-h7jiwq10ww8.webp""}"
0f758cf9-b381-4da0-8cb7-5579fc9120c7,SSR Autobody (built by Shah),BEFORE_AFTER_SLIDER,BMW X7 X40i Before and After (Flex Auto Body) Copy,bc211263-3bbe-491b-ab3f-5f017b29d4bf,True,2026-03-04T03:03:52.443645+00:00,2026-03-04T03:04:18.827+00:00,5666,2026-07-24T13:40:40.976735+00:00,2026-03-04T03:05:17.249+00:00,"{""styles"": {""textColor"": ""#FFFFFF"", ""widthType"": ""percentage"", ""afterLabel"": ""After"", ""fontFamily"": ""poppins"", ""showLabels"": true, ""widthValue"": 100, ""aspectRatio"": ""4:3"", ""beforeLabel"": ""Before"", ""shadowStyle"": ""default"", ""borderRadius"": 24, ""backgroundType"": ""transparent"", ""backgroundColor"": ""#000000"", ""instructionText"": ""Drag to compare"", ""showInstructions"": true, ""startingPosition"": 70, ""customAspectWidth"": 16, ""customAspectHeight"": 9, ""instructionFontSize"": 14, ""labelBackgroundColor"": ""#e42709"", ""preventScrollHijacking"": true}, ""afterImage"": ""https://xyfxwlkyzpqydzqcszeu.supabase.co/storage/v1/object/public/media-library/0f758cf9-b381-4da0-8cb7-5579fc9120c7/1762406518463-2ejqic1sj07.webp"", ""beforeImage"": ""https://xyfxwlkyzpqydzqcszeu.supabase.co/storage/v1/object/public/media-library/0f758cf9-b381-4da0-8cb7-5579fc9120c7/1762406515719-h7jiwq10ww8.webp""}"
0f758cf9-b381-4da0-8cb7-5579fc9120c7,SSR Autobody (built by Shah),BEFORE_AFTER_SLIDER,BMW X7 X40i Before and After (Frankie M's Auto Body),a7b7375c-b99f-45ef-a176-1877f588aee6,True,2026-07-14T18:45:17.897103+00:00,2026-07-14T18:46:26.405+00:00,56,2026-08-04T18:50:54.276846+00:00,2026-07-14T18:56:40.32+00:00,"{""styles"": {""textColor"": ""#FFFFFF"", ""widthType"": ""percentage"", ""afterLabel"": ""After"", ""fontFamily"": ""poppins"", ""showLabels"": true, ""widthValue"": 100, ""aspectRatio"": ""4:3"", ""beforeLabel"": ""Before"", ""shadowStyle"": ""default"", ""borderRadius"": 24, ""backgroundType"": ""transparent"", ""backgroundColor"": ""#000000"", ""instructionText"": ""Drag to compare"", ""showInstructions"": true, ""startingPosition"": 70, ""customAspectWidth"": 16, ""customAspectHeight"": 9, ""instructionFontSize"": 14, ""labelBackgroundColor"": ""#007bff"", ""preventScrollHijacking"": true}, ""afterImage"": ""https://xyfxwlkyzpqydzqcszeu.supabase.co/storage/v1/object/public/media-library/0f758cf9-b381-4da0-8cb7-5579fc9120c7/1762406518463-2ejqic1sj07.webp"", ""beforeImage"": ""https://xyfxwlkyzpqydzqcszeu.supabase.co/storage/v1/object/public/media-library/0f758cf9-b381-4da0-8cb7-5579fc9120c7/1762406515719-h7jiwq10ww8.webp""}"
0f758cf9-b381-4da0-8cb7-5579fc9120c7,SSR Autobody (built by Shah),BEFORE_AFTER_SLIDER,BMW X7 X40i Before and After (Gary's Auto Collision Center),9f1fbe81-2645-4a86-a3da-f30887e3cfa3,True,2026-07-24T19:52:31.388138+00:00,2026-07-24T19:53:07.876+00:00,50,2026-08-04T18:33:09.502852+00:00,2026-07-24T19:56:52.094+00:00,"{""styles"": {""textColor"": ""#FFFFFF"", ""widthType"": ""percentage"", ""afterLabel"": ""After"", ""fontFamily"": ""poppins"", ""showLabels"": true, ""widthValue"": 100, ""aspectRatio"": ""4:3"", ""beforeLabel"": ""Before"", ""shadowStyle"": ""default"", ""borderRadius"": 24, ""backgroundType"": ""transparent"", ""backgroundColor"": ""#000000"", ""instructionText"": ""Drag to compare"", ""showInstructions"": true, ""startingPosition"": 70, ""customAspectWidth"": 16, ""customAspectHeight"": 9, ""instructionFontSize"": 14, ""labelBackgroundColor"": ""#e42709"", ""preventScrollHijacking"": true}, ""afterImage"": ""https://xyfxwlkyzpqydzqcszeu.supabase.co/storage/v1/object/public/media-library/0f758cf9-b381-4da0-8cb7-5579fc9120c7/1762406518463-2ejqic1sj07.webp"", ""beforeImage"": ""https://xyfxwlkyzpqydzqcszeu.supabase.co/storage/v1/object/public/media-library/0f758cf9-b381-4da0-8cb7-5579fc9120c7/1762406515719-h7jiwq10ww8.webp""}"
0f758cf9-b381-4da0-8cb7-5579fc9120c7,SSR Autobody (built by Shah),BEFORE_AFTER_SLIDER,BMW X7 X40i Before and After (Hyperion Auto Repair),a37d96b6-4a22-413e-895f-17a88fbd61d3,True,2026-07-02T23:18:28.502442+00:00,2026-07-02T23:19:49.463+00:00,2021,2026-08-05T09:21:38.769898+00:00,2026-07-02T23:21:34.414+00:00,"{""styles"": {""textColor"": ""#FFFFFF"", ""widthType"": ""percentage"", ""afterLabel"": ""After"", ""fontFamily"": ""poppins"", ""showLabels"": true, ""widthValue"": 100, ""aspectRatio"": ""4:3"", ""beforeLabel"": ""Before"", ""shadowStyle"": ""default"", ""borderRadius"": 24, ""backgroundType"": ""transparent"", ""backgroundColor"": ""#000000"", ""instructionText"": ""Drag to compare"", ""showInstructions"": true, ""startingPosition"": 70, ""customAspectWidth"": 16, ""customAspectHeight"": 9, ""instructionFontSize"": 14, ""labelBackgroundColor"": ""#007bff"", ""preventScrollHijacking"": true}, ""afterImage"": ""https://xyfxwlkyzpqydzqcszeu.supabase.co/storage/v1/object/public/media-library/0f758cf9-b381-4da0-8cb7-5579fc9120c7/1762406518463-2ejqic1sj07.webp"", ""beforeImage"": ""https://xyfxwlkyzpqydzqcszeu.supabase.co/storage/v1/object/public/media-library/0f758cf9-b381-4da0-8cb7-5579fc9120c7/1762406515719-h7jiwq10ww8.webp""}"
0f758cf9-b381-4da0-8cb7-5579fc9120c7,SSR Autobody (built by Shah),BEFORE_AFTER_SLIDER,BMW X7 X40i Before and After (International Auto) ,12a57788-e22e-4095-8323-387fa5d1a90e,True,2025-12-29T21:08:03.706874+00:00,2025-12-29T21:08:51.801+00:00,675,2026-07-29T20:43:14.133123+00:00,2025-12-29T21:09:55.901+00:00,"{""styles"": {""textColor"": ""#FFFFFF"", ""widthType"": ""percentage"", ""afterLabel"": ""After"", ""fontFamily"": ""poppins"", ""showLabels"": true, ""widthValue"": 100, ""aspectRatio"": ""4:3"", ""beforeLabel"": ""Before"", ""shadowStyle"": ""default"", ""borderRadius"": 24, ""backgroundType"": ""transparent"", ""backgroundColor"": ""#000000"", ""instructionText"": ""Drag to compare"", ""showInstructions"": true, ""startingPosition"": 70, ""customAspectWidth"": 16, ""customAspectHeight"": 9, ""instructionFontSize"": 14, ""labelBackgroundColor"": ""#e42709"", ""preventScrollHijacking"": true}, ""afterImage"": ""https://xyfxwlkyzpqydzqcszeu.supabase.co/storage/v1/object/public/media-library/0f758cf9-b381-4da0-8cb7-5579fc9120c7/1762406518463-2ejqic1sj07.webp"", ""beforeImage"": ""https://xyfxwlkyzpqydzqcszeu.supabase.co/storage/v1/object/public/media-library/0f758cf9-b381-4da0-8cb7-5579fc9120c7/1762406515719-h7jiwq10ww8.webp""}"
0f758cf9-b381-4da0-8cb7-5579fc9120c7,SSR Autobody (built by Shah),BEFORE_AFTER_SLIDER,BMW X7 X40i Before and After (LG Auto Body Fairfax),273d18e9-768b-4e09-afac-26aee74f800b,True,2026-02-10T00:19:17.414246+00:00,2026-02-10T00:20:12.591+00:00,9532,2026-08-05T08:27:19.216164+00:00,2026-02-10T00:21:07.026+00:00,"{""styles"": {""textColor"": ""#FFFFFF"", ""widthType"": ""percentage"", ""afterLabel"": ""After"", ""fontFamily"": ""poppins"", ""showLabels"": true, ""widthValue"": 100, ""aspectRatio"": ""4:3"", ""beforeLabel"": ""Before"", ""shadowStyle"": ""default"", ""borderRadius"": 24, ""backgroundType"": ""transparent"", ""backgroundColor"": ""#000000"", ""instructionText"": ""Drag to compare"", ""showInstructions"": true, ""startingPosition"": 70, ""customAspectWidth"": 16, ""customAspectHeight"": 9, ""instructionFontSize"": 14, ""labelBackgroundColor"": ""#e42709"", ""preventScrollHijacking"": true}, ""afterImage"": ""https://xyfxwlkyzpqydzqcszeu.supabase.co/storage/v1/object/public/media-library/0f758cf9-b381-4da0-8cb7-5579fc9120c7/1762406518463-2ejqic1sj07.webp"", ""beforeImage"": ""https://xyfxwlkyzpqydzqcszeu.supabase.co/storage/v1/object/public/media-library/0f758cf9-b381-4da0-8cb7-5579fc9120c7/1762406515719-h7jiwq10ww8.webp""}"
0f758cf9-b381-4da0-8cb7-5579fc9120c7,SSR Autobody (built by Shah),BEFORE_AFTER_SLIDER,BMW X7 X40i Before and After (LG AutoBody) Copy,6044922f-d3bd-489b-93c8-46f4ba98445f,True,2025-11-18T20:38:23.272055+00:00,2025-11-18T20:39:16.593+00:00,17913,2026-08-05T07:57:30.300565+00:00,2025-11-18T20:38:23.272055+00:00,"{""styles"": {""textColor"": ""#FFFFFF"", ""widthType"": ""percentage"", ""afterLabel"": ""After"", ""fontFamily"": ""poppins"", ""showLabels"": true, ""widthValue"": 100, ""aspectRatio"": ""4:3"", ""beforeLabel"": ""Before"", ""shadowStyle"": ""default"", ""borderRadius"": 24, ""backgroundType"": ""transparent"", ""backgroundColor"": ""#000000"", ""instructionText"": ""Drag to compare"", ""showInstructions"": true, ""startingPosition"": 70, ""customAspectWidth"": 16, ""customAspectHeight"": 9, ""instructionFontSize"": 14, ""labelBackgroundColor"": ""#e42709"", ""preventScrollHijacking"": true}, ""afterImage"": ""https://xyfxwlkyzpqydzqcszeu.supabase.co/storage/v1/object/public/media-library/0f758cf9-b381-4da0-8cb7-5579fc9120c7/1762406518463-2ejqic1sj07.webp"", ""beforeImage"": ""https://xyfxwlkyzpqydzqcszeu.supabase.co/storage/v1/object/public/media-library/0f758cf9-b381-4da0-8cb7-5579fc9120c7/1762406515719-h7jiwq10ww8.webp""}"
0f758cf9-b381-4da0-8cb7-5579fc9120c7,SSR Autobody (built by Shah),BEFORE_AFTER_SLIDER,BMW X7 X40i Before and After (Lone Star Auto Body),8a281451-821d-4ea7-b2c2-ef0a4bbbdf9c,True,2026-05-26T05:07:47.38719+00:00,2026-05-26T05:08:31.056+00:00,4577,2026-08-05T08:01:22.879786+00:00,2026-05-29T02:30:49.177+00:00,"{""styles"": {""textColor"": ""#FFFFFF"", ""widthType"": ""percentage"", ""afterLabel"": ""After"", ""fontFamily"": ""poppins"", ""showLabels"": true, ""widthValue"": 100, ""aspectRatio"": ""4:3"", ""beforeLabel"": ""Before"", ""shadowStyle"": ""default"", ""borderRadius"": 24, ""backgroundType"": ""transparent"", ""backgroundColor"": ""#000000"", ""instructionText"": ""Drag to compare"", ""showInstructions"": true, ""startingPosition"": 70, ""customAspectWidth"": 16, ""customAspectHeight"": 9, ""instructionFontSize"": 14, ""labelBackgroundColor"": ""#007bff"", ""preventScrollHijacking"": true}, ""afterImage"": ""https://xyfxwlkyzpqydzqcszeu.supabase.co/storage/v1/object/public/media-library/0f758cf9-b381-4da0-8cb7-5579fc9120c7/1762406518463-2ejqic1sj07.webp"", ""beforeImage"": ""https://xyfxwlkyzpqydzqcszeu.supabase.co/storage/v1/object/public/media-library/0f758cf9-b381-4da0-8cb7-5579fc9120c7/1762406515719-h7jiwq10ww8.webp""}"
0f758cf9-b381-4da0-8cb7-5579fc9120c7,SSR Autobody (built by Shah),BEFORE_AFTER_SLIDER,BMW X7 X40i Before and After (Makka Auto Body),4a53bb2b-8087-4657-be16-4eec3cb4ffe2,True,2026-02-10T22:01:00.832696+00:00,2026-02-10T22:01:34.623+00:00,16869,2026-08-05T07:43:08.515848+00:00,2026-02-10T22:02:25.597+00:00,"{""styles"": {""textColor"": ""#FFFFFF"", ""widthType"": ""percentage"", ""afterLabel"": ""After"", ""fontFamily"": ""poppins"", ""showLabels"": true, ""widthValue"": 100, ""aspectRatio"": ""4:3"", ""beforeLabel"": ""Before"", ""shadowStyle"": ""default"", ""borderRadius"": 24, ""backgroundType"": ""transparent"", ""backgroundColor"": ""#000000"", ""instructionText"": ""Drag to compare"", ""showInstructions"": true, ""startingPosition"": 70, ""customAspectWidth"": 16, ""customAspectHeight"": 9, ""instructionFontSize"": 14, ""labelBackgroundColor"": ""#e42709"", ""preventScrollHijacking"": true}, ""afterImage"": ""https://xyfxwlkyzpqydzqcszeu.supabase.co/storage/v1/object/public/media-library/0f758cf9-b381-4da0-8cb7-5579fc9120c7/1762406518463-2ejqic1sj07.webp"", ""beforeImage"": ""https://xyfxwlkyzpqydzqcszeu.supabase.co/storage/v1/object/public/media-library/0f758cf9-b381-4da0-8cb7-5579fc9120c7/1762406515719-h7jiwq10ww8.webp""}"
0f758cf9-b381-4da0-8cb7-5579fc9120c7,SSR Autobody (built by Shah),BEFORE_AFTER_SLIDER,BMW X7 X40i Before and After (National Auto Collision),a8074e0b-f576-4837-a56c-eaefd7bbec44,True,2026-03-23T22:21:20.940693+00:00,2026-03-23T22:22:33.752+00:00,5107,2026-08-05T07:31:43.186773+00:00,2026-03-23T22:23:36.289+00:00,"{""styles"": {""textColor"": ""#FFFFFF"", ""widthType"": ""percentage"", ""afterLabel"": ""After"", ""fontFamily"": ""poppins"", ""showLabels"": true, ""widthValue"": 100, ""aspectRatio"": ""4:3"", ""beforeLabel"": ""Before"", ""shadowStyle"": ""default"", ""borderRadius"": 24, ""backgroundType"": ""transparent"", ""backgroundColor"": ""#000000"", ""instructionText"": ""Drag to compare"", ""showInstructions"": true, ""startingPosition"": 70, ""customAspectWidth"": 16, ""customAspectHeight"": 9, ""instructionFontSize"": 14, ""labelBackgroundColor"": ""#007bff"", ""preventScrollHijacking"": true}, ""afterImage"": ""https://xyfxwlkyzpqydzqcszeu.supabase.co/storage/v1/object/public/media-library/0f758cf9-b381-4da0-8cb7-5579fc9120c7/1762406518463-2ejqic1sj07.webp"", ""beforeImage"": ""https://xyfxwlkyzpqydzqcszeu.supabase.co/storage/v1/object/public/media-library/0f758cf9-b381-4da0-8cb7-5579fc9120c7/1762406515719-h7jiwq10ww8.webp""}"
0f758cf9-b381-4da0-8cb7-5579fc9120c7,SSR Autobody (built by Shah),BEFORE_AFTER_SLIDER,BMW X7 X40i Before and After (P&C Collision Center),e0ed1843-2302-45f2-8652-3ab49c63484d,True,2026-06-15T18:38:46.935944+00:00,2026-06-15T18:41:48.41+00:00,2243,2026-08-04T19:47:48.494895+00:00,2026-06-15T18:44:58.923+00:00,"{""styles"": {""textColor"": ""#FFFFFF"", ""widthType"": ""percentage"", ""afterLabel"": ""After"", ""fontFamily"": ""poppins"", ""showLabels"": true, ""widthValue"": 100, ""aspectRatio"": ""4:3"", ""beforeLabel"": ""Before"", ""shadowStyle"": ""default"", ""borderRadius"": 24, ""backgroundType"": ""transparent"", ""backgroundColor"": ""#000000"", ""instructionText"": ""Drag to compare"", ""showInstructions"": true, ""startingPosition"": 70, ""customAspectWidth"": 16, ""customAspectHeight"": 9, ""instructionFontSize"": 14, ""labelBackgroundColor"": ""#e42709"", ""preventScrollHijacking"": true}, ""afterImage"": ""https://xyfxwlkyzpqydzqcszeu.supabase.co/storage/v1/object/public/media-library/0f758cf9-b381-4da0-8cb7-5579fc9120c7/1762406518463-2ejqic1sj07.webp"", ""beforeImage"": ""https://xyfxwlkyzpqydzqcszeu.supabase.co/storage/v1/object/public/media-library/0f758cf9-b381-4da0-8cb7-5579fc9120c7/1762406515719-h7jiwq10ww8.webp""}"
0f758cf9-b381-4da0-8cb7-5579fc9120c7,SSR Autobody (built by Shah),BEFORE_AFTER_SLIDER,BMW X7 X40i Before and After (Pacific Rims Auto Body Shop),09e54184-6c3f-480a-9e2e-7a5531450e25,True,2026-07-23T18:26:11.641621+00:00,2026-07-23T18:26:50.18+00:00,270,2026-08-05T08:38:38.868508+00:00,2026-07-23T18:28:04.837+00:00,"{""styles"": {""textColor"": ""#FFFFFF"", ""widthType"": ""percentage"", ""afterLabel"": ""After"", ""fontFamily"": ""poppins"", ""showLabels"": true, ""widthValue"": 100, ""aspectRatio"": ""4:3"", ""beforeLabel"": ""Before"", ""shadowStyle"": ""default"", ""borderRadius"": 24, ""backgroundType"": ""transparent"", ""backgroundColor"": ""#000000"", ""instructionText"": ""Drag to compare"", ""showInstructions"": true, ""startingPosition"": 70, ""customAspectWidth"": 16, ""customAspectHeight"": 9, ""instructionFontSize"": 14, ""labelBackgroundColor"": ""#007bff"", ""preventScrollHijacking"": true}, ""afterImage"": ""https://xyfxwlkyzpqydzqcszeu.supabase.co/storage/v1/object/public/media-library/0f758cf9-b381-4da0-8cb7-5579fc9120c7/1762406518463-2ejqic1sj07.webp"", ""beforeImage"": ""https://xyfxwlkyzpqydzqcszeu.supabase.co/storage/v1/object/public/media-library/0f758cf9-b381-4da0-8cb7-5579fc9120c7/1762406515719-h7jiwq10ww8.webp""}"
0f758cf9-b381-4da0-8cb7-5579fc9120c7,SSR Autobody (built by Shah),BEFORE_AFTER_SLIDER,BMW X7 X40i Before and After (Pazi Performance),100dab6e-614b-4889-a29d-cebf5c217509,True,2026-07-13T19:06:42.585757+00:00,2026-07-14T18:44:16.417+00:00,934,2026-08-05T09:27:50.781126+00:00,2026-07-13T19:10:26.672+00:00,"{""styles"": {""textColor"": ""#FFFFFF"", ""widthType"": ""percentage"", ""afterLabel"": ""After"", ""fontFamily"": ""poppins"", ""showLabels"": true, ""widthValue"": 100, ""aspectRatio"": ""4:3"", ""beforeLabel"": ""Before"", ""shadowStyle"": ""default"", ""borderRadius"": 24, ""backgroundType"": ""transparent"", ""backgroundColor"": ""#000000"", ""instructionText"": ""Drag to compare"", ""showInstructions"": true, ""startingPosition"": 70, ""customAspectWidth"": 16, ""customAspectHeight"": 9, ""instructionFontSize"": 14, ""labelBackgroundColor"": ""#007bff"", ""preventScrollHijacking"": true}, ""afterImage"": ""https://xyfxwlkyzpqydzqcszeu.supabase.co/storage/v1/object/public/media-library/0f758cf9-b381-4da0-8cb7-5579fc9120c7/1762406518463-2ejqic1sj07.webp"", ""beforeImage"": ""https://xyfxwlkyzpqydzqcszeu.supabase.co/storage/v1/object/public/media-library/0f758cf9-b381-4da0-8cb7-5579fc9120c7/1762406515719-h7jiwq10ww8.webp""}"
0f758cf9-b381-4da0-8cb7-5579fc9120c7,SSR Autobody (built by Shah),BEFORE_AFTER_SLIDER,BMW X7 X40i Before and After (Pit Stop Auto Collision),b0de0242-deae-4caf-ab49-d59230c1389a,True,2026-03-24T21:56:40.649222+00:00,2026-03-24T21:57:15.24+00:00,11511,2026-08-05T07:04:59.320615+00:00,2026-03-24T21:57:58.299+00:00,"{""styles"": {""textColor"": ""#FFFFFF"", ""widthType"": ""percentage"", ""afterLabel"": ""After"", ""fontFamily"": ""poppins"", ""showLabels"": true, ""widthValue"": 100, ""aspectRatio"": ""4:3"", ""beforeLabel"": ""Before"", ""shadowStyle"": ""default"", ""borderRadius"": 24, ""backgroundType"": ""transparent"", ""backgroundColor"": ""#000000"", ""instructionText"": ""Drag to compare"", ""showInstructions"": true, ""startingPosition"": 70, ""customAspectWidth"": 16, ""customAspectHeight"": 9, ""instructionFontSize"": 14, ""labelBackgroundColor"": ""#e42709"", ""preventScrollHijacking"": true}, ""afterImage"": ""https://xyfxwlkyzpqydzqcszeu.supabase.co/storage/v1/object/public/media-library/0f758cf9-b381-4da0-8cb7-5579fc9120c7/1762406518463-2ejqic1sj07.webp"", ""beforeImage"": ""https://xyfxwlkyzpqydzqcszeu.supabase.co/storage/v1/object/public/media-library/0f758cf9-b381-4da0-8cb7-5579fc9120c7/1762406515719-h7jiwq10ww8.webp""}"
0f758cf9-b381-4da0-8cb7-5579fc9120c7,SSR Autobody (built by Shah),BEFORE_AFTER_SLIDER,BMW X7 X40i Before and After (Platinum Auto Collision),df83a15e-3c89-41c7-be0e-fc33b64d2e12,True,2026-07-21T17:32:31.373296+00:00,2026-07-21T17:33:13.488+00:00,63,2026-08-04T18:55:10.80519+00:00,2026-07-21T17:38:55.624+00:00,"{""styles"": {""textColor"": ""#FFFFFF"", ""widthType"": ""percentage"", ""afterLabel"": ""After"", ""fontFamily"": ""poppins"", ""showLabels"": true, ""widthValue"": 100, ""aspectRatio"": ""4:3"", ""beforeLabel"": ""Before"", ""shadowStyle"": ""default"", ""borderRadius"": 24, ""backgroundType"": ""transparent"", ""backgroundColor"": ""#000000"", ""instructionText"": ""Drag to compare"", ""showInstructions"": true, ""startingPosition"": 70, ""customAspectWidth"": 16, ""customAspectHeight"": 9, ""instructionFontSize"": 14, ""labelBackgroundColor"": ""#e42709"", ""preventScrollHijacking"": true}, ""afterImage"": ""https://xyfxwlkyzpqydzqcszeu.supabase.co/storage/v1/object/public/media-library/0f758cf9-b381-4da0-8cb7-5579fc9120c7/1762406518463-2ejqic1sj07.webp"", ""beforeImage"": ""https://xyfxwlkyzpqydzqcszeu.supabase.co/storage/v1/object/public/media-library/0f758cf9-b381-4da0-8cb7-5579fc9120c7/1762406515719-h7jiwq10ww8.webp""}"
0f758cf9-b381-4da0-8cb7-5579fc9120c7,SSR Autobody (built by Shah),BEFORE_AFTER_SLIDER,BMW X7 X40i Before and After (Pompano Auto Service),5de19c00-036d-413f-a857-a40904295631,True,2026-06-02T19:36:07.120153+00:00,2026-06-02T19:36:58.009+00:00,2676,2026-08-05T07:05:51.41052+00:00,2026-06-02T19:41:36.106+00:00,"{""styles"": {""textColor"": ""#FFFFFF"", ""widthType"": ""percentage"", ""afterLabel"": ""After"", ""fontFamily"": ""poppins"", ""showLabels"": true, ""widthValue"": 100, ""aspectRatio"": ""4:3"", ""beforeLabel"": ""Before"", ""shadowStyle"": ""default"", ""borderRadius"": 24, ""backgroundType"": ""transparent"", ""backgroundColor"": ""#000000"", ""instructionText"": ""Drag to compare"", ""showInstructions"": true, ""startingPosition"": 70, ""customAspectWidth"": 16, ""customAspectHeight"": 9, ""instructionFontSize"": 14, ""labelBackgroundColor"": ""#007bff"", ""preventScrollHijacking"": true}, ""afterImage"": ""https://xyfxwlkyzpqydzqcszeu.supabase.co/storage/v1/object/public/media-library/0f758cf9-b381-4da0-8cb7-5579fc9120c7/1762406518463-2ejqic1sj07.webp"", ""beforeImage"": ""https://xyfxwlkyzpqydzqcszeu.supabase.co/storage/v1/object/public/media-library/0f758cf9-b381-4da0-8cb7-5579fc9120c7/1762406515719-h7jiwq10ww8.webp""}"
0f758cf9-b381-4da0-8cb7-5579fc9120c7,SSR Autobody (built by Shah),BEFORE_AFTER_SLIDER,BMW X7 X40i Before and After (Premier Auto Collision),18f29105-0a86-47ab-8104-472fcc0db33d,True,2026-07-16T18:44:45.829619+00:00,2026-07-16T18:45:43.954+00:00,46,2026-08-04T19:39:08.498596+00:00,2026-07-16T18:48:10.032+00:00,"{""styles"": {""textColor"": ""#FFFFFF"", ""widthType"": ""percentage"", ""afterLabel"": ""After"", ""fontFamily"": ""poppins"", ""showLabels"": true, ""widthValue"": 100, ""aspectRatio"": ""4:3"", ""beforeLabel"": ""Before"", ""shadowStyle"": ""default"", ""borderRadius"": 24, ""backgroundType"": ""transparent"", ""backgroundColor"": ""#000000"", ""instructionText"": ""Drag to compare"", ""showInstructions"": true, ""startingPosition"": 70, ""customAspectWidth"": 16, ""customAspectHeight"": 9, ""instructionFontSize"": 14, ""labelBackgroundColor"": ""#007bff"", ""preventScrollHijacking"": true}, ""afterImage"": ""https://xyfxwlkyzpqydzqcszeu.supabase.co/storage/v1/object/public/media-library/0f758cf9-b381-4da0-8cb7-5579fc9120c7/1762406518463-2ejqic1sj07.webp"", ""beforeImage"": ""https://xyfxwlkyzpqydzqcszeu.supabase.co/storage/v1/object/public/media-library/0f758cf9-b381-4da0-8cb7-5579fc9120c7/1762406515719-h7jiwq10ww8.webp""}"
0f758cf9-b381-4da0-8cb7-5579fc9120c7,SSR Autobody (built by Shah),BEFORE_AFTER_SLIDER,BMW X7 X40i Before and After (Premier Autobody & Frame),69e54383-b1d1-4822-a8d5-11832d2fff85,True,2026-06-17T19:23:05.216791+00:00,2026-06-17T19:23:43.603+00:00,2815,2026-08-05T08:52:37.831151+00:00,2026-06-17T19:26:11.465+00:00,"{""styles"": {""textColor"": ""#FFFFFF"", ""widthType"": ""percentage"", ""afterLabel"": ""After"", ""fontFamily"": ""poppins"", ""showLabels"": true, ""widthValue"": 100, ""aspectRatio"": ""4:3"", ""beforeLabel"": ""Before"", ""shadowStyle"": ""default"", ""borderRadius"": 24, ""backgroundType"": ""transparent"", ""backgroundColor"": ""#000000"", ""instructionText"": ""Drag to compare"", ""showInstructions"": true, ""startingPosition"": 70, ""customAspectWidth"": 16, ""customAspectHeight"": 9, ""instructionFontSize"": 14, ""labelBackgroundColor"": ""#007bff"", ""preventScrollHijacking"": true}, ""afterImage"": ""https://xyfxwlkyzpqydzqcszeu.supabase.co/storage/v1/object/public/media-library/0f758cf9-b381-4da0-8cb7-5579fc9120c7/1762406518463-2ejqic1sj07.webp"", ""beforeImage"": ""https://xyfxwlkyzpqydzqcszeu.supabase.co/storage/v1/object/public/media-library/0f758cf9-b381-4da0-8cb7-5579fc9120c7/1762406515719-h7jiwq10ww8.webp""}"
0f758cf9-b381-4da0-8cb7-5579fc9120c7,SSR Autobody (built by Shah),BEFORE_AFTER_SLIDER,BMW X7 X40i Before and After (Primes Auto Service),630be201-74e1-4779-b93d-f80252e9e1c3,True,2026-07-09T19:12:52.366031+00:00,2026-07-09T19:13:58.281+00:00,2364,2026-08-05T08:55:54.924049+00:00,2026-07-09T19:17:54.16+00:00,"{""styles"": {""textColor"": ""#FFFFFF"", ""widthType"": ""percentage"", ""afterLabel"": ""After"", ""fontFamily"": ""poppins"", ""showLabels"": true, ""widthValue"": 100, ""aspectRatio"": ""4:3"", ""beforeLabel"": ""Before"", ""shadowStyle"": ""default"", ""borderRadius"": 24, ""backgroundType"": ""transparent"", ""backgroundColor"": ""#000000"", ""instructionText"": ""Drag to compare"", ""showInstructions"": true, ""startingPosition"": 70, ""customAspectWidth"": 16, ""customAspectHeight"": 9, ""instructionFontSize"": 14, ""labelBackgroundColor"": ""#e42709"", ""preventScrollHijacking"": true}, ""afterImage"": ""https://xyfxwlkyzpqydzqcszeu.supabase.co/storage/v1/object/public/media-library/0f758cf9-b381-4da0-8cb7-5579fc9120c7/1762406518463-2ejqic1sj07.webp"", ""beforeImage"": ""https://xyfxwlkyzpqydzqcszeu.supabase.co/storage/v1/object/public/media-library/0f758cf9-b381-4da0-8cb7-5579fc9120c7/1762406515719-h7jiwq10ww8.webp""}"
0f758cf9-b381-4da0-8cb7-5579fc9120c7,SSR Autobody (built by Shah),BEFORE_AFTER_SLIDER,BMW X7 X40i Before and After (Pro Color Collision),1eafb9f7-be2d-49b3-8d70-f18ea3bf078b,True,2025-12-26T20:32:30.676091+00:00,2025-12-26T20:33:15.427+00:00,6760,2026-08-04T22:54:29.348307+00:00,2025-12-26T20:34:13.92+00:00,"{""styles"": {""textColor"": ""#FFFFFF"", ""widthType"": ""percentage"", ""afterLabel"": ""After"", ""fontFamily"": ""poppins"", ""showLabels"": true, ""widthValue"": 100, ""aspectRatio"": ""4:3"", ""beforeLabel"": ""Before"", ""shadowStyle"": ""default"", ""borderRadius"": 24, ""backgroundType"": ""transparent"", ""backgroundColor"": ""#000000"", ""instructionText"": ""Drag to compare"", ""showInstructions"": true, ""startingPosition"": 70, ""customAspectWidth"": 16, ""customAspectHeight"": 9, ""instructionFontSize"": 14, ""labelBackgroundColor"": ""#e42709"", ""preventScrollHijacking"": true}, ""afterImage"": ""https://xyfxwlkyzpqydzqcszeu.supabase.co/storage/v1/object/public/media-library/0f758cf9-b381-4da0-8cb7-5579fc9120c7/1762406518463-2ejqic1sj07.webp"", ""beforeImage"": ""https://xyfxwlkyzpqydzqcszeu.supabase.co/storage/v1/object/public/media-library/0f758cf9-b381-4da0-8cb7-5579fc9120c7/1762406515719-h7jiwq10ww8.webp""}"
0f758cf9-b381-4da0-8cb7-5579fc9120c7,SSR Autobody (built by Shah),BEFORE_AFTER_SLIDER,BMW X7 X40i Before and After (Relux Collision),33b61a3a-e92a-411d-8e21-45d0a60154a6,True,2026-07-20T18:50:24.19227+00:00,2026-07-20T18:51:00.524+00:00,918,2026-08-05T09:12:40.328061+00:00,2026-07-20T18:53:08.386+00:00,"{""styles"": {""textColor"": ""#FFFFFF"", ""widthType"": ""percentage"", ""afterLabel"": ""After"", ""fontFamily"": ""poppins"", ""showLabels"": true, ""widthValue"": 100, ""aspectRatio"": ""4:3"", ""beforeLabel"": ""Before"", ""shadowStyle"": ""default"", ""borderRadius"": 24, ""backgroundType"": ""transparent"", ""backgroundColor"": ""#000000"", ""instructionText"": ""Drag to compare"", ""showInstructions"": true, ""startingPosition"": 70, ""customAspectWidth"": 16, ""customAspectHeight"": 9, ""instructionFontSize"": 14, ""labelBackgroundColor"": ""#007bff"", ""preventScrollHijacking"": true}, ""afterImage"": ""https://xyfxwlkyzpqydzqcszeu.supabase.co/storage/v1/object/public/media-library/0f758cf9-b381-4da0-8cb7-5579fc9120c7/1762406518463-2ejqic1sj07.webp"", ""beforeImage"": ""https://xyfxwlkyzpqydzqcszeu.supabase.co/storage/v1/object/public/media-library/0f758cf9-b381-4da0-8cb7-5579fc9120c7/1762406515719-h7jiwq10ww8.webp""}"
0f758cf9-b381-4da0-8cb7-5579fc9120c7,SSR Autobody (built by Shah),BEFORE_AFTER_SLIDER,BMW X7 X40i Before and After (Rickenbaugh Collision Center),916d5cb5-51fd-4df9-9a0a-e493af7eec70,True,2026-06-04T19:42:18.685463+00:00,2026-06-04T19:43:11.688+00:00,4051,2026-08-05T06:20:46.075027+00:00,2026-06-04T19:47:32.205+00:00,"{""styles"": {""textColor"": ""#FFFFFF"", ""widthType"": ""percentage"", ""afterLabel"": ""After"", ""fontFamily"": ""poppins"", ""showLabels"": true, ""widthValue"": 100, ""aspectRatio"": ""4:3"", ""beforeLabel"": ""Before"", ""shadowStyle"": ""default"", ""borderRadius"": 24, ""backgroundType"": ""transparent"", ""backgroundColor"": ""#000000"", ""instructionText"": ""Drag to compare"", ""showInstructions"": true, ""startingPosition"": 70, ""customAspectWidth"": 16, ""customAspectHeight"": 9, ""instructionFontSize"": 14, ""labelBackgroundColor"": ""#e42709"", ""preventScrollHijacking"": true}, ""afterImage"": ""https://xyfxwlkyzpqydzqcszeu.supabase.co/storage/v1/object/public/media-library/0f758cf9-b381-4da0-8cb7-5579fc9120c7/1762406518463-2ejqic1sj07.webp"", ""beforeImage"": ""https://xyfxwlkyzpqydzqcszeu.supabase.co/storage/v1/object/public/media-library/0f758cf9-b381-4da0-8cb7-5579fc9120c7/1762406515719-h7jiwq10ww8.webp""}"
0f758cf9-b381-4da0-8cb7-5579fc9120c7,SSR Autobody (built by Shah),BEFORE_AFTER_SLIDER,BMW X7 X40i Before and After (Royal Auto Body & Repair Center),dd48e289-9ff4-460e-adf8-346714063dcd,True,2026-06-09T20:59:14.630835+00:00,2026-06-09T21:00:27.611+00:00,3490,2026-08-05T08:45:51.076279+00:00,2026-06-10T16:51:40.304+00:00,"{""styles"": {""textColor"": ""#FFFFFF"", ""widthType"": ""percentage"", ""afterLabel"": ""After"", ""fontFamily"": ""poppins"", ""showLabels"": true, ""widthValue"": 100, ""aspectRatio"": ""4:3"", ""beforeLabel"": ""Before"", ""shadowStyle"": ""default"", ""borderRadius"": 24, ""backgroundType"": ""transparent"", ""backgroundColor"": ""#000000"", ""instructionText"": ""Drag to compare"", ""showInstructions"": true, ""startingPosition"": 70, ""customAspectWidth"": 16, ""customAspectHeight"": 9, ""instructionFontSize"": 14, ""labelBackgroundColor"": ""#e42709"", ""preventScrollHijacking"": true}, ""afterImage"": ""https://xyfxwlkyzpqydzqcszeu.supabase.co/storage/v1/object/public/media-library/0f758cf9-b381-4da0-8cb7-5579fc9120c7/1762406518463-2ejqic1sj07.webp"", ""beforeImage"": ""https://xyfxwlkyzpqydzqcszeu.supabase.co/storage/v1/object/public/media-library/0f758cf9-b381-4da0-8cb7-5579fc9120c7/1762406515719-h7jiwq10ww8.webp""}"
0f758cf9-b381-4da0-8cb7-5579fc9120c7,SSR Autobody (built by Shah),BEFORE_AFTER_SLIDER,BMW X7 X40i Before and After (SSR Autobody),17f243c6-655e-452d-9797-2f9d8e07c384,True,2025-10-28T15:16:05.604016+00:00,2025-11-10T15:42:24.715+00:00,11891,2026-08-05T07:20:21.063029+00:00,2025-10-28T15:16:05.604016+00:00,"{""styles"": {""textColor"": ""#FFFFFF"", ""widthType"": ""percentage"", ""afterLabel"": ""After"", ""fontFamily"": ""poppins"", ""showLabels"": true, ""widthValue"": 100, ""aspectRatio"": ""4:3"", ""beforeLabel"": ""Before"", ""shadowStyle"": ""default"", ""borderRadius"": 24, ""backgroundType"": ""transparent"", ""backgroundColor"": ""#000000"", ""instructionText"": ""Drag to compare"", ""showInstructions"": true, ""startingPosition"": 70, ""customAspectWidth"": 16, ""customAspectHeight"": 9, ""instructionFontSize"": 14, ""labelBackgroundColor"": ""#e42709"", ""preventScrollHijacking"": true}, ""afterImage"": ""https://xyfxwlkyzpqydzqcszeu.supabase.co/storage/v1/object/public/media-library/0f758cf9-b381-4da0-8cb7-5579fc9120c7/1761664492584-kowwtbesbr.webp"", ""beforeImage"": ""https://xyfxwlkyzpqydzqcszeu.supabase.co/storage/v1/object/public/media-library/0f758cf9-b381-4da0-8cb7-5579fc9120c7/1761664480954-r5jbypnod5.webp""}"
0f758cf9-b381-4da0-8cb7-5579fc9120c7,SSR Autobody (built by Shah),BEFORE_AFTER_SLIDER,BMW X7 X40i Before and After (San Leandro Auto Body),3b43ec3a-fbaf-407c-92d8-6715da6ebb2c,True,2026-02-04T01:44:51.175022+00:00,2026-02-04T01:45:50.053+00:00,10973,2026-08-05T09:13:45.660217+00:00,2026-02-04T01:46:34.414+00:00,"{""styles"": {""textColor"": ""#FFFFFF"", ""widthType"": ""percentage"", ""afterLabel"": ""After"", ""fontFamily"": ""poppins"", ""showLabels"": true, ""widthValue"": 100, ""aspectRatio"": ""4:3"", ""beforeLabel"": ""Before"", ""shadowStyle"": ""default"", ""borderRadius"": 24, ""backgroundType"": ""transparent"", ""backgroundColor"": ""#000000"", ""instructionText"": ""Drag to compare"", ""showInstructions"": true, ""startingPosition"": 70, ""customAspectWidth"": 16, ""customAspectHeight"": 9, ""instructionFontSize"": 14, ""labelBackgroundColor"": ""#e42709"", ""preventScrollHijacking"": true}, ""afterImage"": ""https://xyfxwlkyzpqydzqcszeu.supabase.co/storage/v1/object/public/media-library/0f758cf9-b381-4da0-8cb7-5579fc9120c7/1762406518463-2ejqic1sj07.webp"", ""beforeImage"": ""https://xyfxwlkyzpqydzqcszeu.supabase.co/storage/v1/object/public/media-library/0f758cf9-b381-4da0-8cb7-5579fc9120c7/1762406515719-h7jiwq10ww8.webp""}"
0f758cf9-b381-4da0-8cb7-5579fc9120c7,SSR Autobody (built by Shah),BEFORE_AFTER_SLIDER,BMW X7 X40i Before and After (Santa Ana Body Shop),967a63fc-355b-4fe7-bad2-aeae44f98013,True,2026-05-11T21:11:14.991147+00:00,2026-05-11T21:11:59.967+00:00,6576,2026-08-05T08:36:44.964281+00:00,2026-05-11T21:18:00.016+00:00,"{""styles"": {""textColor"": ""#FFFFFF"", ""widthType"": ""percentage"", ""afterLabel"": ""After"", ""fontFamily"": ""poppins"", ""showLabels"": true, ""widthValue"": 100, ""aspectRatio"": ""4:3"", ""beforeLabel"": ""Before"", ""shadowStyle"": ""default"", ""borderRadius"": 24, ""backgroundType"": ""transparent"", ""backgroundColor"": ""#000000"", ""instructionText"": ""Drag to compare"", ""showInstructions"": true, ""startingPosition"": 70, ""customAspectWidth"": 16, ""customAspectHeight"": 9, ""instructionFontSize"": 14, ""labelBackgroundColor"": ""#e42709"", ""preventScrollHijacking"": true}, ""afterImage"": ""https://xyfxwlkyzpqydzqcszeu.supabase.co/storage/v1/object/public/media-library/0f758cf9-b381-4da0-8cb7-5579fc9120c7/1762406518463-2ejqic1sj07.webp"", ""beforeImage"": ""https://xyfxwlkyzpqydzqcszeu.supabase.co/storage/v1/object/public/media-library/0f758cf9-b381-4da0-8cb7-5579fc9120c7/1762406515719-h7jiwq10ww8.webp""}"
0f758cf9-b381-4da0-8cb7-5579fc9120c7,SSR Autobody (built by Shah),BEFORE_AFTER_SLIDER,BMW X7 X40i Before and After (Santa Fe Collision) Copy,4eb60dd7-a3d1-4208-98da-d677e3c288f9,True,2025-11-24T23:43:18.711953+00:00,2025-11-24T23:44:17.58+00:00,11215,2026-08-05T08:35:31.831481+00:00,2025-11-24T23:43:18.711953+00:00,"{""styles"": {""textColor"": ""#FFFFFF"", ""widthType"": ""percentage"", ""afterLabel"": ""After"", ""fontFamily"": ""poppins"", ""showLabels"": true, ""widthValue"": 100, ""aspectRatio"": ""4:3"", ""beforeLabel"": ""Before"", ""shadowStyle"": ""default"", ""borderRadius"": 24, ""backgroundType"": ""transparent"", ""backgroundColor"": ""#000000"", ""instructionText"": ""Drag to compare"", ""showInstructions"": true, ""startingPosition"": 70, ""customAspectWidth"": 16, ""customAspectHeight"": 9, ""instructionFontSize"": 14, ""labelBackgroundColor"": ""#007bff"", ""preventScrollHijacking"": true}, ""afterImage"": ""https://xyfxwlkyzpqydzqcszeu.supabase.co/storage/v1/object/public/media-library/0f758cf9-b381-4da0-8cb7-5579fc9120c7/1762406518463-2ejqic1sj07.webp"", ""beforeImage"": ""https://xyfxwlkyzpqydzqcszeu.supabase.co/storage/v1/object/public/media-library/0f758cf9-b381-4da0-8cb7-5579fc9120c7/1762406515719-h7jiwq10ww8.webp""}"
0f758cf9-b381-4da0-8cb7-5579fc9120c7,SSR Autobody (built by Shah),BEFORE_AFTER_SLIDER,BMW X7 X40i Before and After (Secret Collision Center),f177a83d-cc4a-441a-848b-4d0e1d485d71,True,2026-06-12T18:13:53.665941+00:00,2026-06-12T18:15:03.27+00:00,2354,2026-08-05T05:25:29.546467+00:00,2026-06-12T18:16:04.274+00:00,"{""styles"": {""textColor"": ""#FFFFFF"", ""widthType"": ""percentage"", ""afterLabel"": ""After"", ""fontFamily"": ""poppins"", ""showLabels"": true, ""widthValue"": 100, ""aspectRatio"": ""4:3"", ""beforeLabel"": ""Before"", ""shadowStyle"": ""default"", ""borderRadius"": 24, ""backgroundType"": ""transparent"", ""backgroundColor"": ""#000000"", ""instructionText"": ""Drag to compare"", ""showInstructions"": true, ""startingPosition"": 70, ""customAspectWidth"": 16, ""customAspectHeight"": 9, ""instructionFontSize"": 14, ""labelBackgroundColor"": ""#e42709"", ""preventScrollHijacking"": true}, ""afterImage"": ""https://xyfxwlkyzpqydzqcszeu.supabase.co/storage/v1/object/public/media-library/0f758cf9-b381-4da0-8cb7-5579fc9120c7/1762406518463-2ejqic1sj07.webp"", ""beforeImage"": ""https://xyfxwlkyzpqydzqcszeu.supabase.co/storage/v1/object/public/media-library/0f758cf9-b381-4da0-8cb7-5579fc9120c7/1762406515719-h7jiwq10ww8.webp""}"
0f758cf9-b381-4da0-8cb7-5579fc9120c7,SSR Autobody (built by Shah),BEFORE_AFTER_SLIDER,BMW X7 X40i Before and After (Sin City Collision Center),da39c3ea-194a-4e80-92f9-65c802a9d5c8,True,2026-07-15T18:33:45.17907+00:00,2026-07-15T18:35:01.457+00:00,795,2026-08-05T09:26:55.379534+00:00,2026-07-15T18:36:46.827+00:00,"{""styles"": {""textColor"": ""#FFFFFF"", ""widthType"": ""percentage"", ""afterLabel"": ""After"", ""fontFamily"": ""poppins"", ""showLabels"": true, ""widthValue"": 100, ""aspectRatio"": ""4:3"", ""beforeLabel"": ""Before"", ""shadowStyle"": ""default"", ""borderRadius"": 24, ""backgroundType"": ""transparent"", ""backgroundColor"": ""#000000"", ""instructionText"": ""Drag to compare"", ""showInstructions"": true, ""startingPosition"": 70, ""customAspectWidth"": 16, ""customAspectHeight"": 9, ""instructionFontSize"": 14, ""labelBackgroundColor"": ""#e42709"", ""preventScrollHijacking"": true}, ""afterImage"": ""https://xyfxwlkyzpqydzqcszeu.supabase.co/storage/v1/object/public/media-library/0f758cf9-b381-4da0-8cb7-5579fc9120c7/1762406518463-2ejqic1sj07.webp"", ""beforeImage"": ""https://xyfxwlkyzpqydzqcszeu.supabase.co/storage/v1/object/public/media-library/0f758cf9-b381-4da0-8cb7-5579fc9120c7/1762406515719-h7jiwq10ww8.webp""}"
0f758cf9-b381-4da0-8cb7-5579fc9120c7,SSR Autobody (built by Shah),BEFORE_AFTER_SLIDER,BMW X7 X40i Before and After (Sonoma Auto Center),4f0579cb-57bc-49d6-8176-118b30b24f7a,True,2026-04-13T23:45:08.497162+00:00,2026-04-13T23:45:38.338+00:00,3780,2026-08-05T08:37:11.94748+00:00,2026-04-13T23:46:24.398+00:00,"{""styles"": {""textColor"": ""#FFFFFF"", ""widthType"": ""percentage"", ""afterLabel"": ""After"", ""fontFamily"": ""poppins"", ""showLabels"": true, ""widthValue"": 100, ""aspectRatio"": ""4:3"", ""beforeLabel"": ""Before"", ""shadowStyle"": ""default"", ""borderRadius"": 24, ""backgroundType"": ""transparent"", ""backgroundColor"": ""#000000"", ""instructionText"": ""Drag to compare"", ""showInstructions"": true, ""startingPosition"": 70, ""customAspectWidth"": 16, ""customAspectHeight"": 9, ""instructionFontSize"": 14, ""labelBackgroundColor"": ""#e42709"", ""preventScrollHijacking"": true}, ""afterImage"": ""https://xyfxwlkyzpqydzqcszeu.supabase.co/storage/v1/object/public/media-library/0f758cf9-b381-4da0-8cb7-5579fc9120c7/1762406518463-2ejqic1sj07.webp"", ""beforeImage"": ""https://xyfxwlkyzpqydzqcszeu.supabase.co/storage/v1/object/public/media-library/0f758cf9-b381-4da0-8cb7-5579fc9120c7/1762406515719-h7jiwq10ww8.webp""}"
0f758cf9-b381-4da0-8cb7-5579fc9120c7,SSR Autobody (built by Shah),BEFORE_AFTER_SLIDER,BMW X7 X40i Before and After (South Bay Auto Collision),c49e4f96-128d-42da-acfc-676d99f23db4,True,2026-05-20T18:03:43.250137+00:00,2026-05-20T18:04:54.46+00:00,4251,2026-08-05T08:50:36.730239+00:00,2026-05-20T20:05:10.833+00:00,"{""styles"": {""textColor"": ""#FFFFFF"", ""widthType"": ""percentage"", ""afterLabel"": ""After"", ""fontFamily"": ""poppins"", ""showLabels"": true, ""widthValue"": 100, ""aspectRatio"": ""4:3"", ""beforeLabel"": ""Before"", ""shadowStyle"": ""default"", ""borderRadius"": 24, ""backgroundType"": ""transparent"", ""backgroundColor"": ""#000000"", ""instructionText"": ""Drag to compare"", ""showInstructions"": true, ""startingPosition"": 70, ""customAspectWidth"": 16, ""customAspectHeight"": 9, ""instructionFontSize"": 14, ""labelBackgroundColor"": ""#e42709"", ""preventScrollHijacking"": true}, ""afterImage"": ""https://xyfxwlkyzpqydzqcszeu.supabase.co/storage/v1/object/public/media-library/0f758cf9-b381-4da0-8cb7-5579fc9120c7/1762406518463-2ejqic1sj07.webp"", ""beforeImage"": ""https://xyfxwlkyzpqydzqcszeu.supabase.co/storage/v1/object/public/media-library/0f758cf9-b381-4da0-8cb7-5579fc9120c7/1762406515719-h7jiwq10ww8.webp""}"
0f758cf9-b381-4da0-8cb7-5579fc9120c7,SSR Autobody (built by Shah),BEFORE_AFTER_SLIDER,BMW X7 X40i Before and After (Steel Autobody),719f42c2-cd24-453d-8504-512e76a36809,True,2025-11-18T03:32:38.7983+00:00,2025-11-18T03:34:03.98+00:00,381,2025-12-20T04:44:07.964+00:00,2025-11-18T03:32:38.7983+00:00,"{""styles"": {""textColor"": ""#FFFFFF"", ""widthType"": ""percentage"", ""afterLabel"": ""After"", ""fontFamily"": ""poppins"", ""showLabels"": true, ""widthValue"": 100, ""aspectRatio"": ""4:3"", ""beforeLabel"": ""Before"", ""shadowStyle"": ""default"", ""borderRadius"": 24, ""backgroundType"": ""transparent"", ""backgroundColor"": ""#000000"", ""instructionText"": ""Drag to compare"", ""showInstructions"": true, ""startingPosition"": 70, ""customAspectWidth"": 16, ""customAspectHeight"": 9, ""instructionFontSize"": 14, ""labelBackgroundColor"": ""#007bff"", ""preventScrollHijacking"": true}, ""afterImage"": ""https://xyfxwlkyzpqydzqcszeu.supabase.co/storage/v1/object/public/media-library/0f758cf9-b381-4da0-8cb7-5579fc9120c7/1762406518463-2ejqic1sj07.webp"", ""beforeImage"": ""https://xyfxwlkyzpqydzqcszeu.supabase.co/storage/v1/object/public/media-library/0f758cf9-b381-4da0-8cb7-5579fc9120c7/1762406515719-h7jiwq10ww8.webp""}"
0f758cf9-b381-4da0-8cb7-5579fc9120c7,SSR Autobody (built by Shah),BEFORE_AFTER_SLIDER,BMW X7 X40i Before and After (Tello's Collision Center),f3bf35d1-7884-48b9-8dcd-7d1fafb9e123,True,2026-07-01T20:18:23.866148+00:00,2026-07-01T20:19:52.028+00:00,2162,2026-08-05T08:02:51.990389+00:00,2026-07-01T20:23:17.344+00:00,"{""styles"": {""textColor"": ""#FFFFFF"", ""widthType"": ""percentage"", ""afterLabel"": ""After"", ""fontFamily"": ""poppins"", ""showLabels"": true, ""widthValue"": 100, ""aspectRatio"": ""4:3"", ""beforeLabel"": ""Before"", ""shadowStyle"": ""default"", ""borderRadius"": 24, ""backgroundType"": ""transparent"", ""backgroundColor"": ""#000000"", ""instructionText"": ""Drag to compare"", ""showInstructions"": true, ""startingPosition"": 70, ""customAspectWidth"": 16, ""customAspectHeight"": 9, ""instructionFontSize"": 14, ""labelBackgroundColor"": ""#007bff"", ""preventScrollHijacking"": true}, ""afterImage"": ""https://xyfxwlkyzpqydzqcszeu.supabase.co/storage/v1/object/public/media-library/0f758cf9-b381-4da0-8cb7-5579fc9120c7/1762406518463-2ejqic1sj07.webp"", ""beforeImage"": ""https://xyfxwlkyzpqydzqcszeu.supabase.co/storage/v1/object/public/media-library/0f758cf9-b381-4da0-8cb7-5579fc9120c7/1762406515719-h7jiwq10ww8.webp""}"
0f758cf9-b381-4da0-8cb7-5579fc9120c7,SSR Autobody (built by Shah),BEFORE_AFTER_SLIDER,BMW X7 X40i Before and After (The Collision Shop of Warren),6f45268a-654f-495b-a442-e730cec1aeb3,True,2026-04-02T00:25:17.057084+00:00,2026-04-02T00:25:48.725+00:00,2370,2026-08-01T14:25:03.402261+00:00,2026-04-02T00:26:43.594+00:00,"{""styles"": {""textColor"": ""#FFFFFF"", ""widthType"": ""percentage"", ""afterLabel"": ""After"", ""fontFamily"": ""poppins"", ""showLabels"": true, ""widthValue"": 100, ""aspectRatio"": ""4:3"", ""beforeLabel"": ""Before"", ""shadowStyle"": ""default"", ""borderRadius"": 24, ""backgroundType"": ""transparent"", ""backgroundColor"": ""#000000"", ""instructionText"": ""Drag to compare"", ""showInstructions"": true, ""startingPosition"": 70, ""customAspectWidth"": 16, ""customAspectHeight"": 9, ""instructionFontSize"": 14, ""labelBackgroundColor"": ""#e42709"", ""preventScrollHijacking"": true}, ""afterImage"": ""https://xyfxwlkyzpqydzqcszeu.supabase.co/storage/v1/object/public/media-library/0f758cf9-b381-4da0-8cb7-5579fc9120c7/1762406518463-2ejqic1sj07.webp"", ""beforeImage"": ""https://xyfxwlkyzpqydzqcszeu.supabase.co/storage/v1/object/public/media-library/0f758cf9-b381-4da0-8cb7-5579fc9120c7/1762406515719-h7jiwq10ww8.webp""}"
0f758cf9-b381-4da0-8cb7-5579fc9120c7,SSR Autobody (built by Shah),BEFORE_AFTER_SLIDER,BMW X7 X40i Before and After (Vegas Customs Collision),db73b09e-a5f4-4ed9-a0ef-970ebbafb630,True,2026-06-08T19:32:40.35394+00:00,2026-06-08T19:38:03.301+00:00,3612,2026-08-05T07:36:16.795386+00:00,2026-06-08T19:42:26.93+00:00,"{""styles"": {""textColor"": ""#FFFFFF"", ""widthType"": ""percentage"", ""afterLabel"": ""After"", ""fontFamily"": ""poppins"", ""showLabels"": true, ""widthValue"": 100, ""aspectRatio"": ""4:3"", ""beforeLabel"": ""Before"", ""shadowStyle"": ""default"", ""borderRadius"": 24, ""backgroundType"": ""transparent"", ""backgroundColor"": ""#000000"", ""instructionText"": ""Drag to compare"", ""showInstructions"": true, ""startingPosition"": 70, ""customAspectWidth"": 16, ""customAspectHeight"": 9, ""instructionFontSize"": 14, ""labelBackgroundColor"": ""#e42709"", ""preventScrollHijacking"": true}, ""afterImage"": ""https://xyfxwlkyzpqydzqcszeu.supabase.co/storage/v1/object/public/media-library/0f758cf9-b381-4da0-8cb7-5579fc9120c7/1762406518463-2ejqic1sj07.webp"", ""beforeImage"": ""https://xyfxwlkyzpqydzqcszeu.supabase.co/storage/v1/object/public/media-library/0f758cf9-b381-4da0-8cb7-5579fc9120c7/1762406515719-h7jiwq10ww8.webp""}"
0f758cf9-b381-4da0-8cb7-5579fc9120c7,SSR Autobody (built by Shah),BEFORE_AFTER_SLIDER,BMW X7 X40i Before and After (Yaffo Auto) ,09021c55-2471-4e5c-969e-104ac8dcde2a,True,2025-11-29T01:37:22.935123+00:00,2025-11-29T01:38:09.097+00:00,10533,2026-08-05T09:35:50.795688+00:00,2025-11-29T01:37:22.935123+00:00,"{""styles"": {""textColor"": ""#FFFFFF"", ""widthType"": ""percentage"", ""afterLabel"": ""After"", ""fontFamily"": ""poppins"", ""showLabels"": true, ""widthValue"": 100, ""aspectRatio"": ""4:3"", ""beforeLabel"": ""Before"", ""shadowStyle"": ""default"", ""borderRadius"": 24, ""backgroundType"": ""transparent"", ""backgroundColor"": ""#000000"", ""instructionText"": ""Drag to compare"", ""showInstructions"": true, ""startingPosition"": 70, ""customAspectWidth"": 16, ""customAspectHeight"": 9, ""instructionFontSize"": 14, ""labelBackgroundColor"": ""#007bff"", ""preventScrollHijacking"": true}, ""afterImage"": ""https://xyfxwlkyzpqydzqcszeu.supabase.co/storage/v1/object/public/media-library/0f758cf9-b381-4da0-8cb7-5579fc9120c7/1762406518463-2ejqic1sj07.webp"", ""beforeImage"": ""https://xyfxwlkyzpqydzqcszeu.supabase.co/storage/v1/object/public/media-library/0f758cf9-b381-4da0-8cb7-5579fc9120c7/1762406515719-h7jiwq10ww8.webp""}"
0f758cf9-b381-4da0-8cb7-5579fc9120c7,SSR Autobody (built by Shah),BEFORE_AFTER_SLIDER,BMW X7 X40i Before and After (Zoel's Auto),dfeb9ba9-f64e-437f-a764-2df3fedc537f,True,2025-10-31T18:47:54.131402+00:00,2025-11-10T15:43:03.049+00:00,758,2026-01-20T17:48:16.266+00:00,2025-10-31T18:47:54.131402+00:00,"{""styles"": {""textColor"": ""#FFFFFF"", ""widthType"": ""percentage"", ""afterLabel"": ""After"", ""fontFamily"": ""poppins"", ""showLabels"": true, ""widthValue"": 100, ""aspectRatio"": ""4:3"", ""beforeLabel"": ""Before"", ""shadowStyle"": ""default"", ""borderRadius"": 24, ""backgroundType"": ""transparent"", ""backgroundColor"": ""#000000"", ""instructionText"": ""Drag to compare"", ""showInstructions"": true, ""startingPosition"": 70, ""customAspectWidth"": 16, ""customAspectHeight"": 9, ""instructionFontSize"": 14, ""labelBackgroundColor"": ""#007bff"", ""preventScrollHijacking"": true}, ""afterImage"": ""https://xyfxwlkyzpqydzqcszeu.supabase.co/storage/v1/object/public/media-library/0f758cf9-b381-4da0-8cb7-5579fc9120c7/1762406518463-2ejqic1sj07.webp"", ""beforeImage"": ""https://xyfxwlkyzpqydzqcszeu.supabase.co/storage/v1/object/public/media-library/0f758cf9-b381-4da0-8cb7-5579fc9120c7/1762406515719-h7jiwq10ww8.webp""}"
0f758cf9-b381-4da0-8cb7-5579fc9120c7,SSR Autobody (built by Shah),BEFORE_AFTER_SLIDER,BMW X7 X40i Before and After (the Collision Shop of Miami Dade),23dd5ca4-c57d-44aa-8ee8-ad77e0c579a5,True,2026-04-30T21:26:18.879425+00:00,2026-04-30T21:27:06.547+00:00,4758,2026-08-05T08:31:50.907274+00:00,2026-04-30T21:54:54.444+00:00,"{""styles"": {""textColor"": ""#FFFFFF"", ""widthType"": ""percentage"", ""afterLabel"": ""After"", ""fontFamily"": ""poppins"", ""showLabels"": true, ""widthValue"": 100, ""aspectRatio"": ""4:3"", ""beforeLabel"": ""Before"", ""shadowStyle"": ""default"", ""borderRadius"": 24, ""backgroundType"": ""transparent"", ""backgroundColor"": ""#000000"", ""instructionText"": ""Drag to compare"", ""showInstructions"": true, ""startingPosition"": 70, ""customAspectWidth"": 16, ""customAspectHeight"": 9, ""instructionFontSize"": 14, ""labelBackgroundColor"": ""#e42709"", ""preventScrollHijacking"": true}, ""afterImage"": ""https://xyfxwlkyzpqydzqcszeu.supabase.co/storage/v1/object/public/media-library/0f758cf9-b381-4da0-8cb7-5579fc9120c7/1762406518463-2ejqic1sj07.webp"", ""beforeImage"": ""https://xyfxwlkyzpqydzqcszeu.supabase.co/storage/v1/object/public/media-library/0f758cf9-b381-4da0-8cb7-5579fc9120c7/1762406515719-h7jiwq10ww8.webp""}"
0f758cf9-b381-4da0-8cb7-5579fc9120c7,SSR Autobody (built by Shah),BEFORE_AFTER_SLIDER,Cadillac CTS Before and After (Automotive 7),9bb0f2c6-d530-4a71-a382-d4408904f79d,True,2025-11-04T02:19:49.202802+00:00,2025-11-10T15:43:29.144+00:00,988,2025-12-03T22:31:27.081+00:00,2025-11-04T02:19:49.202802+00:00,"{""styles"": {""textColor"": ""#FFFFFF"", ""widthType"": ""percentage"", ""afterLabel"": ""After"", ""fontFamily"": ""poppins"", ""showLabels"": true, ""widthValue"": 100, ""aspectRatio"": ""4:3"", ""beforeLabel"": ""Before"", ""shadowStyle"": ""default"", ""borderRadius"": 24, ""backgroundType"": ""transparent"", ""backgroundColor"": ""#000000"", ""instructionText"": ""Drag to compare"", ""showInstructions"": true, ""startingPosition"": 70, ""customAspectWidth"": 16, ""customAspectHeight"": 9, ""instructionFontSize"": 14, ""labelBackgroundColor"": ""#007bff"", ""preventScrollHijacking"": true}, ""afterImage"": ""https://xyfxwlkyzpqydzqcszeu.supabase.co/storage/v1/object/public/media-library/0f758cf9-b381-4da0-8cb7-5579fc9120c7/1762334659018-5vlcrurmws.webp"", ""beforeImage"": ""https://xyfxwlkyzpqydzqcszeu.supabase.co/storage/v1/object/public/media-library/0f758cf9-b381-4da0-8cb7-5579fc9120c7/1762334655161-1o6kpgawed3.webp""}"
0f758cf9-b381-4da0-8cb7-5579fc9120c7,SSR Autobody (built by Shah),BEFORE_AFTER_SLIDER,S Class Before and After  (Santa Ana Body Shop),43f294a6-2bb9-4970-a1a4-73aabce039b1,True,2026-05-11T21:11:14.181502+00:00,2026-05-11T21:11:37.761+00:00,6573,2026-08-05T08:36:44.99225+00:00,2026-05-11T21:18:22.924+00:00,"{""styles"": {""textColor"": ""#FFFFFF"", ""widthType"": ""percentage"", ""afterLabel"": ""After"", ""fontFamily"": ""poppins"", ""showLabels"": true, ""widthValue"": 100, ""aspectRatio"": ""4:3"", ""beforeLabel"": ""Before"", ""shadowStyle"": ""default"", ""borderRadius"": 24, ""backgroundType"": ""transparent"", ""backgroundColor"": ""#000000"", ""instructionText"": ""Drag to compare"", ""showInstructions"": true, ""startingPosition"": 70, ""customAspectWidth"": 16, ""customAspectHeight"": 9, ""instructionFontSize"": 14, ""labelBackgroundColor"": ""#e42709"", ""preventScrollHijacking"": true}, ""afterImage"": ""https://xyfxwlkyzpqydzqcszeu.supabase.co/storage/v1/object/public/media-library/0f758cf9-b381-4da0-8cb7-5579fc9120c7/1761664039656-vkt77r30zug.webp"", ""beforeImage"": ""https://xyfxwlkyzpqydzqcszeu.supabase.co/storage/v1/object/public/media-library/0f758cf9-b381-4da0-8cb7-5579fc9120c7/1761664028372-r3nevp5v25m.webp""}"
0f758cf9-b381-4da0-8cb7-5579fc9120c7,SSR Autobody (built by Shah),BEFORE_AFTER_SLIDER,S Class Before and After  (the Collision Shop of Miami Dade),5112729c-1149-44b2-a2f7-6634c8348c3b,True,2026-04-30T21:26:18.126129+00:00,2026-04-30T21:27:17.811+00:00,4786,2026-08-05T08:31:50.66939+00:00,2026-04-30T21:53:59.631+00:00,"{""styles"": {""textColor"": ""#FFFFFF"", ""widthType"": ""percentage"", ""afterLabel"": ""After"", ""fontFamily"": ""poppins"", ""showLabels"": true, ""widthValue"": 100, ""aspectRatio"": ""4:3"", ""beforeLabel"": ""Before"", ""shadowStyle"": ""default"", ""borderRadius"": 24, ""backgroundType"": ""transparent"", ""backgroundColor"": ""#000000"", ""instructionText"": ""Drag to compare"", ""showInstructions"": true, ""startingPosition"": 70, ""customAspectWidth"": 16, ""customAspectHeight"": 9, ""instructionFontSize"": 14, ""labelBackgroundColor"": ""#e42709"", ""preventScrollHijacking"": true}, ""afterImage"": ""https://xyfxwlkyzpqydzqcszeu.supabase.co/storage/v1/object/public/media-library/0f758cf9-b381-4da0-8cb7-5579fc9120c7/1761664039656-vkt77r30zug.webp"", ""beforeImage"": ""https://xyfxwlkyzpqydzqcszeu.supabase.co/storage/v1/object/public/media-library/0f758cf9-b381-4da0-8cb7-5579fc9120c7/1761664028372-r3nevp5v25m.webp""}"
0f758cf9-b381-4da0-8cb7-5579fc9120c7,SSR Autobody (built by Shah),BEFORE_AFTER_SLIDER,S Class Before and After (10x Auto Group Inc),a5f90eca-3ea7-4624-8f92-d808a2abb494,True,2026-06-22T20:19:22.701514+00:00,2026-06-22T20:20:11.06+00:00,2780,2026-08-05T07:34:27.723408+00:00,2026-06-22T20:20:14.337+00:00,"{""styles"": {""textColor"": ""#FFFFFF"", ""widthType"": ""percentage"", ""afterLabel"": ""After"", ""fontFamily"": ""poppins"", ""showLabels"": true, ""widthValue"": 100, ""aspectRatio"": ""4:3"", ""beforeLabel"": ""Before"", ""shadowStyle"": ""default"", ""borderRadius"": 24, ""backgroundType"": ""transparent"", ""backgroundColor"": ""#000000"", ""instructionText"": ""Drag to compare"", ""showInstructions"": true, ""startingPosition"": 70, ""customAspectWidth"": 16, ""customAspectHeight"": 9, ""instructionFontSize"": 14, ""labelBackgroundColor"": ""#e42709"", ""preventScrollHijacking"": true}, ""afterImage"": ""https://xyfxwlkyzpqydzqcszeu.supabase.co/storage/v1/object/public/media-library/0f758cf9-b381-4da0-8cb7-5579fc9120c7/1761664039656-vkt77r30zug.webp"", ""beforeImage"": ""https://xyfxwlkyzpqydzqcszeu.supabase.co/storage/v1/object/public/media-library/0f758cf9-b381-4da0-8cb7-5579fc9120c7/1761664028372-r3nevp5v25m.webp""}"
0f758cf9-b381-4da0-8cb7-5579fc9120c7,SSR Autobody (built by Shah),BEFORE_AFTER_SLIDER,S Class Before and After (AAJ Auto Collision),7fe74a30-7bdb-46c8-8344-20b0e236f814,True,2026-06-11T17:13:27.362674+00:00,2026-06-11T17:14:29.884+00:00,1264,2026-08-05T02:49:44.857279+00:00,2026-06-11T17:17:46.409+00:00,"{""styles"": {""textColor"": ""#FFFFFF"", ""widthType"": ""percentage"", ""afterLabel"": ""After"", ""fontFamily"": ""poppins"", ""showLabels"": true, ""widthValue"": 100, ""aspectRatio"": ""4:3"", ""beforeLabel"": ""Before"", ""shadowStyle"": ""default"", ""borderRadius"": 24, ""backgroundType"": ""transparent"", ""backgroundColor"": ""#000000"", ""instructionText"": ""Drag to compare"", ""showInstructions"": true, ""startingPosition"": 70, ""customAspectWidth"": 16, ""customAspectHeight"": 9, ""instructionFontSize"": 14, ""labelBackgroundColor"": ""#e42709"", ""preventScrollHijacking"": true}, ""afterImage"": ""https://xyfxwlkyzpqydzqcszeu.supabase.co/storage/v1/object/public/media-library/0f758cf9-b381-4da0-8cb7-5579fc9120c7/1761664039656-vkt77r30zug.webp"", ""beforeImage"": ""https://xyfxwlkyzpqydzqcszeu.supabase.co/storage/v1/object/public/media-library/0f758cf9-b381-4da0-8cb7-5579fc9120c7/1761664028372-r3nevp5v25m.webp""}"
0f758cf9-b381-4da0-8cb7-5579fc9120c7,SSR Autobody (built by Shah),BEFORE_AFTER_SLIDER,S Class Before and After (AMG Auto Body),429d039e-547b-40bd-8b35-103944871bb2,True,2026-02-12T00:15:35.049476+00:00,2026-02-12T00:15:48.154+00:00,6310,2026-08-05T07:47:35.732224+00:00,2026-02-12T00:16:27.273+00:00,"{""styles"": {""textColor"": ""#FFFFFF"", ""widthType"": ""percentage"", ""afterLabel"": ""After"", ""fontFamily"": ""poppins"", ""showLabels"": true, ""widthValue"": 100, ""aspectRatio"": ""4:3"", ""beforeLabel"": ""Before"", ""shadowStyle"": ""default"", ""borderRadius"": 24, ""backgroundType"": ""transparent"", ""backgroundColor"": ""#000000"", ""instructionText"": ""Drag to compare"", ""showInstructions"": true, ""startingPosition"": 70, ""customAspectWidth"": 16, ""customAspectHeight"": 9, ""instructionFontSize"": 14, ""labelBackgroundColor"": ""#e42709"", ""preventScrollHijacking"": true}, ""afterImage"": ""https://xyfxwlkyzpqydzqcszeu.supabase.co/storage/v1/object/public/media-library/0f758cf9-b381-4da0-8cb7-5579fc9120c7/1761664039656-vkt77r30zug.webp"", ""beforeImage"": ""https://xyfxwlkyzpqydzqcszeu.supabase.co/storage/v1/object/public/media-library/0f758cf9-b381-4da0-8cb7-5579fc9120c7/1761664028372-r3nevp5v25m.webp""}"
0f758cf9-b381-4da0-8cb7-5579fc9120c7,SSR Autobody (built by Shah),BEFORE_AFTER_SLIDER,S Class Before and After (Akins Collision Center),660ce504-2818-43a4-9867-64996538a418,True,2026-05-26T04:14:20.017282+00:00,2026-05-26T04:14:38.218+00:00,4139,2026-08-05T09:05:26.643478+00:00,2026-05-26T04:15:29.664+00:00,"{""styles"": {""textColor"": ""#FFFFFF"", ""widthType"": ""percentage"", ""afterLabel"": ""After"", ""fontFamily"": ""poppins"", ""showLabels"": true, ""widthValue"": 100, ""aspectRatio"": ""4:3"", ""beforeLabel"": ""Before"", ""shadowStyle"": ""default"", ""borderRadius"": 24, ""backgroundType"": ""transparent"", ""backgroundColor"": ""#000000"", ""instructionText"": ""Drag to compare"", ""showInstructions"": true, ""startingPosition"": 70, ""customAspectWidth"": 16, ""customAspectHeight"": 9, ""instructionFontSize"": 14, ""labelBackgroundColor"": ""#e42709"", ""preventScrollHijacking"": true}, ""afterImage"": ""https://xyfxwlkyzpqydzqcszeu.supabase.co/storage/v1/object/public/media-library/0f758cf9-b381-4da0-8cb7-5579fc9120c7/1761664039656-vkt77r30zug.webp"", ""beforeImage"": ""https://xyfxwlkyzpqydzqcszeu.supabase.co/storage/v1/object/public/media-library/0f758cf9-b381-4da0-8cb7-5579fc9120c7/1761664028372-r3nevp5v25m.webp""}"
0f758cf9-b381-4da0-8cb7-5579fc9120c7,SSR Autobody (built by Shah),BEFORE_AFTER_SLIDER,S Class Before and After (Alpha Auto Collision),603eda6e-9139-4c11-a9c1-0d024db7d777,True,2026-06-23T18:24:13.292142+00:00,2026-06-23T18:25:30.369+00:00,41,2026-07-31T19:45:53.496196+00:00,2026-06-23T18:24:54.43+00:00,"{""styles"": {""textColor"": ""#FFFFFF"", ""widthType"": ""percentage"", ""afterLabel"": ""After"", ""fontFamily"": ""poppins"", ""showLabels"": true, ""widthValue"": 100, ""aspectRatio"": ""4:3"", ""beforeLabel"": ""Before"", ""shadowStyle"": ""default"", ""borderRadius"": 24, ""backgroundType"": ""transparent"", ""backgroundColor"": ""#000000"", ""instructionText"": ""Drag to compare"", ""showInstructions"": true, ""startingPosition"": 70, ""customAspectWidth"": 16, ""customAspectHeight"": 9, ""instructionFontSize"": 14, ""labelBackgroundColor"": ""#007bff"", ""preventScrollHijacking"": true}, ""afterImage"": ""https://xyfxwlkyzpqydzqcszeu.supabase.co/storage/v1/object/public/media-library/0f758cf9-b381-4da0-8cb7-5579fc9120c7/1761664039656-vkt77r30zug.webp"", ""beforeImage"": ""https://xyfxwlkyzpqydzqcszeu.supabase.co/storage/v1/object/public/media-library/0f758cf9-b381-4da0-8cb7-5579fc9120c7/1761664028372-r3nevp5v25m.webp""}"
0f758cf9-b381-4da0-8cb7-5579fc9120c7,SSR Autobody (built by Shah),BEFORE_AFTER_SLIDER,S Class Before and After (American Auto),4e661529-1237-4bfd-ba02-7e7284207d84,True,2026-05-15T01:49:12.781327+00:00,2026-05-15T01:49:47.384+00:00,2215,2026-08-04T21:16:42.588418+00:00,2026-05-15T01:50:54.302+00:00,"{""styles"": {""textColor"": ""#FFFFFF"", ""widthType"": ""percentage"", ""afterLabel"": ""After"", ""fontFamily"": ""poppins"", ""showLabels"": true, ""widthValue"": 100, ""aspectRatio"": ""4:3"", ""beforeLabel"": ""Before"", ""shadowStyle"": ""default"", ""borderRadius"": 24, ""backgroundType"": ""transparent"", ""backgroundColor"": ""#000000"", ""instructionText"": ""Drag to compare"", ""showInstructions"": true, ""startingPosition"": 70, ""customAspectWidth"": 16, ""customAspectHeight"": 9, ""instructionFontSize"": 14, ""labelBackgroundColor"": ""#007bff"", ""preventScrollHijacking"": true}, ""afterImage"": ""https://xyfxwlkyzpqydzqcszeu.supabase.co/storage/v1/object/public/media-library/0f758cf9-b381-4da0-8cb7-5579fc9120c7/1761664039656-vkt77r30zug.webp"", ""beforeImage"": ""https://xyfxwlkyzpqydzqcszeu.supabase.co/storage/v1/object/public/media-library/0f758cf9-b381-4da0-8cb7-5579fc9120c7/1761664028372-r3nevp5v25m.webp""}"
0f758cf9-b381-4da0-8cb7-5579fc9120c7,SSR Autobody (built by Shah),BEFORE_AFTER_SLIDER,S Class Before and After (Anderson Auto Body),ea17a99e-4caf-461b-afc5-ce71ac67d74c,True,2026-01-24T01:00:26.111612+00:00,2026-01-24T01:00:42.95+00:00,3773,2026-08-05T09:14:51.400516+00:00,2026-01-24T01:01:29.712+00:00,"{""styles"": {""textColor"": ""#FFFFFF"", ""widthType"": ""percentage"", ""afterLabel"": ""After"", ""fontFamily"": ""poppins"", ""showLabels"": true, ""widthValue"": 100, ""aspectRatio"": ""4:3"", ""beforeLabel"": ""Before"", ""shadowStyle"": ""default"", ""borderRadius"": 24, ""backgroundType"": ""transparent"", ""backgroundColor"": ""#000000"", ""instructionText"": ""Drag to compare"", ""showInstructions"": true, ""startingPosition"": 70, ""customAspectWidth"": 16, ""customAspectHeight"": 9, ""instructionFontSize"": 14, ""labelBackgroundColor"": ""#e42709"", ""preventScrollHijacking"": true}, ""afterImage"": ""https://xyfxwlkyzpqydzqcszeu.supabase.co/storage/v1/object/public/media-library/0f758cf9-b381-4da0-8cb7-5579fc9120c7/1761664039656-vkt77r30zug.webp"", ""beforeImage"": ""https://xyfxwlkyzpqydzqcszeu.supabase.co/storage/v1/object/public/media-library/0f758cf9-b381-4da0-8cb7-5579fc9120c7/1761664028372-r3nevp5v25m.webp""}"
0f758cf9-b381-4da0-8cb7-5579fc9120c7,SSR Autobody (built by Shah),BEFORE_AFTER_SLIDER,S Class Before and After (Arrow Body & Fender Service),a9bd57f4-e26d-465e-95a6-f17bbc41f74e,True,2026-07-10T19:21:17.224568+00:00,2026-07-10T19:22:57.998+00:00,1975,2026-08-05T09:46:44.571456+00:00,2026-07-10T19:25:16.285+00:00,"{""styles"": {""textColor"": ""#FFFFFF"", ""widthType"": ""percentage"", ""afterLabel"": ""After"", ""fontFamily"": ""poppins"", ""showLabels"": true, ""widthValue"": 100, ""aspectRatio"": ""4:3"", ""beforeLabel"": ""Before"", ""shadowStyle"": ""default"", ""borderRadius"": 24, ""backgroundType"": ""transparent"", ""backgroundColor"": ""#000000"", ""instructionText"": ""Drag to compare"", ""showInstructions"": true, ""startingPosition"": 70, ""customAspectWidth"": 16, ""customAspectHeight"": 9, ""instructionFontSize"": 14, ""labelBackgroundColor"": ""#e42709"", ""preventScrollHijacking"": true}, ""afterImage"": ""https://xyfxwlkyzpqydzqcszeu.supabase.co/storage/v1/object/public/media-library/0f758cf9-b381-4da0-8cb7-5579fc9120c7/1761664039656-vkt77r30zug.webp"", ""beforeImage"": ""https://xyfxwlkyzpqydzqcszeu.supabase.co/storage/v1/object/public/media-library/0f758cf9-b381-4da0-8cb7-5579fc9120c7/1761664028372-r3nevp5v25m.webp""}"
0f758cf9-b381-4da0-8cb7-5579fc9120c7,SSR Autobody (built by Shah),BEFORE_AFTER_SLIDER,S Class Before and After (Art City Auto Body),a33a38a9-dbcd-46da-bc76-59b3762a8ce4,True,2025-11-07T00:44:33.043665+00:00,2025-11-10T15:44:37.061+00:00,6708,2026-08-05T04:47:57.245378+00:00,2025-11-07T00:44:33.043665+00:00,"{""styles"": {""textColor"": ""#FFFFFF"", ""widthType"": ""percentage"", ""afterLabel"": ""After"", ""fontFamily"": ""poppins"", ""showLabels"": true, ""widthValue"": 100, ""aspectRatio"": ""4:3"", ""beforeLabel"": ""Before"", ""shadowStyle"": ""default"", ""borderRadius"": 24, ""backgroundType"": ""transparent"", ""backgroundColor"": ""#000000"", ""instructionText"": ""Drag to compare"", ""showInstructions"": true, ""startingPosition"": 70, ""customAspectWidth"": 16, ""customAspectHeight"": 9, ""instructionFontSize"": 14, ""labelBackgroundColor"": ""#F77D11"", ""preventScrollHijacking"": true}, ""afterImage"": ""https://xyfxwlkyzpqydzqcszeu.supabase.co/storage/v1/object/public/media-library/0f758cf9-b381-4da0-8cb7-5579fc9120c7/1761664039656-vkt77r30zug.webp"", ""beforeImage"": ""https://xyfxwlkyzpqydzqcszeu.supabase.co/storage/v1/object/public/media-library/0f758cf9-b381-4da0-8cb7-5579fc9120c7/1761664028372-r3nevp5v25m.webp""}"
0f758cf9-b381-4da0-8cb7-5579fc9120c7,SSR Autobody (built by Shah),BEFORE_AFTER_SLIDER,S Class Before and After (Art Collision Center),f61e8c25-e103-48de-a4b0-3b286429a162,True,2026-06-29T16:48:08.035576+00:00,2026-06-29T16:49:04.105+00:00,2162,2026-08-05T09:54:41.072563+00:00,2026-06-29T16:51:16.21+00:00,"{""styles"": {""textColor"": ""#FFFFFF"", ""widthType"": ""percentage"", ""afterLabel"": ""After"", ""fontFamily"": ""poppins"", ""showLabels"": true, ""widthValue"": 100, ""aspectRatio"": ""4:3"", ""beforeLabel"": ""Before"", ""shadowStyle"": ""default"", ""borderRadius"": 24, ""backgroundType"": ""transparent"", ""backgroundColor"": ""#000000"", ""instructionText"": ""Drag to compare"", ""showInstructions"": true, ""startingPosition"": 70, ""customAspectWidth"": 16, ""customAspectHeight"": 9, ""instructionFontSize"": 14, ""labelBackgroundColor"": ""#e42709"", ""preventScrollHijacking"": true}, ""afterImage"": ""https://xyfxwlkyzpqydzqcszeu.supabase.co/storage/v1/object/public/media-library/0f758cf9-b381-4da0-8cb7-5579fc9120c7/1761664039656-vkt77r30zug.webp"", ""beforeImage"": ""https://xyfxwlkyzpqydzqcszeu.supabase.co/storage/v1/object/public/media-library/0f758cf9-b381-4da0-8cb7-5579fc9120c7/1761664028372-r3nevp5v25m.webp""}"
0f758cf9-b381-4da0-8cb7-5579fc9120c7,SSR Autobody (built by Shah),BEFORE_AFTER_SLIDER,S Class Before and After (Auto Arena Body Shop),cbc25f68-5959-4a42-8a06-d4c81c7771c4,True,2025-12-30T00:53:09.687617+00:00,2025-12-30T00:54:07.256+00:00,4714,2026-08-05T08:33:40.967094+00:00,2025-12-30T00:55:08.1+00:00,"{""styles"": {""textColor"": ""#FFFFFF"", ""widthType"": ""percentage"", ""afterLabel"": ""After"", ""fontFamily"": ""poppins"", ""showLabels"": true, ""widthValue"": 100, ""aspectRatio"": ""4:3"", ""beforeLabel"": ""Before"", ""shadowStyle"": ""default"", ""borderRadius"": 24, ""backgroundType"": ""transparent"", ""backgroundColor"": ""#000000"", ""instructionText"": ""Drag to compare"", ""showInstructions"": true, ""startingPosition"": 70, ""customAspectWidth"": 16, ""customAspectHeight"": 9, ""instructionFontSize"": 14, ""labelBackgroundColor"": ""#007bff"", ""preventScrollHijacking"": true}, ""afterImage"": ""https://xyfxwlkyzpqydzqcszeu.supabase.co/storage/v1/object/public/media-library/0f758cf9-b381-4da0-8cb7-5579fc9120c7/1761664039656-vkt77r30zug.webp"", ""beforeImage"": ""https://xyfxwlkyzpqydzqcszeu.supabase.co/storage/v1/object/public/media-library/0f758cf9-b381-4da0-8cb7-5579fc9120c7/1761664028372-r3nevp5v25m.webp""}"
0f758cf9-b381-4da0-8cb7-5579fc9120c7,SSR Autobody (built by Shah),BEFORE_AFTER_SLIDER,S Class Before and After (Auto Motive 7 ) 2,466c334a-6bf7-4e7c-928d-f3df09517fbf,True,2025-12-03T22:59:07.358161+00:00,2025-12-03T22:59:44.467+00:00,9180,2026-08-05T07:46:42.346963+00:00,2025-12-03T22:59:07.358161+00:00,"{""styles"": {""textColor"": ""#FFFFFF"", ""widthType"": ""percentage"", ""afterLabel"": ""After"", ""fontFamily"": ""poppins"", ""showLabels"": true, ""widthValue"": 100, ""aspectRatio"": ""4:3"", ""beforeLabel"": ""Before"", ""shadowStyle"": ""default"", ""borderRadius"": 24, ""backgroundType"": ""transparent"", ""backgroundColor"": ""#000000"", ""instructionText"": ""Drag to compare"", ""showInstructions"": true, ""startingPosition"": 70, ""customAspectWidth"": 16, ""customAspectHeight"": 9, ""instructionFontSize"": 14, ""labelBackgroundColor"": ""#007bff"", ""preventScrollHijacking"": true}, ""afterImage"": ""https://xyfxwlkyzpqydzqcszeu.supabase.co/storage/v1/object/public/media-library/0f758cf9-b381-4da0-8cb7-5579fc9120c7/1761664039656-vkt77r30zug.webp"", ""beforeImage"": ""https://xyfxwlkyzpqydzqcszeu.supabase.co/storage/v1/object/public/media-library/0f758cf9-b381-4da0-8cb7-5579fc9120c7/1761664028372-r3nevp5v25m.webp""}"
0f758cf9-b381-4da0-8cb7-5579fc9120c7,SSR Autobody (built by Shah),BEFORE_AFTER_SLIDER,S Class Before and After (Automotive 7),c817e6f0-0b1f-4e10-b5d9-a9b58d89edce,True,2025-11-04T02:13:45.328548+00:00,2025-11-10T15:43:21.557+00:00,971,2025-12-03T22:26:48.097+00:00,2025-11-04T02:13:45.328548+00:00,"{""styles"": {""textColor"": ""#FFFFFF"", ""widthType"": ""percentage"", ""afterLabel"": ""After"", ""fontFamily"": ""poppins"", ""showLabels"": true, ""widthValue"": 100, ""aspectRatio"": ""4:3"", ""beforeLabel"": ""Before"", ""shadowStyle"": ""default"", ""borderRadius"": 24, ""backgroundType"": ""transparent"", ""backgroundColor"": ""#000000"", ""instructionText"": ""Drag to compare"", ""showInstructions"": true, ""startingPosition"": 70, ""customAspectWidth"": 16, ""customAspectHeight"": 9, ""instructionFontSize"": 14, ""labelBackgroundColor"": ""#007bff"", ""preventScrollHijacking"": true}, ""afterImage"": ""https://xyfxwlkyzpqydzqcszeu.supabase.co/storage/v1/object/public/media-library/0f758cf9-b381-4da0-8cb7-5579fc9120c7/1762363542020-sg7xca810e8.webp"", ""beforeImage"": ""https://xyfxwlkyzpqydzqcszeu.supabase.co/storage/v1/object/public/media-library/0f758cf9-b381-4da0-8cb7-5579fc9120c7/1762363536805-kpc1jyj9ew.webp""}"
0f758cf9-b381-4da0-8cb7-5579fc9120c7,SSR Autobody (built by Shah),BEFORE_AFTER_SLIDER,S Class Before and After (BA Auto Service) ,947c1b4c-779d-4c06-b0fd-7eb547cb136f,True,2025-12-27T00:33:11.189833+00:00,2025-12-27T00:34:42.522+00:00,3334,2026-07-30T18:29:50.633981+00:00,2025-12-27T00:35:52.948+00:00,"{""styles"": {""textColor"": ""#FFFFFF"", ""widthType"": ""percentage"", ""afterLabel"": ""After"", ""fontFamily"": ""poppins"", ""showLabels"": true, ""widthValue"": 100, ""aspectRatio"": ""4:3"", ""beforeLabel"": ""Before"", ""shadowStyle"": ""default"", ""borderRadius"": 24, ""backgroundType"": ""transparent"", ""backgroundColor"": ""#000000"", ""instructionText"": ""Drag to compare"", ""showInstructions"": true, ""startingPosition"": 70, ""customAspectWidth"": 16, ""customAspectHeight"": 9, ""instructionFontSize"": 14, ""labelBackgroundColor"": ""#007bff"", ""preventScrollHijacking"": true}, ""afterImage"": ""https://xyfxwlkyzpqydzqcszeu.supabase.co/storage/v1/object/public/media-library/0f758cf9-b381-4da0-8cb7-5579fc9120c7/1761664039656-vkt77r30zug.webp"", ""beforeImage"": ""https://xyfxwlkyzpqydzqcszeu.supabase.co/storage/v1/object/public/media-library/0f758cf9-b381-4da0-8cb7-5579fc9120c7/1761664028372-r3nevp5v25m.webp""}"
0f758cf9-b381-4da0-8cb7-5579fc9120c7,SSR Autobody (built by Shah),BEFORE_AFTER_SLIDER,S Class Before and After (BCK2NEW Auto Body),70a377bb-e4f0-4839-8d64-c3cab8fc1194,True,2026-05-26T02:42:35.143356+00:00,2026-05-26T02:42:45.098+00:00,2315,2026-07-31T17:01:49.504465+00:00,2026-05-26T03:17:04.456+00:00,"{""styles"": {""textColor"": ""#FFFFFF"", ""widthType"": ""percentage"", ""afterLabel"": ""After"", ""fontFamily"": ""poppins"", ""showLabels"": true, ""widthValue"": 100, ""aspectRatio"": ""4:3"", ""beforeLabel"": ""Before"", ""shadowStyle"": ""default"", ""borderRadius"": 24, ""backgroundType"": ""transparent"", ""backgroundColor"": ""#000000"", ""instructionText"": ""Drag to compare"", ""showInstructions"": true, ""startingPosition"": 70, ""customAspectWidth"": 16, ""customAspectHeight"": 9, ""instructionFontSize"": 14, ""labelBackgroundColor"": ""#e42709"", ""preventScrollHijacking"": true}, ""afterImage"": ""https://xyfxwlkyzpqydzqcszeu.supabase.co/storage/v1/object/public/media-library/0f758cf9-b381-4da0-8cb7-5579fc9120c7/1761664039656-vkt77r30zug.webp"", ""beforeImage"": ""https://xyfxwlkyzpqydzqcszeu.supabase.co/storage/v1/object/public/media-library/0f758cf9-b381-4da0-8cb7-5579fc9120c7/1761664028372-r3nevp5v25m.webp""}"
0f758cf9-b381-4da0-8cb7-5579fc9120c7,SSR Autobody (built by Shah),BEFORE_AFTER_SLIDER,S Class Before and After (Bella's Auto),026826da-ce5e-407b-9e1d-097026919d3c,True,2026-01-08T23:35:24.330046+00:00,2026-01-08T23:35:46.707+00:00,24904,2026-08-05T03:21:38.716878+00:00,2026-01-08T23:36:30.482+00:00,"{""styles"": {""textColor"": ""#FFFFFF"", ""widthType"": ""percentage"", ""afterLabel"": ""After"", ""fontFamily"": ""poppins"", ""showLabels"": true, ""widthValue"": 100, ""aspectRatio"": ""4:3"", ""beforeLabel"": ""Before"", ""shadowStyle"": ""default"", ""borderRadius"": 24, ""backgroundType"": ""transparent"", ""backgroundColor"": ""#000000"", ""instructionText"": ""Drag to compare"", ""showInstructions"": true, ""startingPosition"": 70, ""customAspectWidth"": 16, ""customAspectHeight"": 9, ""instructionFontSize"": 14, ""labelBackgroundColor"": ""#e42709"", ""preventScrollHijacking"": true}, ""afterImage"": ""https://xyfxwlkyzpqydzqcszeu.supabase.co/storage/v1/object/public/media-library/0f758cf9-b381-4da0-8cb7-5579fc9120c7/1761664039656-vkt77r30zug.webp"", ""beforeImage"": ""https://xyfxwlkyzpqydzqcszeu.supabase.co/storage/v1/object/public/media-library/0f758cf9-b381-4da0-8cb7-5579fc9120c7/1761664028372-r3nevp5v25m.webp""}"
0f758cf9-b381-4da0-8cb7-5579fc9120c7,SSR Autobody (built by Shah),BEFORE_AFTER_SLIDER,S Class Before and After (Capital Collision Center),5c3373ab-b0ee-4778-96c9-b8c81d96fc75,True,2026-06-29T21:46:52.393412+00:00,2026-06-29T21:47:47.212+00:00,1888,2026-08-04T23:15:57.383764+00:00,2026-06-29T21:56:18.958+00:00,"{""styles"": {""textColor"": ""#FFFFFF"", ""widthType"": ""percentage"", ""afterLabel"": ""After"", ""fontFamily"": ""poppins"", ""showLabels"": true, ""widthValue"": 100, ""aspectRatio"": ""4:3"", ""beforeLabel"": ""Before"", ""shadowStyle"": ""default"", ""borderRadius"": 24, ""backgroundType"": ""transparent"", ""backgroundColor"": ""#000000"", ""instructionText"": ""Drag to compare"", ""showInstructions"": true, ""startingPosition"": 70, ""customAspectWidth"": 16, ""customAspectHeight"": 9, ""instructionFontSize"": 14, ""labelBackgroundColor"": ""#e42709"", ""preventScrollHijacking"": true}, ""afterImage"": ""https://xyfxwlkyzpqydzqcszeu.supabase.co/storage/v1/object/public/media-library/0f758cf9-b381-4da0-8cb7-5579fc9120c7/1761664039656-vkt77r30zug.webp"", ""beforeImage"": ""https://xyfxwlkyzpqydzqcszeu.supabase.co/storage/v1/object/public/media-library/0f758cf9-b381-4da0-8cb7-5579fc9120c7/1761664028372-r3nevp5v25m.webp""}"
0f758cf9-b381-4da0-8cb7-5579fc9120c7,SSR Autobody (built by Shah),BEFORE_AFTER_SLIDER,S Class Before and After (CarStar Denton),b1e0206e-7918-4abc-a10e-f6e82a31479f,True,2026-01-17T01:47:03.519133+00:00,2026-01-17T01:47:32.499+00:00,6319,2026-08-05T08:40:29.050204+00:00,2026-01-17T01:48:23.578+00:00,"{""styles"": {""textColor"": ""#FFFFFF"", ""widthType"": ""percentage"", ""afterLabel"": ""After"", ""fontFamily"": ""poppins"", ""showLabels"": true, ""widthValue"": 100, ""aspectRatio"": ""4:3"", ""beforeLabel"": ""Before"", ""shadowStyle"": ""default"", ""borderRadius"": 24, ""backgroundType"": ""transparent"", ""backgroundColor"": ""#000000"", ""instructionText"": ""Drag to compare"", ""showInstructions"": true, ""startingPosition"": 70, ""customAspectWidth"": 16, ""customAspectHeight"": 9, ""instructionFontSize"": 14, ""labelBackgroundColor"": ""#e42709"", ""preventScrollHijacking"": true}, ""afterImage"": ""https://xyfxwlkyzpqydzqcszeu.supabase.co/storage/v1/object/public/media-library/0f758cf9-b381-4da0-8cb7-5579fc9120c7/1761664039656-vkt77r30zug.webp"", ""beforeImage"": ""https://xyfxwlkyzpqydzqcszeu.supabase.co/storage/v1/object/public/media-library/0f758cf9-b381-4da0-8cb7-5579fc9120c7/1761664028372-r3nevp5v25m.webp""}"
0f758cf9-b381-4da0-8cb7-5579fc9120c7,SSR Autobody (built by Shah),BEFORE_AFTER_SLIDER,S Class Before and After (CarVive Auto Collision) Copy,a502b8ad-05e1-4e7a-9a3f-bae229ca7dd2,True,2026-04-16T02:12:10.143485+00:00,2026-04-16T02:12:50.765+00:00,5917,2026-08-05T09:50:50.582972+00:00,2026-04-16T02:14:32.11+00:00,"{""styles"": {""textColor"": ""#FFFFFF"", ""widthType"": ""percentage"", ""afterLabel"": ""After"", ""fontFamily"": ""poppins"", ""showLabels"": true, ""widthValue"": 100, ""aspectRatio"": ""4:3"", ""beforeLabel"": ""Before"", ""shadowStyle"": ""default"", ""borderRadius"": 24, ""backgroundType"": ""transparent"", ""backgroundColor"": ""#000000"", ""instructionText"": ""Drag to compare"", ""showInstructions"": true, ""startingPosition"": 70, ""customAspectWidth"": 16, ""customAspectHeight"": 9, ""instructionFontSize"": 14, ""labelBackgroundColor"": ""#007bff"", ""preventScrollHijacking"": true}, ""afterImage"": ""https://xyfxwlkyzpqydzqcszeu.supabase.co/storage/v1/object/public/media-library/0f758cf9-b381-4da0-8cb7-5579fc9120c7/1761664039656-vkt77r30zug.webp"", ""beforeImage"": ""https://xyfxwlkyzpqydzqcszeu.supabase.co/storage/v1/object/public/media-library/0f758cf9-b381-4da0-8cb7-5579fc9120c7/1761664028372-r3nevp5v25m.webp""}"
0f758cf9-b381-4da0-8cb7-5579fc9120c7,SSR Autobody (built by Shah),BEFORE_AFTER_SLIDER,S Class Before and After (Central Auto Body),ce744fda-ab94-4bbd-8879-97e445d9c5a3,True,2026-05-08T18:31:01.034826+00:00,2026-05-08T18:31:30.473+00:00,4667,2026-08-05T04:52:40.629195+00:00,2026-05-08T18:32:09.491+00:00,"{""styles"": {""textColor"": ""#FFFFFF"", ""widthType"": ""percentage"", ""afterLabel"": ""After"", ""fontFamily"": ""poppins"", ""showLabels"": true, ""widthValue"": 100, ""aspectRatio"": ""4:3"", ""beforeLabel"": ""Before"", ""shadowStyle"": ""default"", ""borderRadius"": 24, ""backgroundType"": ""transparent"", ""backgroundColor"": ""#000000"", ""instructionText"": ""Drag to compare"", ""showInstructions"": true, ""startingPosition"": 70, ""customAspectWidth"": 16, ""customAspectHeight"": 9, ""instructionFontSize"": 14, ""labelBackgroundColor"": ""#007bff"", ""preventScrollHijacking"": true}, ""afterImage"": ""https://xyfxwlkyzpqydzqcszeu.supabase.co/storage/v1/object/public/media-library/0f758cf9-b381-4da0-8cb7-5579fc9120c7/1761664039656-vkt77r30zug.webp"", ""beforeImage"": ""https://xyfxwlkyzpqydzqcszeu.supabase.co/storage/v1/object/public/media-library/0f758cf9-b381-4da0-8cb7-5579fc9120c7/1761664028372-r3nevp5v25m.webp""}"
0f758cf9-b381-4da0-8cb7-5579fc9120c7,SSR Autobody (built by Shah),BEFORE_AFTER_SLIDER,S Class Before and After (Chris Auto Body),6333b954-0f73-487a-af78-f86af63c6382,True,2026-01-21T23:01:44.348709+00:00,2026-01-21T23:02:20.667+00:00,4740,2026-08-05T03:06:14.746583+00:00,2026-01-21T23:03:17.083+00:00,"{""styles"": {""textColor"": ""#FFFFFF"", ""widthType"": ""percentage"", ""afterLabel"": ""After"", ""fontFamily"": ""poppins"", ""showLabels"": true, ""widthValue"": 100, ""aspectRatio"": ""4:3"", ""beforeLabel"": ""Before"", ""shadowStyle"": ""default"", ""borderRadius"": 24, ""backgroundType"": ""transparent"", ""backgroundColor"": ""#000000"", ""instructionText"": ""Drag to compare"", ""showInstructions"": true, ""startingPosition"": 70, ""customAspectWidth"": 16, ""customAspectHeight"": 9, ""instructionFontSize"": 14, ""labelBackgroundColor"": ""#e42709"", ""preventScrollHijacking"": true}, ""afterImage"": ""https://xyfxwlkyzpqydzqcszeu.supabase.co/storage/v1/object/public/media-library/0f758cf9-b381-4da0-8cb7-5579fc9120c7/1761664039656-vkt77r30zug.webp"", ""beforeImage"": ""https://xyfxwlkyzpqydzqcszeu.supabase.co/storage/v1/object/public/media-library/0f758cf9-b381-4da0-8cb7-5579fc9120c7/1761664028372-r3nevp5v25m.webp""}"
0f758cf9-b381-4da0-8cb7-5579fc9120c7,SSR Autobody (built by Shah),BEFORE_AFTER_SLIDER,S Class Before and After (Collision Motor Specialist),0a75d68e-d4bb-4635-9b23-71c8e4cc681e,True,2026-06-30T19:00:03.709463+00:00,2026-06-30T19:00:30.848+00:00,2983,2026-08-05T00:40:31.440962+00:00,2026-06-30T19:01:27.114+00:00,"{""styles"": {""textColor"": ""#FFFFFF"", ""widthType"": ""percentage"", ""afterLabel"": ""After"", ""fontFamily"": ""poppins"", ""showLabels"": true, ""widthValue"": 100, ""aspectRatio"": ""4:3"", ""beforeLabel"": ""Before"", ""shadowStyle"": ""default"", ""borderRadius"": 24, ""backgroundType"": ""transparent"", ""backgroundColor"": ""#000000"", ""instructionText"": ""Drag to compare"", ""showInstructions"": true, ""startingPosition"": 70, ""customAspectWidth"": 16, ""customAspectHeight"": 9, ""instructionFontSize"": 14, ""labelBackgroundColor"": ""#e42709"", ""preventScrollHijacking"": true}, ""afterImage"": ""https://xyfxwlkyzpqydzqcszeu.supabase.co/storage/v1/object/public/media-library/0f758cf9-b381-4da0-8cb7-5579fc9120c7/1761664039656-vkt77r30zug.webp"", ""beforeImage"": ""https://xyfxwlkyzpqydzqcszeu.supabase.co/storage/v1/object/public/media-library/0f758cf9-b381-4da0-8cb7-5579fc9120c7/1761664028372-r3nevp5v25m.webp""}"
0f758cf9-b381-4da0-8cb7-5579fc9120c7,SSR Autobody (built by Shah),BEFORE_AFTER_SLIDER,S Class Before and After (Collision Stop),fb2b3f49-a493-47f4-b933-76e9a675fde6,True,2025-11-06T21:58:17.797938+00:00,2025-11-10T15:44:08.572+00:00,4133,2026-05-26T04:07:17.472+00:00,2025-11-06T21:58:17.797938+00:00,"{""styles"": {""textColor"": ""#FFFFFF"", ""widthType"": ""percentage"", ""afterLabel"": ""After"", ""fontFamily"": ""poppins"", ""showLabels"": true, ""widthValue"": 100, ""aspectRatio"": ""4:3"", ""beforeLabel"": ""Before"", ""shadowStyle"": ""default"", ""borderRadius"": 24, ""backgroundType"": ""transparent"", ""backgroundColor"": ""#000000"", ""instructionText"": ""Drag to compare"", ""showInstructions"": true, ""startingPosition"": 70, ""customAspectWidth"": 16, ""customAspectHeight"": 9, ""instructionFontSize"": 14, ""labelBackgroundColor"": ""#e42709"", ""preventScrollHijacking"": true}, ""afterImage"": ""https://xyfxwlkyzpqydzqcszeu.supabase.co/storage/v1/object/public/media-library/0f758cf9-b381-4da0-8cb7-5579fc9120c7/1761664039656-vkt77r30zug.webp"", ""beforeImage"": ""https://xyfxwlkyzpqydzqcszeu.supabase.co/storage/v1/object/public/media-library/0f758cf9-b381-4da0-8cb7-5579fc9120c7/1761664028372-r3nevp5v25m.webp""}"
0f758cf9-b381-4da0-8cb7-5579fc9120c7,SSR Autobody (built by Shah),BEFORE_AFTER_SLIDER,S Class Before and After (Countdown City Collision),2c9a89de-015e-49d2-b876-15d5c64aadbf,True,2026-06-03T19:57:57.004289+00:00,2026-06-03T19:59:23.114+00:00,3425,2026-08-05T08:07:35.325812+00:00,2026-06-03T20:07:33.675+00:00,"{""styles"": {""textColor"": ""#FFFFFF"", ""widthType"": ""percentage"", ""afterLabel"": ""After"", ""fontFamily"": ""poppins"", ""showLabels"": true, ""widthValue"": 100, ""aspectRatio"": ""4:3"", ""beforeLabel"": ""Before"", ""shadowStyle"": ""default"", ""borderRadius"": 24, ""backgroundType"": ""transparent"", ""backgroundColor"": ""#000000"", ""instructionText"": ""Drag to compare"", ""showInstructions"": true, ""startingPosition"": 70, ""customAspectWidth"": 16, ""customAspectHeight"": 9, ""instructionFontSize"": 14, ""labelBackgroundColor"": ""#e42709"", ""preventScrollHijacking"": true}, ""afterImage"": ""https://xyfxwlkyzpqydzqcszeu.supabase.co/storage/v1/object/public/media-library/0f758cf9-b381-4da0-8cb7-5579fc9120c7/1761664039656-vkt77r30zug.webp"", ""beforeImage"": ""https://xyfxwlkyzpqydzqcszeu.supabase.co/storage/v1/object/public/media-library/0f758cf9-b381-4da0-8cb7-5579fc9120c7/1761664028372-r3nevp5v25m.webp""}"
0f758cf9-b381-4da0-8cb7-5579fc9120c7,SSR Autobody (built by Shah),BEFORE_AFTER_SLIDER,S Class Before and After (Curros) Copy ,a3af3e22-4b60-4a70-aaa5-6bf398c21dff,True,2025-12-24T23:23:04.758118+00:00,2025-12-24T23:23:33.568+00:00,14524,2026-08-05T09:50:49.589886+00:00,2025-12-24T23:25:49.06+00:00,"{""styles"": {""textColor"": ""#FFFFFF"", ""widthType"": ""percentage"", ""afterLabel"": ""After"", ""fontFamily"": ""poppins"", ""showLabels"": true, ""widthValue"": 100, ""aspectRatio"": ""4:3"", ""beforeLabel"": ""Before"", ""shadowStyle"": ""default"", ""borderRadius"": 24, ""backgroundType"": ""transparent"", ""backgroundColor"": ""#000000"", ""instructionText"": ""Drag to compare"", ""showInstructions"": true, ""startingPosition"": 70, ""customAspectWidth"": 16, ""customAspectHeight"": 9, ""instructionFontSize"": 14, ""labelBackgroundColor"": ""#e42709"", ""preventScrollHijacking"": true}, ""afterImage"": ""https://xyfxwlkyzpqydzqcszeu.supabase.co/storage/v1/object/public/media-library/0f758cf9-b381-4da0-8cb7-5579fc9120c7/1761664039656-vkt77r30zug.webp"", ""beforeImage"": ""https://xyfxwlkyzpqydzqcszeu.supabase.co/storage/v1/object/public/media-library/0f758cf9-b381-4da0-8cb7-5579fc9120c7/1761664028372-r3nevp5v25m.webp""}"
0f758cf9-b381-4da0-8cb7-5579fc9120c7,SSR Autobody (built by Shah),BEFORE_AFTER_SLIDER,S Class Before and After (Electrified Collision),9da05c23-edc8-430f-bef9-80de147e0b29,True,2026-06-16T19:10:50.488646+00:00,2026-06-16T19:11:41.711+00:00,2731,2026-08-05T01:33:46.518918+00:00,2026-06-16T19:12:30.86+00:00,"{""styles"": {""textColor"": ""#FFFFFF"", ""widthType"": ""percentage"", ""afterLabel"": ""After"", ""fontFamily"": ""poppins"", ""showLabels"": true, ""widthValue"": 100, ""aspectRatio"": ""4:3"", ""beforeLabel"": ""Before"", ""shadowStyle"": ""default"", ""borderRadius"": 24, ""backgroundType"": ""transparent"", ""backgroundColor"": ""#000000"", ""instructionText"": ""Drag to compare"", ""showInstructions"": true, ""startingPosition"": 70, ""customAspectWidth"": 16, ""customAspectHeight"": 9, ""instructionFontSize"": 14, ""labelBackgroundColor"": ""#007bff"", ""preventScrollHijacking"": true}, ""afterImage"": ""https://xyfxwlkyzpqydzqcszeu.supabase.co/storage/v1/object/public/media-library/0f758cf9-b381-4da0-8cb7-5579fc9120c7/1761664039656-vkt77r30zug.webp"", ""beforeImage"": ""https://xyfxwlkyzpqydzqcszeu.supabase.co/storage/v1/object/public/media-library/0f758cf9-b381-4da0-8cb7-5579fc9120c7/1761664028372-r3nevp5v25m.webp""}"
0f758cf9-b381-4da0-8cb7-5579fc9120c7,SSR Autobody (built by Shah),BEFORE_AFTER_SLIDER,S Class Before and After (Elevated Auto & Collision),e1252267-2d9d-44c1-85fa-142e2ed6c644,True,2026-06-01T19:51:30.50107+00:00,2026-06-01T19:52:10.268+00:00,3570,2026-08-05T03:25:58.914932+00:00,2026-06-01T19:57:40.819+00:00,"{""styles"": {""textColor"": ""#FFFFFF"", ""widthType"": ""percentage"", ""afterLabel"": ""After"", ""fontFamily"": ""poppins"", ""showLabels"": true, ""widthValue"": 100, ""aspectRatio"": ""4:3"", ""beforeLabel"": ""Before"", ""shadowStyle"": ""default"", ""borderRadius"": 24, ""backgroundType"": ""transparent"", ""backgroundColor"": ""#000000"", ""instructionText"": ""Drag to compare"", ""showInstructions"": true, ""startingPosition"": 70, ""customAspectWidth"": 16, ""customAspectHeight"": 9, ""instructionFontSize"": 14, ""labelBackgroundColor"": ""#e42709"", ""preventScrollHijacking"": true}, ""afterImage"": ""https://xyfxwlkyzpqydzqcszeu.supabase.co/storage/v1/object/public/media-library/0f758cf9-b381-4da0-8cb7-5579fc9120c7/1761664039656-vkt77r30zug.webp"", ""beforeImage"": ""https://xyfxwlkyzpqydzqcszeu.supabase.co/storage/v1/object/public/media-library/0f758cf9-b381-4da0-8cb7-5579fc9120c7/1761664028372-r3nevp5v25m.webp""}"
0f758cf9-b381-4da0-8cb7-5579fc9120c7,SSR Autobody (built by Shah),BEFORE_AFTER_SLIDER,S Class Before and After (Elite Auto Collision),d98e267e-3df2-4e78-91f2-c42b8147e87d,True,2026-07-08T10:49:45.339753+00:00,2026-07-08T10:50:35.467+00:00,1921,2026-08-05T04:29:29.058892+00:00,2026-07-08T10:57:06.477+00:00,"{""styles"": {""textColor"": ""#FFFFFF"", ""widthType"": ""percentage"", ""afterLabel"": ""After"", ""fontFamily"": ""poppins"", ""showLabels"": true, ""widthValue"": 100, ""aspectRatio"": ""4:3"", ""beforeLabel"": ""Before"", ""shadowStyle"": ""default"", ""borderRadius"": 24, ""backgroundType"": ""transparent"", ""backgroundColor"": ""#000000"", ""instructionText"": ""Drag to compare"", ""showInstructions"": true, ""startingPosition"": 70, ""customAspectWidth"": 16, ""customAspectHeight"": 9, ""instructionFontSize"": 14, ""labelBackgroundColor"": ""#e42709"", ""preventScrollHijacking"": true}, ""afterImage"": ""https://xyfxwlkyzpqydzqcszeu.supabase.co/storage/v1/object/public/media-library/0f758cf9-b381-4da0-8cb7-5579fc9120c7/1761664039656-vkt77r30zug.webp"", ""beforeImage"": ""https://xyfxwlkyzpqydzqcszeu.supabase.co/storage/v1/object/public/media-library/0f758cf9-b381-4da0-8cb7-5579fc9120c7/1761664028372-r3nevp5v25m.webp""}"
0f758cf9-b381-4da0-8cb7-5579fc9120c7,SSR Autobody (built by Shah),BEFORE_AFTER_SLIDER,S Class Before and After (Elite Body Shop) ,e8c301b7-2722-44b4-8885-a35e9ebccc47,True,2026-05-18T20:41:55.44111+00:00,2026-05-18T20:42:26.97+00:00,4251,2026-08-05T06:51:43.405523+00:00,2026-05-18T21:09:56.489+00:00,"{""styles"": {""textColor"": ""#FFFFFF"", ""widthType"": ""percentage"", ""afterLabel"": ""After"", ""fontFamily"": ""poppins"", ""showLabels"": true, ""widthValue"": 100, ""aspectRatio"": ""4:3"", ""beforeLabel"": ""Before"", ""shadowStyle"": ""default"", ""borderRadius"": 24, ""backgroundType"": ""transparent"", ""backgroundColor"": ""#000000"", ""instructionText"": ""Drag to compare"", ""showInstructions"": true, ""startingPosition"": 70, ""customAspectWidth"": 16, ""customAspectHeight"": 9, ""instructionFontSize"": 14, ""labelBackgroundColor"": ""#e42709"", ""preventScrollHijacking"": true}, ""afterImage"": ""https://xyfxwlkyzpqydzqcszeu.supabase.co/storage/v1/object/public/media-library/0f758cf9-b381-4da0-8cb7-5579fc9120c7/1761664039656-vkt77r30zug.webp"", ""beforeImage"": ""https://xyfxwlkyzpqydzqcszeu.supabase.co/storage/v1/object/public/media-library/0f758cf9-b381-4da0-8cb7-5579fc9120c7/1761664028372-r3nevp5v25m.webp""}"
0f758cf9-b381-4da0-8cb7-5579fc9120c7,SSR Autobody (built by Shah),BEFORE_AFTER_SLIDER,S Class Before and After (Erland Auto Body & Repair),73fd15ea-2702-4fff-a733-73f24d6c4105,True,2026-06-19T18:48:28.667191+00:00,2026-07-10T17:19:01.343+00:00,3219,2026-08-05T03:10:36.734893+00:00,2026-06-19T18:53:05.741+00:00,"{""styles"": {""textColor"": ""#FFFFFF"", ""widthType"": ""percentage"", ""afterLabel"": ""After"", ""fontFamily"": ""poppins"", ""showLabels"": true, ""widthValue"": 100, ""aspectRatio"": ""4:3"", ""beforeLabel"": ""Before"", ""shadowStyle"": ""default"", ""borderRadius"": 24, ""backgroundType"": ""transparent"", ""backgroundColor"": ""#000000"", ""instructionText"": ""Drag to compare"", ""showInstructions"": true, ""startingPosition"": 70, ""customAspectWidth"": 16, ""customAspectHeight"": 9, ""instructionFontSize"": 14, ""labelBackgroundColor"": ""#e42709"", ""preventScrollHijacking"": true}, ""afterImage"": ""https://xyfxwlkyzpqydzqcszeu.supabase.co/storage/v1/object/public/media-library/0f758cf9-b381-4da0-8cb7-5579fc9120c7/1761664039656-vkt77r30zug.webp"", ""beforeImage"": ""https://xyfxwlkyzpqydzqcszeu.supabase.co/storage/v1/object/public/media-library/0f758cf9-b381-4da0-8cb7-5579fc9120c7/1761664028372-r3nevp5v25m.webp""}"
0f758cf9-b381-4da0-8cb7-5579fc9120c7,SSR Autobody (built by Shah),BEFORE_AFTER_SLIDER,S Class Before and After (F & M Automotive),10ac52cb-0d5f-4918-ac19-d6df9906263d,True,2026-07-08T18:39:18.7337+00:00,2026-07-08T18:39:38.153+00:00,898,2026-08-05T06:07:32.326306+00:00,2026-07-08T18:50:56.729+00:00,"{""styles"": {""textColor"": ""#FFFFFF"", ""widthType"": ""percentage"", ""afterLabel"": ""After"", ""fontFamily"": ""poppins"", ""showLabels"": true, ""widthValue"": 100, ""aspectRatio"": ""4:3"", ""beforeLabel"": ""Before"", ""shadowStyle"": ""default"", ""borderRadius"": 24, ""backgroundType"": ""transparent"", ""backgroundColor"": ""#000000"", ""instructionText"": ""Drag to compare"", ""showInstructions"": true, ""startingPosition"": 70, ""customAspectWidth"": 16, ""customAspectHeight"": 9, ""instructionFontSize"": 14, ""labelBackgroundColor"": ""#007bff"", ""preventScrollHijacking"": true}, ""afterImage"": ""https://xyfxwlkyzpqydzqcszeu.supabase.co/storage/v1/object/public/media-library/0f758cf9-b381-4da0-8cb7-5579fc9120c7/1761664039656-vkt77r30zug.webp"", ""beforeImage"": ""https://xyfxwlkyzpqydzqcszeu.supabase.co/storage/v1/object/public/media-library/0f758cf9-b381-4da0-8cb7-5579fc9120c7/1761664028372-r3nevp5v25m.webp""}"
0f758cf9-b381-4da0-8cb7-5579fc9120c7,SSR Autobody (built by Shah),BEFORE_AFTER_SLIDER,S Class Before and After (Flex Auto Body) Copy,bbc1d33a-e01d-4811-af16-bcc13328019d,True,2026-03-04T03:03:52.111371+00:00,2026-03-04T03:04:05.585+00:00,5646,2026-07-24T13:40:40.571231+00:00,2026-03-04T03:04:49.973+00:00,"{""styles"": {""textColor"": ""#FFFFFF"", ""widthType"": ""percentage"", ""afterLabel"": ""After"", ""fontFamily"": ""poppins"", ""showLabels"": true, ""widthValue"": 100, ""aspectRatio"": ""4:3"", ""beforeLabel"": ""Before"", ""shadowStyle"": ""default"", ""borderRadius"": 24, ""backgroundType"": ""transparent"", ""backgroundColor"": ""#000000"", ""instructionText"": ""Drag to compare"", ""showInstructions"": true, ""startingPosition"": 70, ""customAspectWidth"": 16, ""customAspectHeight"": 9, ""instructionFontSize"": 14, ""labelBackgroundColor"": ""#e42709"", ""preventScrollHijacking"": true}, ""afterImage"": ""https://xyfxwlkyzpqydzqcszeu.supabase.co/storage/v1/object/public/media-library/0f758cf9-b381-4da0-8cb7-5579fc9120c7/1761664039656-vkt77r30zug.webp"", ""beforeImage"": ""https://xyfxwlkyzpqydzqcszeu.supabase.co/storage/v1/object/public/media-library/0f758cf9-b381-4da0-8cb7-5579fc9120c7/1761664028372-r3nevp5v25m.webp""}"
0f758cf9-b381-4da0-8cb7-5579fc9120c7,SSR Autobody (built by Shah),BEFORE_AFTER_SLIDER,S Class Before and After (Frankie M's Auto Body),93ba8110-316e-4ae6-a66f-8d63366c2b13,True,2026-07-14T18:45:13.900422+00:00,2026-07-14T18:45:48.804+00:00,54,2026-08-04T18:50:54.48466+00:00,2026-07-14T18:54:45.125+00:00,"{""styles"": {""textColor"": ""#FFFFFF"", ""widthType"": ""percentage"", ""afterLabel"": ""After"", ""fontFamily"": ""poppins"", ""showLabels"": true, ""widthValue"": 100, ""aspectRatio"": ""4:3"", ""beforeLabel"": ""Before"", ""shadowStyle"": ""default"", ""borderRadius"": 24, ""backgroundType"": ""transparent"", ""backgroundColor"": ""#000000"", ""instructionText"": ""Drag to compare"", ""showInstructions"": true, ""startingPosition"": 70, ""customAspectWidth"": 16, ""customAspectHeight"": 9, ""instructionFontSize"": 14, ""labelBackgroundColor"": ""#007bff"", ""preventScrollHijacking"": true}, ""afterImage"": ""https://xyfxwlkyzpqydzqcszeu.supabase.co/storage/v1/object/public/media-library/0f758cf9-b381-4da0-8cb7-5579fc9120c7/1761664039656-vkt77r30zug.webp"", ""beforeImage"": ""https://xyfxwlkyzpqydzqcszeu.supabase.co/storage/v1/object/public/media-library/0f758cf9-b381-4da0-8cb7-5579fc9120c7/1761664028372-r3nevp5v25m.webp""}"
0f758cf9-b381-4da0-8cb7-5579fc9120c7,SSR Autobody (built by Shah),BEFORE_AFTER_SLIDER,S Class Before and After (Gary's Auto Collision Center),ee07c4ff-817e-4d17-9b8c-2b1f031cda65,True,2026-07-24T19:52:27.026868+00:00,2026-07-24T19:52:51.449+00:00,51,2026-08-04T18:33:40.886827+00:00,2026-07-24T19:56:22.994+00:00,"{""styles"": {""textColor"": ""#FFFFFF"", ""widthType"": ""percentage"", ""afterLabel"": ""After"", ""fontFamily"": ""poppins"", ""showLabels"": true, ""widthValue"": 100, ""aspectRatio"": ""4:3"", ""beforeLabel"": ""Before"", ""shadowStyle"": ""default"", ""borderRadius"": 24, ""backgroundType"": ""transparent"", ""backgroundColor"": ""#000000"", ""instructionText"": ""Drag to compare"", ""showInstructions"": true, ""startingPosition"": 70, ""customAspectWidth"": 16, ""customAspectHeight"": 9, ""instructionFontSize"": 14, ""labelBackgroundColor"": ""#e42709"", ""preventScrollHijacking"": true}, ""afterImage"": ""https://xyfxwlkyzpqydzqcszeu.supabase.co/storage/v1/object/public/media-library/0f758cf9-b381-4da0-8cb7-5579fc9120c7/1761664039656-vkt77r30zug.webp"", ""beforeImage"": ""https://xyfxwlkyzpqydzqcszeu.supabase.co/storage/v1/object/public/media-library/0f758cf9-b381-4da0-8cb7-5579fc9120c7/1761664028372-r3nevp5v25m.webp""}"
0f758cf9-b381-4da0-8cb7-5579fc9120c7,SSR Autobody (built by Shah),BEFORE_AFTER_SLIDER,S Class Before and After (Hyperion Auto Repair),fd078e17-f786-436b-967c-8b3fcc6eb82b,True,2026-07-02T23:18:22.706755+00:00,2026-07-02T23:19:30.724+00:00,2012,2026-08-05T09:21:38.738658+00:00,2026-07-02T23:18:36.473+00:00,"{""styles"": {""textColor"": ""#FFFFFF"", ""widthType"": ""percentage"", ""afterLabel"": ""After"", ""fontFamily"": ""poppins"", ""showLabels"": true, ""widthValue"": 100, ""aspectRatio"": ""4:3"", ""beforeLabel"": ""Before"", ""shadowStyle"": ""default"", ""borderRadius"": 24, ""backgroundType"": ""transparent"", ""backgroundColor"": ""#000000"", ""instructionText"": ""Drag to compare"", ""showInstructions"": true, ""startingPosition"": 70, ""customAspectWidth"": 16, ""customAspectHeight"": 9, ""instructionFontSize"": 14, ""labelBackgroundColor"": ""#007bff"", ""preventScrollHijacking"": true}, ""afterImage"": ""https://xyfxwlkyzpqydzqcszeu.supabase.co/storage/v1/object/public/media-library/0f758cf9-b381-4da0-8cb7-5579fc9120c7/1761664039656-vkt77r30zug.webp"", ""beforeImage"": ""https://xyfxwlkyzpqydzqcszeu.supabase.co/storage/v1/object/public/media-library/0f758cf9-b381-4da0-8cb7-5579fc9120c7/1761664028372-r3nevp5v25m.webp""}"
0f758cf9-b381-4da0-8cb7-5579fc9120c7,SSR Autobody (built by Shah),BEFORE_AFTER_SLIDER,S Class Before and After (International Auto),655b0851-cd48-40d8-853d-0f1e7cda2e45,True,2025-12-29T21:08:01.196892+00:00,2025-12-29T21:08:34.649+00:00,686,2026-07-29T20:43:14.10678+00:00,2025-12-29T21:09:19.076+00:00,"{""styles"": {""textColor"": ""#FFFFFF"", ""widthType"": ""percentage"", ""afterLabel"": ""After"", ""fontFamily"": ""poppins"", ""showLabels"": true, ""widthValue"": 100, ""aspectRatio"": ""4:3"", ""beforeLabel"": ""Before"", ""shadowStyle"": ""default"", ""borderRadius"": 24, ""backgroundType"": ""transparent"", ""backgroundColor"": ""#000000"", ""instructionText"": ""Drag to compare"", ""showInstructions"": true, ""startingPosition"": 70, ""customAspectWidth"": 16, ""customAspectHeight"": 9, ""instructionFontSize"": 14, ""labelBackgroundColor"": ""#e42709"", ""preventScrollHijacking"": true}, ""afterImage"": ""https://xyfxwlkyzpqydzqcszeu.supabase.co/storage/v1/object/public/media-library/0f758cf9-b381-4da0-8cb7-5579fc9120c7/1761664039656-vkt77r30zug.webp"", ""beforeImage"": ""https://xyfxwlkyzpqydzqcszeu.supabase.co/storage/v1/object/public/media-library/0f758cf9-b381-4da0-8cb7-5579fc9120c7/1761664028372-r3nevp5v25m.webp""}"
0f758cf9-b381-4da0-8cb7-5579fc9120c7,SSR Autobody (built by Shah),BEFORE_AFTER_SLIDER,S Class Before and After (LG Auto Body Fairfax),cb2e559d-3454-4ff5-a1a3-7a51d422e884,True,2026-02-10T00:19:17.044916+00:00,2026-02-10T00:19:45.869+00:00,9505,2026-08-05T08:27:19.257917+00:00,2026-02-10T00:20:41.222+00:00,"{""styles"": {""textColor"": ""#FFFFFF"", ""widthType"": ""percentage"", ""afterLabel"": ""After"", ""fontFamily"": ""poppins"", ""showLabels"": true, ""widthValue"": 100, ""aspectRatio"": ""4:3"", ""beforeLabel"": ""Before"", ""shadowStyle"": ""default"", ""borderRadius"": 24, ""backgroundType"": ""transparent"", ""backgroundColor"": ""#000000"", ""instructionText"": ""Drag to compare"", ""showInstructions"": true, ""startingPosition"": 70, ""customAspectWidth"": 16, ""customAspectHeight"": 9, ""instructionFontSize"": 14, ""labelBackgroundColor"": ""#e42709"", ""preventScrollHijacking"": true}, ""afterImage"": ""https://xyfxwlkyzpqydzqcszeu.supabase.co/storage/v1/object/public/media-library/0f758cf9-b381-4da0-8cb7-5579fc9120c7/1761664039656-vkt77r30zug.webp"", ""beforeImage"": ""https://xyfxwlkyzpqydzqcszeu.supabase.co/storage/v1/object/public/media-library/0f758cf9-b381-4da0-8cb7-5579fc9120c7/1761664028372-r3nevp5v25m.webp""}"
0f758cf9-b381-4da0-8cb7-5579fc9120c7,SSR Autobody (built by Shah),BEFORE_AFTER_SLIDER,S Class Before and After (LG AutoBody) Copy,725da4c9-f966-43ad-81c2-9262aded4a99,True,2025-11-18T20:38:18.034671+00:00,2025-11-18T20:39:42.172+00:00,18006,2026-08-05T07:57:30.33341+00:00,2025-11-18T20:38:18.034671+00:00,"{""styles"": {""textColor"": ""#FFFFFF"", ""widthType"": ""percentage"", ""afterLabel"": ""After"", ""fontFamily"": ""poppins"", ""showLabels"": true, ""widthValue"": 100, ""aspectRatio"": ""4:3"", ""beforeLabel"": ""Before"", ""shadowStyle"": ""default"", ""borderRadius"": 24, ""backgroundType"": ""transparent"", ""backgroundColor"": ""#000000"", ""instructionText"": ""Drag to compare"", ""showInstructions"": true, ""startingPosition"": 70, ""customAspectWidth"": 16, ""customAspectHeight"": 9, ""instructionFontSize"": 14, ""labelBackgroundColor"": ""#e42709"", ""preventScrollHijacking"": true}, ""afterImage"": ""https://xyfxwlkyzpqydzqcszeu.supabase.co/storage/v1/object/public/media-library/0f758cf9-b381-4da0-8cb7-5579fc9120c7/1761664039656-vkt77r30zug.webp"", ""beforeImage"": ""https://xyfxwlkyzpqydzqcszeu.supabase.co/storage/v1/object/public/media-library/0f758cf9-b381-4da0-8cb7-5579fc9120c7/1761664028372-r3nevp5v25m.webp""}"
0f758cf9-b381-4da0-8cb7-5579fc9120c7,SSR Autobody (built by Shah),BEFORE_AFTER_SLIDER,S Class Before and After (Lone Star Auto Body),c8e21076-a565-4cbd-855b-8a3128e3ad31,True,2026-05-26T05:08:02.050305+00:00,2026-05-26T05:08:38.725+00:00,4598,2026-08-05T08:01:22.808826+00:00,2026-05-29T02:31:20.474+00:00,"{""styles"": {""textColor"": ""#FFFFFF"", ""widthType"": ""percentage"", ""afterLabel"": ""After"", ""fontFamily"": ""poppins"", ""showLabels"": true, ""widthValue"": 100, ""aspectRatio"": ""4:3"", ""beforeLabel"": ""Before"", ""shadowStyle"": ""default"", ""borderRadius"": 24, ""backgroundType"": ""transparent"", ""backgroundColor"": ""#000000"", ""instructionText"": ""Drag to compare"", ""showInstructions"": true, ""startingPosition"": 70, ""customAspectWidth"": 16, ""customAspectHeight"": 9, ""instructionFontSize"": 14, ""labelBackgroundColor"": ""#007bff"", ""preventScrollHijacking"": true}, ""afterImage"": ""https://xyfxwlkyzpqydzqcszeu.supabase.co/storage/v1/object/public/media-library/0f758cf9-b381-4da0-8cb7-5579fc9120c7/1761664039656-vkt77r30zug.webp"", ""beforeImage"": ""https://xyfxwlkyzpqydzqcszeu.supabase.co/storage/v1/object/public/media-library/0f758cf9-b381-4da0-8cb7-5579fc9120c7/1761664028372-r3nevp5v25m.webp""}"
0f758cf9-b381-4da0-8cb7-5579fc9120c7,SSR Autobody (built by Shah),BEFORE_AFTER_SLIDER,S Class Before and After (Makka Auto Body),179794de-4b88-41d3-a8ae-c4fe8f5fbae0,True,2026-02-10T22:01:00.589459+00:00,2026-02-10T22:01:17.131+00:00,16821,2026-08-05T07:43:08.540124+00:00,2026-02-10T22:01:59.922+00:00,"{""styles"": {""textColor"": ""#FFFFFF"", ""widthType"": ""percentage"", ""afterLabel"": ""After"", ""fontFamily"": ""poppins"", ""showLabels"": true, ""widthValue"": 100, ""aspectRatio"": ""4:3"", ""beforeLabel"": ""Before"", ""shadowStyle"": ""default"", ""borderRadius"": 24, ""backgroundType"": ""transparent"", ""backgroundColor"": ""#000000"", ""instructionText"": ""Drag to compare"", ""showInstructions"": true, ""startingPosition"": 70, ""customAspectWidth"": 16, ""customAspectHeight"": 9, ""instructionFontSize"": 14, ""labelBackgroundColor"": ""#e42709"", ""preventScrollHijacking"": true}, ""afterImage"": ""https://xyfxwlkyzpqydzqcszeu.supabase.co/storage/v1/object/public/media-library/0f758cf9-b381-4da0-8cb7-5579fc9120c7/1761664039656-vkt77r30zug.webp"", ""beforeImage"": ""https://xyfxwlkyzpqydzqcszeu.supabase.co/storage/v1/object/public/media-library/0f758cf9-b381-4da0-8cb7-5579fc9120c7/1761664028372-r3nevp5v25m.webp""}"
0f758cf9-b381-4da0-8cb7-5579fc9120c7,SSR Autobody (built by Shah),BEFORE_AFTER_SLIDER,S Class Before and After (National Auto Collision),15e4d610-718d-4107-8663-3bc8c4bf1a9a,True,2026-03-23T22:21:21.411773+00:00,2026-03-23T22:22:44.813+00:00,5073,2026-08-05T07:31:42.958935+00:00,2026-03-23T22:23:00.185+00:00,"{""styles"": {""textColor"": ""#FFFFFF"", ""widthType"": ""percentage"", ""afterLabel"": ""After"", ""fontFamily"": ""poppins"", ""showLabels"": true, ""widthValue"": 100, ""aspectRatio"": ""4:3"", ""beforeLabel"": ""Before"", ""shadowStyle"": ""default"", ""borderRadius"": 24, ""backgroundType"": ""transparent"", ""backgroundColor"": ""#000000"", ""instructionText"": ""Drag to compare"", ""showInstructions"": true, ""startingPosition"": 70, ""customAspectWidth"": 16, ""customAspectHeight"": 9, ""instructionFontSize"": 14, ""labelBackgroundColor"": ""#007bff"", ""preventScrollHijacking"": true}, ""afterImage"": ""https://xyfxwlkyzpqydzqcszeu.supabase.co/storage/v1/object/public/media-library/0f758cf9-b381-4da0-8cb7-5579fc9120c7/1761664039656-vkt77r30zug.webp"", ""beforeImage"": ""https://xyfxwlkyzpqydzqcszeu.supabase.co/storage/v1/object/public/media-library/0f758cf9-b381-4da0-8cb7-5579fc9120c7/1761664028372-r3nevp5v25m.webp""}"
0f758cf9-b381-4da0-8cb7-5579fc9120c7,SSR Autobody (built by Shah),BEFORE_AFTER_SLIDER,S Class Before and After (P&C Collision Center),a9d9ed4e-937d-4c5d-a6e6-ecca21066e40,True,2026-06-15T18:38:54.503074+00:00,2026-06-15T18:42:41.552+00:00,2272,2026-08-04T19:47:48.560647+00:00,2026-06-15T18:46:16.02+00:00,"{""styles"": {""textColor"": ""#FFFFFF"", ""widthType"": ""percentage"", ""afterLabel"": ""After"", ""fontFamily"": ""poppins"", ""showLabels"": true, ""widthValue"": 100, ""aspectRatio"": ""4:3"", ""beforeLabel"": ""Before"", ""shadowStyle"": ""default"", ""borderRadius"": 24, ""backgroundType"": ""transparent"", ""backgroundColor"": ""#000000"", ""instructionText"": ""Drag to compare"", ""showInstructions"": true, ""startingPosition"": 70, ""customAspectWidth"": 16, ""customAspectHeight"": 9, ""instructionFontSize"": 14, ""labelBackgroundColor"": ""#e42709"", ""preventScrollHijacking"": true}, ""afterImage"": ""https://xyfxwlkyzpqydzqcszeu.supabase.co/storage/v1/object/public/media-library/0f758cf9-b381-4da0-8cb7-5579fc9120c7/1761664039656-vkt77r30zug.webp"", ""beforeImage"": ""https://xyfxwlkyzpqydzqcszeu.supabase.co/storage/v1/object/public/media-library/0f758cf9-b381-4da0-8cb7-5579fc9120c7/1761664028372-r3nevp5v25m.webp""}"
0f758cf9-b381-4da0-8cb7-5579fc9120c7,SSR Autobody (built by Shah),BEFORE_AFTER_SLIDER,S Class Before and After (Pacific Rims Auto Body Shop),a15b04f8-f56f-41db-92bb-fce59d12b22d,True,2026-07-23T18:26:07.152763+00:00,2026-07-23T18:26:34.723+00:00,275,2026-08-05T08:38:38.865391+00:00,2026-07-23T18:27:30.518+00:00,"{""styles"": {""textColor"": ""#FFFFFF"", ""widthType"": ""percentage"", ""afterLabel"": ""After"", ""fontFamily"": ""poppins"", ""showLabels"": true, ""widthValue"": 100, ""aspectRatio"": ""4:3"", ""beforeLabel"": ""Before"", ""shadowStyle"": ""default"", ""borderRadius"": 24, ""backgroundType"": ""transparent"", ""backgroundColor"": ""#000000"", ""instructionText"": ""Drag to compare"", ""showInstructions"": true, ""startingPosition"": 70, ""customAspectWidth"": 16, ""customAspectHeight"": 9, ""instructionFontSize"": 14, ""labelBackgroundColor"": ""#007bff"", ""preventScrollHijacking"": true}, ""afterImage"": ""https://xyfxwlkyzpqydzqcszeu.supabase.co/storage/v1/object/public/media-library/0f758cf9-b381-4da0-8cb7-5579fc9120c7/1761664039656-vkt77r30zug.webp"", ""beforeImage"": ""https://xyfxwlkyzpqydzqcszeu.supabase.co/storage/v1/object/public/media-library/0f758cf9-b381-4da0-8cb7-5579fc9120c7/1761664028372-r3nevp5v25m.webp""}"
0f758cf9-b381-4da0-8cb7-5579fc9120c7,SSR Autobody (built by Shah),BEFORE_AFTER_SLIDER,S Class Before and After (Pazi Performance),be1cac3b-53dc-44ff-98f5-6cfa0aade1a8,True,2026-07-13T19:06:36.252477+00:00,2026-07-14T18:44:48.537+00:00,934,2026-08-05T09:27:50.825562+00:00,2026-07-13T19:09:53.611+00:00,"{""styles"": {""textColor"": ""#FFFFFF"", ""widthType"": ""percentage"", ""afterLabel"": ""After"", ""fontFamily"": ""poppins"", ""showLabels"": true, ""widthValue"": 100, ""aspectRatio"": ""4:3"", ""beforeLabel"": ""Before"", ""shadowStyle"": ""default"", ""borderRadius"": 24, ""backgroundType"": ""transparent"", ""backgroundColor"": ""#000000"", ""instructionText"": ""Drag to compare"", ""showInstructions"": true, ""startingPosition"": 70, ""customAspectWidth"": 16, ""customAspectHeight"": 9, ""instructionFontSize"": 14, ""labelBackgroundColor"": ""#007bff"", ""preventScrollHijacking"": true}, ""afterImage"": ""https://xyfxwlkyzpqydzqcszeu.supabase.co/storage/v1/object/public/media-library/0f758cf9-b381-4da0-8cb7-5579fc9120c7/1761664039656-vkt77r30zug.webp"", ""beforeImage"": ""https://xyfxwlkyzpqydzqcszeu.supabase.co/storage/v1/object/public/media-library/0f758cf9-b381-4da0-8cb7-5579fc9120c7/1761664028372-r3nevp5v25m.webp""}"
0f758cf9-b381-4da0-8cb7-5579fc9120c7,SSR Autobody (built by Shah),BEFORE_AFTER_SLIDER,S Class Before and After (Pit Stop Auto Collision),dcdb6afc-92a2-4812-ada3-f519faf58be4,True,2026-03-24T21:56:40.257013+00:00,2026-03-24T21:56:59.885+00:00,11554,2026-08-05T06:59:10.816745+00:00,2026-03-24T21:57:31.124+00:00,"{""styles"": {""textColor"": ""#FFFFFF"", ""widthType"": ""percentage"", ""afterLabel"": ""After"", ""fontFamily"": ""poppins"", ""showLabels"": true, ""widthValue"": 100, ""aspectRatio"": ""4:3"", ""beforeLabel"": ""Before"", ""shadowStyle"": ""default"", ""borderRadius"": 24, ""backgroundType"": ""transparent"", ""backgroundColor"": ""#000000"", ""instructionText"": ""Drag to compare"", ""showInstructions"": true, ""startingPosition"": 70, ""customAspectWidth"": 16, ""customAspectHeight"": 9, ""instructionFontSize"": 14, ""labelBackgroundColor"": ""#e42709"", ""preventScrollHijacking"": true}, ""afterImage"": ""https://xyfxwlkyzpqydzqcszeu.supabase.co/storage/v1/object/public/media-library/0f758cf9-b381-4da0-8cb7-5579fc9120c7/1761664039656-vkt77r30zug.webp"", ""beforeImage"": ""https://xyfxwlkyzpqydzqcszeu.supabase.co/storage/v1/object/public/media-library/0f758cf9-b381-4da0-8cb7-5579fc9120c7/1761664028372-r3nevp5v25m.webp""}"
0f758cf9-b381-4da0-8cb7-5579fc9120c7,SSR Autobody (built by Shah),BEFORE_AFTER_SLIDER,S Class Before and After (Platinum Auto Collision),5a03c1d9-b097-4716-8b12-8b88d06e8589,True,2026-07-21T17:32:22.671715+00:00,2026-07-21T17:32:55.241+00:00,59,2026-08-04T18:55:10.723373+00:00,2026-07-21T17:38:16.704+00:00,"{""styles"": {""textColor"": ""#FFFFFF"", ""widthType"": ""percentage"", ""afterLabel"": ""After"", ""fontFamily"": ""poppins"", ""showLabels"": true, ""widthValue"": 100, ""aspectRatio"": ""4:3"", ""beforeLabel"": ""Before"", ""shadowStyle"": ""default"", ""borderRadius"": 24, ""backgroundType"": ""transparent"", ""backgroundColor"": ""#000000"", ""instructionText"": ""Drag to compare"", ""showInstructions"": true, ""startingPosition"": 70, ""customAspectWidth"": 16, ""customAspectHeight"": 9, ""instructionFontSize"": 14, ""labelBackgroundColor"": ""#e42709"", ""preventScrollHijacking"": true}, ""afterImage"": ""https://xyfxwlkyzpqydzqcszeu.supabase.co/storage/v1/object/public/media-library/0f758cf9-b381-4da0-8cb7-5579fc9120c7/1761664039656-vkt77r30zug.webp"", ""beforeImage"": ""https://xyfxwlkyzpqydzqcszeu.supabase.co/storage/v1/object/public/media-library/0f758cf9-b381-4da0-8cb7-5579fc9120c7/1761664028372-r3nevp5v25m.webp""}"
0f758cf9-b381-4da0-8cb7-5579fc9120c7,SSR Autobody (built by Shah),BEFORE_AFTER_SLIDER,S Class Before and After (Pompano Auto Service),203c2b74-e2f7-4775-a25c-337b2d33f8ba,True,2026-06-02T19:36:16.787234+00:00,2026-06-02T19:37:08.528+00:00,2686,2026-08-05T07:06:14.486011+00:00,2026-06-02T19:42:08.46+00:00,"{""styles"": {""textColor"": ""#FFFFFF"", ""widthType"": ""percentage"", ""afterLabel"": ""After"", ""fontFamily"": ""poppins"", ""showLabels"": true, ""widthValue"": 100, ""aspectRatio"": ""4:3"", ""beforeLabel"": ""Before"", ""shadowStyle"": ""default"", ""borderRadius"": 24, ""backgroundType"": ""transparent"", ""backgroundColor"": ""#000000"", ""instructionText"": ""Drag to compare"", ""showInstructions"": true, ""startingPosition"": 70, ""customAspectWidth"": 16, ""customAspectHeight"": 9, ""instructionFontSize"": 14, ""labelBackgroundColor"": ""#007bff"", ""preventScrollHijacking"": true}, ""afterImage"": ""https://xyfxwlkyzpqydzqcszeu.supabase.co/storage/v1/object/public/media-library/0f758cf9-b381-4da0-8cb7-5579fc9120c7/1761664039656-vkt77r30zug.webp"", ""beforeImage"": ""https://xyfxwlkyzpqydzqcszeu.supabase.co/storage/v1/object/public/media-library/0f758cf9-b381-4da0-8cb7-5579fc9120c7/1761664028372-r3nevp5v25m.webp""}"
0f758cf9-b381-4da0-8cb7-5579fc9120c7,SSR Autobody (built by Shah),BEFORE_AFTER_SLIDER,S Class Before and After (Premier Auto Collision),0bea58fc-edf7-4e6c-b7c0-4a4f3362aecc,True,2026-07-16T18:44:39.644823+00:00,2026-07-16T18:45:19.831+00:00,45,2026-08-04T19:39:08.710397+00:00,2026-07-16T18:47:46.33+00:00,"{""styles"": {""textColor"": ""#FFFFFF"", ""widthType"": ""percentage"", ""afterLabel"": ""After"", ""fontFamily"": ""poppins"", ""showLabels"": true, ""widthValue"": 100, ""aspectRatio"": ""4:3"", ""beforeLabel"": ""Before"", ""shadowStyle"": ""default"", ""borderRadius"": 24, ""backgroundType"": ""transparent"", ""backgroundColor"": ""#000000"", ""instructionText"": ""Drag to compare"", ""showInstructions"": true, ""startingPosition"": 70, ""customAspectWidth"": 16, ""customAspectHeight"": 9, ""instructionFontSize"": 14, ""labelBackgroundColor"": ""#007bff"", ""preventScrollHijacking"": true}, ""afterImage"": ""https://xyfxwlkyzpqydzqcszeu.supabase.co/storage/v1/object/public/media-library/0f758cf9-b381-4da0-8cb7-5579fc9120c7/1761664039656-vkt77r30zug.webp"", ""beforeImage"": ""https://xyfxwlkyzpqydzqcszeu.supabase.co/storage/v1/object/public/media-library/0f758cf9-b381-4da0-8cb7-5579fc9120c7/1761664028372-r3nevp5v25m.webp""}"
0f758cf9-b381-4da0-8cb7-5579fc9120c7,SSR Autobody (built by Shah),BEFORE_AFTER_SLIDER,S Class Before and After (Premier Autobody & Frame),0f9d613a-6425-4c6c-b056-20d4cdb366c8,True,2026-06-17T19:22:36.756441+00:00,2026-06-17T19:23:24.997+00:00,2811,2026-08-05T08:52:38.033665+00:00,2026-06-17T19:25:49.922+00:00,"{""styles"": {""textColor"": ""#FFFFFF"", ""widthType"": ""percentage"", ""afterLabel"": ""After"", ""fontFamily"": ""poppins"", ""showLabels"": true, ""widthValue"": 100, ""aspectRatio"": ""4:3"", ""beforeLabel"": ""Before"", ""shadowStyle"": ""default"", ""borderRadius"": 24, ""backgroundType"": ""transparent"", ""backgroundColor"": ""#000000"", ""instructionText"": ""Drag to compare"", ""showInstructions"": true, ""startingPosition"": 70, ""customAspectWidth"": 16, ""customAspectHeight"": 9, ""instructionFontSize"": 14, ""labelBackgroundColor"": ""#007bff"", ""preventScrollHijacking"": true}, ""afterImage"": ""https://xyfxwlkyzpqydzqcszeu.supabase.co/storage/v1/object/public/media-library/0f758cf9-b381-4da0-8cb7-5579fc9120c7/1761664039656-vkt77r30zug.webp"", ""beforeImage"": ""https://xyfxwlkyzpqydzqcszeu.supabase.co/storage/v1/object/public/media-library/0f758cf9-b381-4da0-8cb7-5579fc9120c7/1761664028372-r3nevp5v25m.webp""}"
0f758cf9-b381-4da0-8cb7-5579fc9120c7,SSR Autobody (built by Shah),BEFORE_AFTER_SLIDER,S Class Before and After (Primes Auto Service) ,dfc09114-1878-44ef-ba9d-a7c62e9fac68,True,2026-07-09T19:12:48.013024+00:00,2026-07-09T19:13:11.584+00:00,2378,2026-08-05T08:55:54.735292+00:00,2026-07-09T19:15:35.808+00:00,"{""styles"": {""textColor"": ""#FFFFFF"", ""widthType"": ""percentage"", ""afterLabel"": ""After"", ""fontFamily"": ""poppins"", ""showLabels"": true, ""widthValue"": 100, ""aspectRatio"": ""4:3"", ""beforeLabel"": ""Before"", ""shadowStyle"": ""default"", ""borderRadius"": 24, ""backgroundType"": ""transparent"", ""backgroundColor"": ""#000000"", ""instructionText"": ""Drag to compare"", ""showInstructions"": true, ""startingPosition"": 70, ""customAspectWidth"": 16, ""customAspectHeight"": 9, ""instructionFontSize"": 14, ""labelBackgroundColor"": ""#e42709"", ""preventScrollHijacking"": true}, ""afterImage"": ""https://xyfxwlkyzpqydzqcszeu.supabase.co/storage/v1/object/public/media-library/0f758cf9-b381-4da0-8cb7-5579fc9120c7/1761664039656-vkt77r30zug.webp"", ""beforeImage"": ""https://xyfxwlkyzpqydzqcszeu.supabase.co/storage/v1/object/public/media-library/0f758cf9-b381-4da0-8cb7-5579fc9120c7/1761664028372-r3nevp5v25m.webp""}"
0f758cf9-b381-4da0-8cb7-5579fc9120c7,SSR Autobody (built by Shah),BEFORE_AFTER_SLIDER,S Class Before and After (Pro Color Collision),2fe56513-1178-4f6c-b6c5-455b9bc1d0ca,True,2025-12-26T20:32:28.177438+00:00,2025-12-26T20:32:54.923+00:00,6794,2026-08-04T22:54:29.36731+00:00,2025-12-26T20:33:47.778+00:00,"{""styles"": {""textColor"": ""#FFFFFF"", ""widthType"": ""percentage"", ""afterLabel"": ""After"", ""fontFamily"": ""poppins"", ""showLabels"": true, ""widthValue"": 100, ""aspectRatio"": ""4:3"", ""beforeLabel"": ""Before"", ""shadowStyle"": ""default"", ""borderRadius"": 24, ""backgroundType"": ""transparent"", ""backgroundColor"": ""#000000"", ""instructionText"": ""Drag to compare"", ""showInstructions"": true, ""startingPosition"": 70, ""customAspectWidth"": 16, ""customAspectHeight"": 9, ""instructionFontSize"": 14, ""labelBackgroundColor"": ""#e42709"", ""preventScrollHijacking"": true}, ""afterImage"": ""https://xyfxwlkyzpqydzqcszeu.supabase.co/storage/v1/object/public/media-library/0f758cf9-b381-4da0-8cb7-5579fc9120c7/1761664039656-vkt77r30zug.webp"", ""beforeImage"": ""https://xyfxwlkyzpqydzqcszeu.supabase.co/storage/v1/object/public/media-library/0f758cf9-b381-4da0-8cb7-5579fc9120c7/1761664028372-r3nevp5v25m.webp""}"
0f758cf9-b381-4da0-8cb7-5579fc9120c7,SSR Autobody (built by Shah),BEFORE_AFTER_SLIDER,S Class Before and After (Relux Collision),97fefb4a-3724-4ed4-9cbb-e917cf5edf58,True,2026-07-20T18:49:42.377563+00:00,2026-07-20T18:50:44.591+00:00,918,2026-08-05T09:12:40.999571+00:00,2026-07-20T18:52:35.478+00:00,"{""styles"": {""textColor"": ""#FFFFFF"", ""widthType"": ""percentage"", ""afterLabel"": ""After"", ""fontFamily"": ""poppins"", ""showLabels"": true, ""widthValue"": 100, ""aspectRatio"": ""4:3"", ""beforeLabel"": ""Before"", ""shadowStyle"": ""default"", ""borderRadius"": 24, ""backgroundType"": ""transparent"", ""backgroundColor"": ""#000000"", ""instructionText"": ""Drag to compare"", ""showInstructions"": true, ""startingPosition"": 70, ""customAspectWidth"": 16, ""customAspectHeight"": 9, ""instructionFontSize"": 14, ""labelBackgroundColor"": ""#007bff"", ""preventScrollHijacking"": true}, ""afterImage"": ""https://xyfxwlkyzpqydzqcszeu.supabase.co/storage/v1/object/public/media-library/0f758cf9-b381-4da0-8cb7-5579fc9120c7/1761664039656-vkt77r30zug.webp"", ""beforeImage"": ""https://xyfxwlkyzpqydzqcszeu.supabase.co/storage/v1/object/public/media-library/0f758cf9-b381-4da0-8cb7-5579fc9120c7/1761664028372-r3nevp5v25m.webp""}"
0f758cf9-b381-4da0-8cb7-5579fc9120c7,SSR Autobody (built by Shah),BEFORE_AFTER_SLIDER,S Class Before and After (Rickenbaugh Collision Center),ee9b232d-c5db-4823-89af-4299d09ade74,True,2026-06-04T19:42:22.94957+00:00,2026-06-04T19:43:43.711+00:00,4039,2026-08-05T06:20:46.121362+00:00,2026-06-04T19:47:42.413+00:00,"{""styles"": {""textColor"": ""#FFFFFF"", ""widthType"": ""percentage"", ""afterLabel"": ""After"", ""fontFamily"": ""poppins"", ""showLabels"": true, ""widthValue"": 100, ""aspectRatio"": ""4:3"", ""beforeLabel"": ""Before"", ""shadowStyle"": ""default"", ""borderRadius"": 24, ""backgroundType"": ""transparent"", ""backgroundColor"": ""#000000"", ""instructionText"": ""Drag to compare"", ""showInstructions"": true, ""startingPosition"": 70, ""customAspectWidth"": 16, ""customAspectHeight"": 9, ""instructionFontSize"": 14, ""labelBackgroundColor"": ""#e42709"", ""preventScrollHijacking"": true}, ""afterImage"": ""https://xyfxwlkyzpqydzqcszeu.supabase.co/storage/v1/object/public/media-library/0f758cf9-b381-4da0-8cb7-5579fc9120c7/1761664039656-vkt77r30zug.webp"", ""beforeImage"": ""https://xyfxwlkyzpqydzqcszeu.supabase.co/storage/v1/object/public/media-library/0f758cf9-b381-4da0-8cb7-5579fc9120c7/1761664028372-r3nevp5v25m.webp""}"
0f758cf9-b381-4da0-8cb7-5579fc9120c7,SSR Autobody (built by Shah),BEFORE_AFTER_SLIDER,S Class Before and After (Royal Auto Body & Repair Center),379674c9-fea7-4237-af6e-558e4c35c494,True,2026-06-09T20:59:30.92395+00:00,2026-06-09T21:02:55.616+00:00,3501,2026-08-05T08:45:51.043042+00:00,2026-06-10T16:52:22.416+00:00,"{""styles"": {""textColor"": ""#FFFFFF"", ""widthType"": ""percentage"", ""afterLabel"": ""After"", ""fontFamily"": ""poppins"", ""showLabels"": true, ""widthValue"": 100, ""aspectRatio"": ""4:3"", ""beforeLabel"": ""Before"", ""shadowStyle"": ""default"", ""borderRadius"": 24, ""backgroundType"": ""transparent"", ""backgroundColor"": ""#000000"", ""instructionText"": ""Drag to compare"", ""showInstructions"": true, ""startingPosition"": 70, ""customAspectWidth"": 16, ""customAspectHeight"": 9, ""instructionFontSize"": 14, ""labelBackgroundColor"": ""#e42709"", ""preventScrollHijacking"": true}, ""afterImage"": ""https://xyfxwlkyzpqydzqcszeu.supabase.co/storage/v1/object/public/media-library/0f758cf9-b381-4da0-8cb7-5579fc9120c7/1761664039656-vkt77r30zug.webp"", ""beforeImage"": ""https://xyfxwlkyzpqydzqcszeu.supabase.co/storage/v1/object/public/media-library/0f758cf9-b381-4da0-8cb7-5579fc9120c7/1761664028372-r3nevp5v25m.webp""}"
0f758cf9-b381-4da0-8cb7-5579fc9120c7,SSR Autobody (built by Shah),BEFORE_AFTER_SLIDER,S Class Before and After (SSR Autobody),63d2563f-eab3-438e-97d0-fc6e714ecf44,True,2025-10-28T15:09:06.915407+00:00,2025-11-10T15:42:10.087+00:00,11861,2026-08-05T07:20:21.300692+00:00,2025-10-28T15:09:06.915407+00:00,"{""styles"": {""textColor"": ""#FFFFFF"", ""widthType"": ""percentage"", ""afterLabel"": ""After"", ""fontFamily"": ""poppins"", ""showLabels"": true, ""widthValue"": 100, ""aspectRatio"": ""4:3"", ""beforeLabel"": ""Before"", ""shadowStyle"": ""default"", ""borderRadius"": 24, ""backgroundType"": ""transparent"", ""backgroundColor"": ""#000000"", ""instructionText"": ""Drag to compare"", ""showInstructions"": true, ""startingPosition"": 70, ""customAspectWidth"": 16, ""customAspectHeight"": 9, ""instructionFontSize"": 14, ""labelBackgroundColor"": ""#e42709"", ""preventScrollHijacking"": true}, ""afterImage"": ""https://xyfxwlkyzpqydzqcszeu.supabase.co/storage/v1/object/public/media-library/0f758cf9-b381-4da0-8cb7-5579fc9120c7/1761664039656-vkt77r30zug.webp"", ""beforeImage"": ""https://xyfxwlkyzpqydzqcszeu.supabase.co/storage/v1/object/public/media-library/0f758cf9-b381-4da0-8cb7-5579fc9120c7/1761664028372-r3nevp5v25m.webp""}"
0f758cf9-b381-4da0-8cb7-5579fc9120c7,SSR Autobody (built by Shah),BEFORE_AFTER_SLIDER,S Class Before and After (San Leandro Auto Body),c2166bdd-4800-474c-a620-a18829b6eb37,True,2026-02-04T01:44:50.94582+00:00,2026-02-04T01:46:00.524+00:00,10994,2026-08-05T09:13:45.818841+00:00,2026-02-04T01:46:59.279+00:00,"{""styles"": {""textColor"": ""#FFFFFF"", ""widthType"": ""percentage"", ""afterLabel"": ""After"", ""fontFamily"": ""poppins"", ""showLabels"": true, ""widthValue"": 100, ""aspectRatio"": ""4:3"", ""beforeLabel"": ""Before"", ""shadowStyle"": ""default"", ""borderRadius"": 24, ""backgroundType"": ""transparent"", ""backgroundColor"": ""#000000"", ""instructionText"": ""Drag to compare"", ""showInstructions"": true, ""startingPosition"": 70, ""customAspectWidth"": 16, ""customAspectHeight"": 9, ""instructionFontSize"": 14, ""labelBackgroundColor"": ""#e42709"", ""preventScrollHijacking"": true}, ""afterImage"": ""https://xyfxwlkyzpqydzqcszeu.supabase.co/storage/v1/object/public/media-library/0f758cf9-b381-4da0-8cb7-5579fc9120c7/1761664039656-vkt77r30zug.webp"", ""beforeImage"": ""https://xyfxwlkyzpqydzqcszeu.supabase.co/storage/v1/object/public/media-library/0f758cf9-b381-4da0-8cb7-5579fc9120c7/1761664028372-r3nevp5v25m.webp""}"
0f758cf9-b381-4da0-8cb7-5579fc9120c7,SSR Autobody (built by Shah),BEFORE_AFTER_SLIDER,S Class Before and After (Santa Fe Collision) Copy,dab9e13e-a689-4746-ae88-ee80776e6400,True,2025-11-24T23:43:21.110453+00:00,2025-11-24T23:44:46.392+00:00,11260,2026-08-05T08:35:40.971306+00:00,2025-11-24T23:43:21.110453+00:00,"{""styles"": {""textColor"": ""#FFFFFF"", ""widthType"": ""percentage"", ""afterLabel"": ""After"", ""fontFamily"": ""poppins"", ""showLabels"": true, ""widthValue"": 100, ""aspectRatio"": ""4:3"", ""beforeLabel"": ""Before"", ""shadowStyle"": ""default"", ""borderRadius"": 24, ""backgroundType"": ""transparent"", ""backgroundColor"": ""#000000"", ""instructionText"": ""Drag to compare"", ""showInstructions"": true, ""startingPosition"": 70, ""customAspectWidth"": 16, ""customAspectHeight"": 9, ""instructionFontSize"": 14, ""labelBackgroundColor"": ""#007bff"", ""preventScrollHijacking"": true}, ""afterImage"": ""https://xyfxwlkyzpqydzqcszeu.supabase.co/storage/v1/object/public/media-library/0f758cf9-b381-4da0-8cb7-5579fc9120c7/1761664039656-vkt77r30zug.webp"", ""beforeImage"": ""https://xyfxwlkyzpqydzqcszeu.supabase.co/storage/v1/object/public/media-library/0f758cf9-b381-4da0-8cb7-5579fc9120c7/1761664028372-r3nevp5v25m.webp""}"
0f758cf9-b381-4da0-8cb7-5579fc9120c7,SSR Autobody (built by Shah),BEFORE_AFTER_SLIDER,S Class Before and After (Secret Collision Center),5da5fcb4-6fa1-40aa-a523-5e0be6a079c8,True,2026-06-12T18:14:22.630681+00:00,2026-06-12T18:15:56.987+00:00,2324,2026-08-05T05:25:29.16697+00:00,2026-06-12T18:16:52.478+00:00,"{""styles"": {""textColor"": ""#FFFFFF"", ""widthType"": ""percentage"", ""afterLabel"": ""After"", ""fontFamily"": ""poppins"", ""showLabels"": true, ""widthValue"": 100, ""aspectRatio"": ""4:3"", ""beforeLabel"": ""Before"", ""shadowStyle"": ""default"", ""borderRadius"": 24, ""backgroundType"": ""transparent"", ""backgroundColor"": ""#000000"", ""instructionText"": ""Drag to compare"", ""showInstructions"": true, ""startingPosition"": 70, ""customAspectWidth"": 16, ""customAspectHeight"": 9, ""instructionFontSize"": 14, ""labelBackgroundColor"": ""#e42709"", ""preventScrollHijacking"": true}, ""afterImage"": ""https://xyfxwlkyzpqydzqcszeu.supabase.co/storage/v1/object/public/media-library/0f758cf9-b381-4da0-8cb7-5579fc9120c7/1761664039656-vkt77r30zug.webp"", ""beforeImage"": ""https://xyfxwlkyzpqydzqcszeu.supabase.co/storage/v1/object/public/media-library/0f758cf9-b381-4da0-8cb7-5579fc9120c7/1761664028372-r3nevp5v25m.webp""}"
0f758cf9-b381-4da0-8cb7-5579fc9120c7,SSR Autobody (built by Shah),BEFORE_AFTER_SLIDER,S Class Before and After (Sin City Collision Center),27d0f931-8bed-436c-82a0-07690e25b48a,True,2026-07-15T18:33:36.150229+00:00,2026-07-15T18:34:37.253+00:00,782,2026-08-05T09:27:50.03805+00:00,2026-07-15T18:35:36.297+00:00,"{""styles"": {""textColor"": ""#FFFFFF"", ""widthType"": ""percentage"", ""afterLabel"": ""After"", ""fontFamily"": ""poppins"", ""showLabels"": true, ""widthValue"": 100, ""aspectRatio"": ""4:3"", ""beforeLabel"": ""Before"", ""shadowStyle"": ""default"", ""borderRadius"": 24, ""backgroundType"": ""transparent"", ""backgroundColor"": ""#000000"", ""instructionText"": ""Drag to compare"", ""showInstructions"": true, ""startingPosition"": 70, ""customAspectWidth"": 16, ""customAspectHeight"": 9, ""instructionFontSize"": 14, ""labelBackgroundColor"": ""#e42709"", ""preventScrollHijacking"": true}, ""afterImage"": ""https://xyfxwlkyzpqydzqcszeu.supabase.co/storage/v1/object/public/media-library/0f758cf9-b381-4da0-8cb7-5579fc9120c7/1761664039656-vkt77r30zug.webp"", ""beforeImage"": ""https://xyfxwlkyzpqydzqcszeu.supabase.co/storage/v1/object/public/media-library/0f758cf9-b381-4da0-8cb7-5579fc9120c7/1761664028372-r3nevp5v25m.webp""}"
0f758cf9-b381-4da0-8cb7-5579fc9120c7,SSR Autobody (built by Shah),BEFORE_AFTER_SLIDER,S Class Before and After (Sonoma Auto Center),cb195756-9123-40bb-909c-8e3d9715038e,True,2026-04-13T23:45:07.692843+00:00,2026-04-13T23:45:29.507+00:00,3738,2026-08-05T08:37:11.847466+00:00,2026-04-13T23:45:59.681+00:00,"{""styles"": {""textColor"": ""#FFFFFF"", ""widthType"": ""percentage"", ""afterLabel"": ""After"", ""fontFamily"": ""poppins"", ""showLabels"": true, ""widthValue"": 100, ""aspectRatio"": ""4:3"", ""beforeLabel"": ""Before"", ""shadowStyle"": ""default"", ""borderRadius"": 24, ""backgroundType"": ""transparent"", ""backgroundColor"": ""#000000"", ""instructionText"": ""Drag to compare"", ""showInstructions"": true, ""startingPosition"": 70, ""customAspectWidth"": 16, ""customAspectHeight"": 9, ""instructionFontSize"": 14, ""labelBackgroundColor"": ""#e42709"", ""preventScrollHijacking"": true}, ""afterImage"": ""https://xyfxwlkyzpqydzqcszeu.supabase.co/storage/v1/object/public/media-library/0f758cf9-b381-4da0-8cb7-5579fc9120c7/1761664039656-vkt77r30zug.webp"", ""beforeImage"": ""https://xyfxwlkyzpqydzqcszeu.supabase.co/storage/v1/object/public/media-library/0f758cf9-b381-4da0-8cb7-5579fc9120c7/1761664028372-r3nevp5v25m.webp""}"
0f758cf9-b381-4da0-8cb7-5579fc9120c7,SSR Autobody (built by Shah),BEFORE_AFTER_SLIDER,S Class Before and After (South Bay Auto Collision),4160843c-aab7-4992-9e4e-4f322531bb2f,True,2026-05-20T18:03:42.4986+00:00,2026-05-20T18:04:42.662+00:00,4233,2026-08-05T08:50:36.752395+00:00,2026-05-20T20:04:52.637+00:00,"{""styles"": {""textColor"": ""#FFFFFF"", ""widthType"": ""percentage"", ""afterLabel"": ""After"", ""fontFamily"": ""poppins"", ""showLabels"": true, ""widthValue"": 100, ""aspectRatio"": ""4:3"", ""beforeLabel"": ""Before"", ""shadowStyle"": ""default"", ""borderRadius"": 24, ""backgroundType"": ""transparent"", ""backgroundColor"": ""#000000"", ""instructionText"": ""Drag to compare"", ""showInstructions"": true, ""startingPosition"": 70, ""customAspectWidth"": 16, ""customAspectHeight"": 9, ""instructionFontSize"": 14, ""labelBackgroundColor"": ""#e42709"", ""preventScrollHijacking"": true}, ""afterImage"": ""https://xyfxwlkyzpqydzqcszeu.supabase.co/storage/v1/object/public/media-library/0f758cf9-b381-4da0-8cb7-5579fc9120c7/1761664039656-vkt77r30zug.webp"", ""beforeImage"": ""https://xyfxwlkyzpqydzqcszeu.supabase.co/storage/v1/object/public/media-library/0f758cf9-b381-4da0-8cb7-5579fc9120c7/1761664028372-r3nevp5v25m.webp""}"
0f758cf9-b381-4da0-8cb7-5579fc9120c7,SSR Autobody (built by Shah),BEFORE_AFTER_SLIDER,S Class Before and After (Steel Auotbody),38c96d3e-f3fb-4013-b6bf-3048bd4bb00b,True,2025-11-18T03:32:42.142301+00:00,2025-11-18T03:34:43.578+00:00,394,2025-12-17T03:50:22.139+00:00,2025-11-18T03:32:42.142301+00:00,"{""styles"": {""textColor"": ""#FFFFFF"", ""widthType"": ""percentage"", ""afterLabel"": ""After"", ""fontFamily"": ""poppins"", ""showLabels"": true, ""widthValue"": 100, ""aspectRatio"": ""4:3"", ""beforeLabel"": ""Before"", ""shadowStyle"": ""default"", ""borderRadius"": 24, ""backgroundType"": ""transparent"", ""backgroundColor"": ""#000000"", ""instructionText"": ""Drag to compare"", ""showInstructions"": true, ""startingPosition"": 70, ""customAspectWidth"": 16, ""customAspectHeight"": 9, ""instructionFontSize"": 14, ""labelBackgroundColor"": ""#007bff"", ""preventScrollHijacking"": true}, ""afterImage"": ""https://xyfxwlkyzpqydzqcszeu.supabase.co/storage/v1/object/public/media-library/0f758cf9-b381-4da0-8cb7-5579fc9120c7/1761664039656-vkt77r30zug.webp"", ""beforeImage"": ""https://xyfxwlkyzpqydzqcszeu.supabase.co/storage/v1/object/public/media-library/0f758cf9-b381-4da0-8cb7-5579fc9120c7/1761664028372-r3nevp5v25m.webp""}"
0f758cf9-b381-4da0-8cb7-5579fc9120c7,SSR Autobody (built by Shah),BEFORE_AFTER_SLIDER,S Class Before and After (Tello's Collision Center),54280bfa-b898-4f33-abf6-402432d6f13f,True,2026-07-01T20:18:19.329397+00:00,2026-07-01T20:19:27.647+00:00,2160,2026-08-05T08:02:51.056254+00:00,2026-07-01T20:22:45.63+00:00,"{""styles"": {""textColor"": ""#FFFFFF"", ""widthType"": ""percentage"", ""afterLabel"": ""After"", ""fontFamily"": ""poppins"", ""showLabels"": true, ""widthValue"": 100, ""aspectRatio"": ""4:3"", ""beforeLabel"": ""Before"", ""shadowStyle"": ""default"", ""borderRadius"": 24, ""backgroundType"": ""transparent"", ""backgroundColor"": ""#000000"", ""instructionText"": ""Drag to compare"", ""showInstructions"": true, ""startingPosition"": 70, ""customAspectWidth"": 16, ""customAspectHeight"": 9, ""instructionFontSize"": 14, ""labelBackgroundColor"": ""#007bff"", ""preventScrollHijacking"": true}, ""afterImage"": ""https://xyfxwlkyzpqydzqcszeu.supabase.co/storage/v1/object/public/media-library/0f758cf9-b381-4da0-8cb7-5579fc9120c7/1761664039656-vkt77r30zug.webp"", ""beforeImage"": ""https://xyfxwlkyzpqydzqcszeu.supabase.co/storage/v1/object/public/media-library/0f758cf9-b381-4da0-8cb7-5579fc9120c7/1761664028372-r3nevp5v25m.webp""}"
0f758cf9-b381-4da0-8cb7-5579fc9120c7,SSR Autobody (built by Shah),BEFORE_AFTER_SLIDER,S Class Before and After (The Collision Shop of Warren),e1ac4320-1762-4571-bd17-1b2dc69ba6ca,True,2026-04-02T00:25:16.237011+00:00,2026-04-02T00:25:33.151+00:00,2400,2026-08-01T14:25:03.548005+00:00,2026-04-02T00:26:11.486+00:00,"{""styles"": {""textColor"": ""#FFFFFF"", ""widthType"": ""percentage"", ""afterLabel"": ""After"", ""fontFamily"": ""poppins"", ""showLabels"": true, ""widthValue"": 100, ""aspectRatio"": ""4:3"", ""beforeLabel"": ""Before"", ""shadowStyle"": ""default"", ""borderRadius"": 24, ""backgroundType"": ""transparent"", ""backgroundColor"": ""#000000"", ""instructionText"": ""Drag to compare"", ""showInstructions"": true, ""startingPosition"": 70, ""customAspectWidth"": 16, ""customAspectHeight"": 9, ""instructionFontSize"": 14, ""labelBackgroundColor"": ""#e42709"", ""preventScrollHijacking"": true}, ""afterImage"": ""https://xyfxwlkyzpqydzqcszeu.supabase.co/storage/v1/object/public/media-library/0f758cf9-b381-4da0-8cb7-5579fc9120c7/1761664039656-vkt77r30zug.webp"", ""beforeImage"": ""https://xyfxwlkyzpqydzqcszeu.supabase.co/storage/v1/object/public/media-library/0f758cf9-b381-4da0-8cb7-5579fc9120c7/1761664028372-r3nevp5v25m.webp""}"
0f758cf9-b381-4da0-8cb7-5579fc9120c7,SSR Autobody (built by Shah),BEFORE_AFTER_SLIDER,S Class Before and After (Vegas Customs Collision),d31094ad-4614-464b-bd7e-82bc9f91c633,True,2026-06-08T19:33:05.083406+00:00,2026-06-08T19:38:44.807+00:00,3624,2026-08-05T07:36:16.763841+00:00,2026-06-08T19:43:01.182+00:00,"{""styles"": {""textColor"": ""#FFFFFF"", ""widthType"": ""percentage"", ""afterLabel"": ""After"", ""fontFamily"": ""poppins"", ""showLabels"": true, ""widthValue"": 100, ""aspectRatio"": ""4:3"", ""beforeLabel"": ""Before"", ""shadowStyle"": ""default"", ""borderRadius"": 24, ""backgroundType"": ""transparent"", ""backgroundColor"": ""#000000"", ""instructionText"": ""Drag to compare"", ""showInstructions"": true, ""startingPosition"": 70, ""customAspectWidth"": 16, ""customAspectHeight"": 9, ""instructionFontSize"": 14, ""labelBackgroundColor"": ""#e42709"", ""preventScrollHijacking"": true}, ""afterImage"": ""https://xyfxwlkyzpqydzqcszeu.supabase.co/storage/v1/object/public/media-library/0f758cf9-b381-4da0-8cb7-5579fc9120c7/1761664039656-vkt77r30zug.webp"", ""beforeImage"": ""https://xyfxwlkyzpqydzqcszeu.supabase.co/storage/v1/object/public/media-library/0f758cf9-b381-4da0-8cb7-5579fc9120c7/1761664028372-r3nevp5v25m.webp""}"
0f758cf9-b381-4da0-8cb7-5579fc9120c7,SSR Autobody (built by Shah),BEFORE_AFTER_SLIDER,S Class Before and After (Yaffo Auto),43c503f8-9875-4e5d-88cc-3a4769f1dc69,True,2025-11-29T01:37:25.48802+00:00,2025-11-29T01:38:27.544+00:00,10489,2026-08-05T09:35:50.766517+00:00,2025-11-29T01:37:25.48802+00:00,"{""styles"": {""textColor"": ""#FFFFFF"", ""widthType"": ""percentage"", ""afterLabel"": ""After"", ""fontFamily"": ""poppins"", ""showLabels"": true, ""widthValue"": 100, ""aspectRatio"": ""4:3"", ""beforeLabel"": ""Before"", ""shadowStyle"": ""default"", ""borderRadius"": 24, ""backgroundType"": ""transparent"", ""backgroundColor"": ""#000000"", ""instructionText"": ""Drag to compare"", ""showInstructions"": true, ""startingPosition"": 70, ""customAspectWidth"": 16, ""customAspectHeight"": 9, ""instructionFontSize"": 14, ""labelBackgroundColor"": ""#007bff"", ""preventScrollHijacking"": true}, ""afterImage"": ""https://xyfxwlkyzpqydzqcszeu.supabase.co/storage/v1/object/public/media-library/0f758cf9-b381-4da0-8cb7-5579fc9120c7/1761664039656-vkt77r30zug.webp"", ""beforeImage"": ""https://xyfxwlkyzpqydzqcszeu.supabase.co/storage/v1/object/public/media-library/0f758cf9-b381-4da0-8cb7-5579fc9120c7/1761664028372-r3nevp5v25m.webp""}"
0f758cf9-b381-4da0-8cb7-5579fc9120c7,SSR Autobody (built by Shah),BEFORE_AFTER_SLIDER,S Class Before and After (Zoel's Auto),fe52017b-8650-4564-a26d-d5c17bf83f51,True,2025-10-31T18:49:18.844478+00:00,2025-11-10T15:43:12.228+00:00,760,2026-01-20T17:40:00.512+00:00,2025-10-31T18:49:18.844478+00:00,"{""styles"": {""textColor"": ""#FFFFFF"", ""widthType"": ""percentage"", ""afterLabel"": ""After"", ""fontFamily"": ""poppins"", ""showLabels"": true, ""widthValue"": 100, ""aspectRatio"": ""4:3"", ""beforeLabel"": ""Before"", ""shadowStyle"": ""default"", ""borderRadius"": 24, ""backgroundType"": ""transparent"", ""backgroundColor"": ""#000000"", ""instructionText"": ""Drag to compare"", ""showInstructions"": true, ""startingPosition"": 70, ""customAspectWidth"": 16, ""customAspectHeight"": 9, ""instructionFontSize"": 14, ""labelBackgroundColor"": ""#007bff"", ""preventScrollHijacking"": true}, ""afterImage"": ""https://xyfxwlkyzpqydzqcszeu.supabase.co/storage/v1/object/public/media-library/0f758cf9-b381-4da0-8cb7-5579fc9120c7/1761664039656-vkt77r30zug.webp"", ""beforeImage"": ""https://xyfxwlkyzpqydzqcszeu.supabase.co/storage/v1/object/public/media-library/0f758cf9-b381-4da0-8cb7-5579fc9120c7/1761664028372-r3nevp5v25m.webp""}"
0f758cf9-b381-4da0-8cb7-5579fc9120c7,SSR Autobody (built by Shah),GOOGLE_REVIEWS_BADGE,(ALI'S TEST) Google Reviews Side Peek (Gary's Auto Collision Center) Copy,004a7b18-6bcc-4b2a-a8f9-454012312690,True,2026-08-03T18:06:51.198241+00:00,2026-08-03T18:07:25.784+00:00,0,,2026-08-03T18:07:59.954+00:00,"{""name"": ""(ALI'S TEST) Google Reviews Side Peek (Gary's Auto Collision Center) Copy"", ""dataId"": ""0x80c2866471104371:0x1d5c818959eb4cbe"", ""sortBy"": ""highest_rating"", ""placeId"": ""ChIJcUMQcWSGwoARvkzrWYmBXB0"", ""starSize"": 24, ""fullWidth"": true, ""showDates"": true, ""textColor"": ""#1F2937"", ""fontFamily"": ""poppins"", ""maxReviews"": 40, ""badgeLayout"": ""centered"", ""compactMode"": false, ""drawerWidth"": 400, ""showRatings"": true, ""badgePadding"": 12, ""borderRadius"": 15, ""positionType"": ""inline"", ""primaryColor"": ""#DC2626"", ""backgroundType"": ""transparent"", ""badgeAlignment"": ""center"", ""filterByImages"": ""images_first"", ""filterByRating"": ""5"", ""googleIconSize"": 24, ""reviewsPerPage"": 10, ""backgroundColor"": ""#FFFFFF"", ""drawerTextColor"": ""#1F2937"", ""fixedLeftOffset"": 16, ""showReviewCount"": true, ""badgeBorderColor"": ""#E5E7EB"", ""callToActionText"": ""Click to read our reviews!"", ""mobileDrawerMode"": ""peek"", ""showAuthorPhotos"": true, ""showBusinessInfo"": true, ""showBusinessName"": true, ""showCallToAction"": true, ""showReviewImages"": true, ""excludedReviewIds"": [], ""fixedBottomOffset"": 16, ""customBusinessName"": ""Akins Collision Center"", ""badgeBackgroundColor"": ""#FFFFFF"", ""callToActionTextColor"": ""#1F2937"", ""drawerBackgroundColor"": ""#FFFFFF"", ""drawerCardBorderColor"": ""#E5E7EB"", ""useCustomBusinessName"": false, ""drawerCardBorderRadius"": 8, ""reviewImageThumbnailSize"": ""medium"", ""drawerCardBackgroundColor"": ""#FFFFFF"", ""callToActionBackgroundColor"": ""#FFFFFF""}"
0f758cf9-b381-4da0-8cb7-5579fc9120c7,SSR Autobody (built by Shah),GOOGLE_REVIEWS_BADGE,Google Reviews Side Peek (10x Auto Group Inc new),3d1d3038-f922-47df-8b64-69315bdbd516,True,2026-08-04T19:06:33.972142+00:00,2026-08-04T19:17:43.652+00:00,65,2026-08-05T07:34:27.766965+00:00,2026-08-04T19:06:34.927+00:00,"{""name"": ""Google Reviews Side Peek (10x Auto Group Inc new)"", ""dataId"": ""0x80d94ff042c4999f:0xb55f8dde92e8344f"", ""sortBy"": ""highest_rating"", ""placeId"": ""ChIJn5nEQvBP2YARTzTokt6NX7U"", ""starSize"": 24, ""fullWidth"": true, ""showDates"": true, ""textColor"": ""#1F2937"", ""fontFamily"": ""poppins"", ""maxReviews"": 40, ""badgeLayout"": ""centered"", ""compactMode"": false, ""drawerWidth"": 400, ""showRatings"": true, ""badgePadding"": 12, ""borderRadius"": 15, ""positionType"": ""inline"", ""primaryColor"": ""#e42709"", ""backgroundType"": ""transparent"", ""badgeAlignment"": ""center"", ""filterByImages"": ""images_first"", ""filterByRating"": ""5"", ""googleIconSize"": 24, ""reviewsPerPage"": 10, ""backgroundColor"": ""#FFFFFF"", ""drawerTextColor"": ""#1F2937"", ""fixedLeftOffset"": 16, ""showReviewCount"": true, ""badgeBorderColor"": ""#E5E7EB"", ""callToActionText"": ""Click to read our reviews!"", ""mobileDrawerMode"": ""full"", ""showAuthorPhotos"": true, ""showBusinessInfo"": true, ""showBusinessName"": true, ""showCallToAction"": true, ""showReviewImages"": true, ""excludedReviewIds"": [], ""fixedBottomOffset"": 16, ""customBusinessName"": """", ""badgeBackgroundColor"": ""#FFFFFF"", ""callToActionTextColor"": ""#1F2937"", ""drawerBackgroundColor"": ""#FFFFFF"", ""drawerCardBorderColor"": ""#E5E7EB"", ""useCustomBusinessName"": false, ""drawerCardBorderRadius"": 8, ""reviewImageThumbnailSize"": ""medium"", ""drawerCardBackgroundColor"": ""#FFFFFF"", ""callToActionBackgroundColor"": ""#FFFFFF""}"
0f758cf9-b381-4da0-8cb7-5579fc9120c7,SSR Autobody (built by Shah),GOOGLE_REVIEWS_BADGE,Google Reviews Side Peek (AAJ Auto Collision),5505a88a-57c3-43c3-b0d9-7aad63a2a31e,True,2026-06-11T16:57:10.456983+00:00,2026-06-11T17:06:18.421+00:00,1242,2026-08-05T02:49:44.895504+00:00,2026-06-11T17:14:54.883+00:00,"{""name"": ""Google Reviews Side Peek (AAJ Auto Collision)"", ""sortBy"": ""highest_rating"", ""placeId"": ""ChIJWaVH9Xv0wokR897pclaXJug"", ""starSize"": 24, ""fullWidth"": true, ""showDates"": true, ""textColor"": ""#1F2937"", ""fontFamily"": ""poppins"", ""maxReviews"": 40, ""badgeLayout"": ""centered"", ""compactMode"": false, ""drawerWidth"": 400, ""showRatings"": true, ""badgePadding"": 12, ""borderRadius"": 15, ""positionType"": ""inline"", ""primaryColor"": ""#DC2626"", ""backgroundType"": ""transparent"", ""badgeAlignment"": ""center"", ""filterByImages"": ""images_first"", ""filterByRating"": ""5"", ""googleIconSize"": 24, ""reviewsPerPage"": 10, ""backgroundColor"": ""#FFFFFF"", ""drawerTextColor"": ""#1F2937"", ""fixedLeftOffset"": 16, ""showReviewCount"": true, ""badgeBorderColor"": ""#E5E7EB"", ""callToActionText"": ""Click to read our reviews!"", ""mobileDrawerMode"": ""peek"", ""showAuthorPhotos"": true, ""showBusinessInfo"": true, ""showBusinessName"": true, ""showCallToAction"": true, ""showReviewImages"": true, ""excludedReviewIds"": [], ""fixedBottomOffset"": 16, ""customBusinessName"": ""Akins Collision Center"", ""badgeBackgroundColor"": ""#FFFFFF"", ""callToActionTextColor"": ""#1F2937"", ""drawerBackgroundColor"": ""#FFFFFF"", ""drawerCardBorderColor"": ""#E5E7EB"", ""useCustomBusinessName"": false, ""drawerCardBorderRadius"": 8, ""reviewImageThumbnailSize"": ""medium"", ""drawerCardBackgroundColor"": ""#FFFFFF"", ""callToActionBackgroundColor"": ""#FFFFFF""}"
0f758cf9-b381-4da0-8cb7-5579fc9120c7,SSR Autobody (built by Shah),GOOGLE_REVIEWS_BADGE,Google Reviews Side Peek (AMG Auto Body),647046e0-6f40-4651-b49c-3e7c9d07ddb8,True,2026-02-12T00:10:32.474843+00:00,2026-04-28T00:51:09.395+00:00,7096,2026-08-05T07:47:35.752765+00:00,2026-02-12T00:12:24.079+00:00,"{""name"": ""Google Reviews Side Peek (AMG Auto Body)"", ""sortBy"": ""highest_rating"", ""placeId"": ""ChIJYYxgZKDHyIARsz7AHWWux1A"", ""starSize"": 24, ""fullWidth"": true, ""showDates"": true, ""textColor"": ""#1F2937"", ""fontFamily"": ""poppins"", ""maxReviews"": 40, ""badgeLayout"": ""centered"", ""compactMode"": false, ""drawerWidth"": 400, ""showRatings"": true, ""badgePadding"": 12, ""borderRadius"": 15, ""positionType"": ""inline"", ""primaryColor"": ""#DC2626"", ""backgroundType"": ""transparent"", ""badgeAlignment"": ""center"", ""filterByImages"": ""images_first"", ""filterByRating"": ""5"", ""googleIconSize"": 24, ""reviewsPerPage"": 10, ""backgroundColor"": ""#FFFFFF"", ""drawerTextColor"": ""#1F2937"", ""fixedLeftOffset"": 16, ""showReviewCount"": true, ""badgeBorderColor"": ""#E5E7EB"", ""callToActionText"": ""Click to read our reviews!"", ""mobileDrawerMode"": ""peek"", ""showAuthorPhotos"": true, ""showBusinessInfo"": true, ""showBusinessName"": true, ""showCallToAction"": true, ""showReviewImages"": true, ""excludedReviewIds"": [], ""fixedBottomOffset"": 16, ""customBusinessName"": ""Makka Auto Body "", ""badgeBackgroundColor"": ""#FFFFFF"", ""callToActionTextColor"": ""#1F2937"", ""drawerBackgroundColor"": ""#FFFFFF"", ""drawerCardBorderColor"": ""#E5E7EB"", ""useCustomBusinessName"": false, ""drawerCardBorderRadius"": 8, ""reviewImageThumbnailSize"": ""medium"", ""drawerCardBackgroundColor"": ""#FFFFFF"", ""callToActionBackgroundColor"": ""#FFFFFF""}"
0f758cf9-b381-4da0-8cb7-5579fc9120c7,SSR Autobody (built by Shah),GOOGLE_REVIEWS_BADGE,Google Reviews Side Peek (Akins Collision Center),0c284269-8531-4a12-87b1-46b44aa35090,True,2026-05-26T04:11:31.845107+00:00,2026-05-26T04:13:16.997+00:00,4374,2026-08-05T09:05:26.673324+00:00,2026-05-26T04:13:26.325+00:00,"{""name"": ""Google Reviews Side Peek (Akins Collision Center)"", ""sortBy"": ""highest_rating"", ""placeId"": ""ChIJ9QMZxbXLj4ARZncZDrfvrA8"", ""starSize"": 24, ""fullWidth"": true, ""showDates"": true, ""textColor"": ""#1F2937"", ""fontFamily"": ""poppins"", ""maxReviews"": 40, ""badgeLayout"": ""centered"", ""compactMode"": false, ""drawerWidth"": 400, ""showRatings"": true, ""badgePadding"": 12, ""borderRadius"": 15, ""positionType"": ""inline"", ""primaryColor"": ""#DC2626"", ""backgroundType"": ""transparent"", ""badgeAlignment"": ""center"", ""filterByImages"": ""images_first"", ""filterByRating"": ""5"", ""googleIconSize"": 24, ""reviewsPerPage"": 10, ""backgroundColor"": ""#FFFFFF"", ""drawerTextColor"": ""#1F2937"", ""fixedLeftOffset"": 16, ""showReviewCount"": true, ""badgeBorderColor"": ""#E5E7EB"", ""callToActionText"": ""Click to read our reviews!"", ""mobileDrawerMode"": ""peek"", ""showAuthorPhotos"": true, ""showBusinessInfo"": true, ""showBusinessName"": true, ""showCallToAction"": true, ""showReviewImages"": true, ""excludedReviewIds"": [], ""fixedBottomOffset"": 16, ""customBusinessName"": ""Akins Collision Center"", ""badgeBackgroundColor"": ""#FFFFFF"", ""callToActionTextColor"": ""#1F2937"", ""drawerBackgroundColor"": ""#FFFFFF"", ""drawerCardBorderColor"": ""#E5E7EB"", ""useCustomBusinessName"": true, ""drawerCardBorderRadius"": 8, ""reviewImageThumbnailSize"": ""medium"", ""drawerCardBackgroundColor"": ""#FFFFFF"", ""callToActionBackgroundColor"": ""#FFFFFF""}"
0f758cf9-b381-4da0-8cb7-5579fc9120c7,SSR Autobody (built by Shah),GOOGLE_REVIEWS_BADGE,Google Reviews Side Peek (American Auto),8cef9114-0e26-4ce6-b05f-792018df6e69,True,2026-05-15T00:16:54.588201+00:00,2026-05-22T18:25:07.374+00:00,2538,2026-08-04T21:16:42.666793+00:00,2026-05-15T01:46:56.862+00:00,"{""name"": ""Google Reviews Side Peek (American Auto)"", ""sortBy"": ""highest_rating"", ""placeId"": ""ChIJUbV12xzeQIYR2cGlXkaHXgs"", ""starSize"": 24, ""fullWidth"": true, ""showDates"": true, ""textColor"": ""#1F2937"", ""fontFamily"": ""poppins"", ""maxReviews"": 30, ""badgeLayout"": ""centered"", ""compactMode"": false, ""drawerWidth"": 400, ""showRatings"": true, ""badgePadding"": 12, ""borderRadius"": 15, ""positionType"": ""inline"", ""primaryColor"": ""#3694ff"", ""backgroundType"": ""transparent"", ""badgeAlignment"": ""center"", ""filterByImages"": ""images_first"", ""filterByRating"": ""5"", ""googleIconSize"": 24, ""reviewsPerPage"": 10, ""backgroundColor"": ""#FFFFFF"", ""drawerTextColor"": ""#1F2937"", ""fixedLeftOffset"": 16, ""showReviewCount"": true, ""badgeBorderColor"": ""#E5E7EB"", ""callToActionText"": ""Click to read our reviews!"", ""mobileDrawerMode"": ""peek"", ""showAuthorPhotos"": true, ""showBusinessInfo"": true, ""showBusinessName"": true, ""showCallToAction"": true, ""showReviewImages"": true, ""excludedReviewIds"": [], ""fixedBottomOffset"": 16, ""customBusinessName"": ""American Auto Collision "", ""badgeBackgroundColor"": ""#FFFFFF"", ""callToActionTextColor"": ""#1F2937"", ""drawerBackgroundColor"": ""#FFFFFF"", ""drawerCardBorderColor"": ""#E5E7EB"", ""useCustomBusinessName"": true, ""drawerCardBorderRadius"": 8, ""reviewImageThumbnailSize"": ""medium"", ""drawerCardBackgroundColor"": ""#FFFFFF"", ""callToActionBackgroundColor"": ""#FFFFFF""}"
0f758cf9-b381-4da0-8cb7-5579fc9120c7,SSR Autobody (built by Shah),GOOGLE_REVIEWS_BADGE,Google Reviews Side Peek (Anderson Auto Body)   ,e4b1d29e-9aae-47e6-852a-33680daae63b,True,2026-01-24T00:53:35.19115+00:00,2026-04-28T00:48:32.428+00:00,4279,2026-08-05T09:14:51.40822+00:00,2026-01-24T00:56:15.645+00:00,"{""name"": ""Google Reviews Side Peek (Anderson Auto Body)   "", ""sortBy"": ""highest_rating"", ""placeId"": ""ChIJeT1uAdwRU4cRhdt0sV51-CQ"", ""starSize"": 24, ""fullWidth"": true, ""showDates"": true, ""textColor"": ""#1F2937"", ""fontFamily"": ""poppins"", ""maxReviews"": 40, ""badgeLayout"": ""centered"", ""compactMode"": false, ""drawerWidth"": 400, ""showRatings"": true, ""badgePadding"": 12, ""borderRadius"": 15, ""positionType"": ""inline"", ""primaryColor"": ""#DC2626"", ""backgroundType"": ""transparent"", ""badgeAlignment"": ""center"", ""filterByImages"": ""images_first"", ""filterByRating"": ""5"", ""googleIconSize"": 24, ""reviewsPerPage"": 10, ""backgroundColor"": ""#FFFFFF"", ""drawerTextColor"": ""#1F2937"", ""fixedLeftOffset"": 16, ""showReviewCount"": true, ""badgeBorderColor"": ""#E5E7EB"", ""callToActionText"": ""Click to read our reviews!"", ""mobileDrawerMode"": ""peek"", ""showAuthorPhotos"": true, ""showBusinessInfo"": true, ""showBusinessName"": true, ""showCallToAction"": true, ""showReviewImages"": true, ""excludedReviewIds"": [], ""fixedBottomOffset"": 16, ""customBusinessName"": ""Anderson Auto Body"", ""badgeBackgroundColor"": ""#FFFFFF"", ""callToActionTextColor"": ""#1F2937"", ""drawerBackgroundColor"": ""#FFFFFF"", ""drawerCardBorderColor"": ""#E5E7EB"", ""useCustomBusinessName"": true, ""drawerCardBorderRadius"": 8, ""reviewImageThumbnailSize"": ""medium"", ""drawerCardBackgroundColor"": ""#FFFFFF"", ""callToActionBackgroundColor"": ""#FFFFFF""}"
0f758cf9-b381-4da0-8cb7-5579fc9120c7,SSR Autobody (built by Shah),GOOGLE_REVIEWS_BADGE,Google Reviews Side Peek (Arrow Body & Fender Service),cfdf29f2-106d-439d-b208-51dee991a91a,True,2026-07-10T19:19:59.973618+00:00,2026-07-10T19:20:50.618+00:00,1960,2026-08-05T09:46:44.512729+00:00,2026-07-10T19:24:00.916+00:00,"{""name"": ""Google Reviews Side Peek (Arrow Body & Fender Service)"", ""dataId"": ""0x880fcb1d88aaad77:0xb1d3c893940316bf"", ""sortBy"": ""highest_rating"", ""placeId"": ""ChIJd62qiB3LD4gRvxYDlJPI07E"", ""starSize"": 24, ""fullWidth"": true, ""showDates"": true, ""textColor"": ""#1F2937"", ""fontFamily"": ""poppins"", ""maxReviews"": 40, ""badgeLayout"": ""centered"", ""compactMode"": false, ""drawerWidth"": 400, ""showRatings"": true, ""badgePadding"": 12, ""borderRadius"": 15, ""positionType"": ""inline"", ""primaryColor"": ""#DC2626"", ""backgroundType"": ""transparent"", ""badgeAlignment"": ""center"", ""filterByImages"": ""images_first"", ""filterByRating"": ""5"", ""googleIconSize"": 24, ""reviewsPerPage"": 10, ""backgroundColor"": ""#FFFFFF"", ""drawerTextColor"": ""#1F2937"", ""fixedLeftOffset"": 16, ""showReviewCount"": true, ""badgeBorderColor"": ""#E5E7EB"", ""callToActionText"": ""Click to read our reviews!"", ""mobileDrawerMode"": ""peek"", ""showAuthorPhotos"": true, ""showBusinessInfo"": true, ""showBusinessName"": true, ""showCallToAction"": true, ""showReviewImages"": true, ""excludedReviewIds"": [], ""fixedBottomOffset"": 16, ""customBusinessName"": ""Akins Collision Center"", ""badgeBackgroundColor"": ""#FFFFFF"", ""callToActionTextColor"": ""#1F2937"", ""drawerBackgroundColor"": ""#FFFFFF"", ""drawerCardBorderColor"": ""#E5E7EB"", ""useCustomBusinessName"": false, ""drawerCardBorderRadius"": 8, ""reviewImageThumbnailSize"": ""medium"", ""drawerCardBackgroundColor"": ""#FFFFFF"", ""callToActionBackgroundColor"": ""#FFFFFF""}"
0f758cf9-b381-4da0-8cb7-5579fc9120c7,SSR Autobody (built by Shah),GOOGLE_REVIEWS_BADGE,Google Reviews Side Peek (Art City Auto Body Orem),32e3ccc7-bc4e-4a3f-bd45-f8300a1e4679,True,2026-07-22T18:15:58.169848+00:00,2026-07-22T18:16:48.022+00:00,44,2026-08-04T17:48:02.097057+00:00,2026-07-22T18:17:51.726+00:00,"{""name"": ""Google Reviews Side Peek (Art City Auto Body Orem)"", ""dataId"": ""0x874d84ce9ec0a775:0x50ce8c8a629a6917"", ""sortBy"": ""highest_rating"", ""placeId"": ""ChIJdafAns6ETYcRF2maYoqMzlA"", ""starSize"": 22, ""fullWidth"": true, ""showDates"": true, ""textColor"": ""#1F2937"", ""fontFamily"": ""poppins"", ""maxReviews"": 40, ""badgeLayout"": ""centered"", ""compactMode"": false, ""drawerWidth"": 400, ""showRatings"": true, ""badgePadding"": 12, ""borderRadius"": 15, ""positionType"": ""inline"", ""primaryColor"": ""#F77D11"", ""backgroundType"": ""transparent"", ""badgeAlignment"": ""center"", ""filterByImages"": ""images_first"", ""filterByRating"": ""5"", ""googleIconSize"": 29, ""reviewsPerPage"": 10, ""backgroundColor"": ""#FFFFFF"", ""drawerTextColor"": ""#1F2937"", ""fixedLeftOffset"": 16, ""showReviewCount"": true, ""badgeBorderColor"": ""#E5E7EB"", ""callToActionText"": ""Click to read our reviews!"", ""mobileDrawerMode"": ""peek"", ""showAuthorPhotos"": true, ""showBusinessInfo"": true, ""showBusinessName"": true, ""showCallToAction"": true, ""showReviewImages"": true, ""excludedReviewIds"": [], ""fixedBottomOffset"": 16, ""customBusinessName"": """", ""badgeBackgroundColor"": ""#FFFFFF"", ""callToActionTextColor"": ""#1F2937"", ""drawerBackgroundColor"": ""#FFFFFF"", ""drawerCardBorderColor"": ""#E5E7EB"", ""useCustomBusinessName"": false, ""drawerCardBorderRadius"": 8, ""reviewImageThumbnailSize"": ""medium"", ""drawerCardBackgroundColor"": ""#FFFFFF"", ""callToActionBackgroundColor"": ""#FFFFFF""}"
0f758cf9-b381-4da0-8cb7-5579fc9120c7,SSR Autobody (built by Shah),GOOGLE_REVIEWS_BADGE,Google Reviews Side Peek (Art City Auto Body),84a222f5-7780-4eb5-8035-e135f500461e,True,2025-11-07T00:46:52.648056+00:00,2026-04-28T00:52:27.572+00:00,7727,2026-08-05T04:47:57.300777+00:00,2025-11-07T00:46:52.648056+00:00,"{""name"": ""Google Reviews Side Peek (Art City Auto Body)"", ""sortBy"": ""highest_rating"", ""placeId"": ""ChIJoQLa6IS9TYcRtniyN54oLXQ"", ""starSize"": 22, ""fullWidth"": true, ""showDates"": true, ""textColor"": ""#1F2937"", ""fontFamily"": ""poppins"", ""maxReviews"": 40, ""badgeLayout"": ""centered"", ""compactMode"": false, ""drawerWidth"": 400, ""showRatings"": true, ""badgePadding"": 12, ""borderRadius"": 15, ""positionType"": ""inline"", ""primaryColor"": ""#F77D11"", ""backgroundType"": ""transparent"", ""badgeAlignment"": ""center"", ""filterByImages"": ""images_first"", ""filterByRating"": ""5"", ""googleIconSize"": 29, ""reviewsPerPage"": 10, ""backgroundColor"": ""#FFFFFF"", ""drawerTextColor"": ""#1F2937"", ""fixedLeftOffset"": 16, ""showReviewCount"": true, ""badgeBorderColor"": ""#E5E7EB"", ""callToActionText"": ""Click to read our reviews!"", ""mobileDrawerMode"": ""peek"", ""showAuthorPhotos"": true, ""showBusinessInfo"": true, ""showBusinessName"": true, ""showCallToAction"": true, ""showReviewImages"": true, ""excludedReviewIds"": [], ""fixedBottomOffset"": 16, ""customBusinessName"": """", ""badgeBackgroundColor"": ""#FFFFFF"", ""callToActionTextColor"": ""#1F2937"", ""drawerBackgroundColor"": ""#FFFFFF"", ""drawerCardBorderColor"": ""#E5E7EB"", ""useCustomBusinessName"": false, ""drawerCardBorderRadius"": 8, ""reviewImageThumbnailSize"": ""medium"", ""drawerCardBackgroundColor"": ""#FFFFFF"", ""callToActionBackgroundColor"": ""#FFFFFF""}"
0f758cf9-b381-4da0-8cb7-5579fc9120c7,SSR Autobody (built by Shah),GOOGLE_REVIEWS_BADGE,Google Reviews Side Peek (Art Collision Center),e4d65e70-0c6f-426f-b004-37f5f019d494,True,2026-06-29T16:44:46.505992+00:00,2026-06-29T16:46:40.824+00:00,2173,2026-08-05T09:54:28.533006+00:00,2026-06-29T16:49:48.443+00:00,"{""name"": ""Google Reviews Side Peek (Art Collision Center)"", ""dataId"": ""0x88f5a31c75df85c9:0xe598003b1a90f139"", ""sortBy"": ""highest_rating"", ""placeId"": ""ChIJyYXfdRyj9YgROfGQGjsAmOU"", ""starSize"": 24, ""fullWidth"": true, ""showDates"": true, ""textColor"": ""#1F2937"", ""fontFamily"": ""poppins"", ""maxReviews"": 40, ""badgeLayout"": ""centered"", ""compactMode"": false, ""drawerWidth"": 400, ""showRatings"": true, ""badgePadding"": 12, ""borderRadius"": 15, ""positionType"": ""inline"", ""primaryColor"": ""#DC2626"", ""backgroundType"": ""transparent"", ""badgeAlignment"": ""center"", ""filterByImages"": ""images_first"", ""filterByRating"": ""5"", ""googleIconSize"": 24, ""reviewsPerPage"": 10, ""backgroundColor"": ""#FFFFFF"", ""drawerTextColor"": ""#1F2937"", ""fixedLeftOffset"": 16, ""showReviewCount"": true, ""badgeBorderColor"": ""#E5E7EB"", ""callToActionText"": ""Click to read our reviews!"", ""mobileDrawerMode"": ""peek"", ""showAuthorPhotos"": true, ""showBusinessInfo"": true, ""showBusinessName"": true, ""showCallToAction"": true, ""showReviewImages"": true, ""excludedReviewIds"": [], ""fixedBottomOffset"": 16, ""customBusinessName"": ""Akins Collision Center"", ""badgeBackgroundColor"": ""#FFFFFF"", ""callToActionTextColor"": ""#1F2937"", ""drawerBackgroundColor"": ""#FFFFFF"", ""drawerCardBorderColor"": ""#E5E7EB"", ""useCustomBusinessName"": false, ""drawerCardBorderRadius"": 8, ""reviewImageThumbnailSize"": ""medium"", ""drawerCardBackgroundColor"": ""#FFFFFF"", ""callToActionBackgroundColor"": ""#FFFFFF""}"
0f758cf9-b381-4da0-8cb7-5579fc9120c7,SSR Autobody (built by Shah),GOOGLE_REVIEWS_BADGE,Google Reviews Side Peek (Auto Arena Body Shop) ,e0fce7a4-d4eb-4ec4-82d3-8c968225cd8f,True,2025-12-30T00:46:17.197208+00:00,2026-04-28T00:48:06.153+00:00,5378,2026-08-05T08:31:51.44563+00:00,2025-12-30T00:48:30.052+00:00,"{""name"": ""Google Reviews Side Peek (Auto Arena Body Shop) "", ""sortBy"": ""highest_rating"", ""placeId"": ""ChIJvUl_RahJQIgR5tSUbq1R2uY"", ""starSize"": 24, ""fullWidth"": true, ""showDates"": true, ""textColor"": ""#1F2937"", ""fontFamily"": ""poppins"", ""maxReviews"": 30, ""badgeLayout"": ""centered"", ""compactMode"": false, ""drawerWidth"": 400, ""showRatings"": true, ""badgePadding"": 12, ""borderRadius"": 15, ""positionType"": ""inline"", ""primaryColor"": ""#3694ff"", ""backgroundType"": ""transparent"", ""badgeAlignment"": ""center"", ""filterByImages"": ""images_first"", ""filterByRating"": ""5"", ""googleIconSize"": 24, ""reviewsPerPage"": 10, ""backgroundColor"": ""#FFFFFF"", ""drawerTextColor"": ""#1F2937"", ""fixedLeftOffset"": 16, ""showReviewCount"": true, ""badgeBorderColor"": ""#E5E7EB"", ""callToActionText"": ""Click to read our reviews!"", ""mobileDrawerMode"": ""peek"", ""showAuthorPhotos"": true, ""showBusinessInfo"": true, ""showBusinessName"": true, ""showCallToAction"": true, ""showReviewImages"": true, ""excludedReviewIds"": [], ""fixedBottomOffset"": 16, ""customBusinessName"": ""Auto Arena Body Shop"", ""badgeBackgroundColor"": ""#FFFFFF"", ""callToActionTextColor"": ""#1F2937"", ""drawerBackgroundColor"": ""#FFFFFF"", ""drawerCardBorderColor"": ""#E5E7EB"", ""useCustomBusinessName"": true, ""drawerCardBorderRadius"": 8, ""reviewImageThumbnailSize"": ""medium"", ""drawerCardBackgroundColor"": ""#FFFFFF"", ""callToActionBackgroundColor"": ""#FFFFFF""}"
0f758cf9-b381-4da0-8cb7-5579fc9120c7,SSR Autobody (built by Shah),GOOGLE_REVIEWS_BADGE,Google Reviews Side Peek (Automotive 7),73cbc5da-3f0a-4c53-abf0-bbb012ed3aea,True,2025-11-03T21:02:11.740951+00:00,2026-04-28T00:44:29.232+00:00,11943,2026-08-05T07:46:42.184571+00:00,2025-11-03T21:02:11.740951+00:00,"{""name"": ""Google Reviews Side Peek (Automotive 7)"", ""sortBy"": ""highest_rating"", ""placeId"": ""ChIJDUzeAzbZ54kRaIrelJIaRns"", ""starSize"": 22, ""fullWidth"": true, ""showDates"": true, ""textColor"": ""#1F2937"", ""fontFamily"": ""poppins"", ""maxReviews"": 40, ""badgeLayout"": ""centered"", ""compactMode"": false, ""drawerWidth"": 400, ""showRatings"": true, ""badgePadding"": 12, ""borderRadius"": 15, ""positionType"": ""inline"", ""primaryColor"": ""#3694ff"", ""backgroundType"": ""transparent"", ""badgeAlignment"": ""center"", ""filterByImages"": ""images_first"", ""filterByRating"": ""5"", ""googleIconSize"": 29, ""reviewsPerPage"": 10, ""backgroundColor"": ""#FFFFFF"", ""drawerTextColor"": ""#1F2937"", ""fixedLeftOffset"": 16, ""showReviewCount"": true, ""badgeBorderColor"": ""#E5E7EB"", ""callToActionText"": ""Click to read our reviews!"", ""mobileDrawerMode"": ""peek"", ""showAuthorPhotos"": true, ""showBusinessInfo"": true, ""showBusinessName"": true, ""showCallToAction"": true, ""showReviewImages"": true, ""excludedReviewIds"": [], ""fixedBottomOffset"": 16, ""customBusinessName"": ""Automotive 7 Collision"", ""badgeBackgroundColor"": ""#FFFFFF"", ""callToActionTextColor"": ""#1F2937"", ""drawerBackgroundColor"": ""#FFFFFF"", ""drawerCardBorderColor"": ""#E5E7EB"", ""useCustomBusinessName"": true, ""drawerCardBorderRadius"": 8, ""reviewImageThumbnailSize"": ""medium"", ""drawerCardBackgroundColor"": ""#FFFFFF"", ""callToActionBackgroundColor"": ""#FFFFFF""}"
0f758cf9-b381-4da0-8cb7-5579fc9120c7,SSR Autobody (built by Shah),GOOGLE_REVIEWS_BADGE,Google Reviews Side Peek (BA Auto Service) ,fd5f36e9-2223-422e-ab28-8374922e67a0,True,2025-12-27T00:26:44.533206+00:00,2026-04-28T00:46:45.626+00:00,3979,2026-07-30T18:29:50.612459+00:00,2025-12-27T00:28:42.468+00:00,"{""name"": ""Google Reviews Side Peek (BA Auto Service) "", ""sortBy"": ""highest_rating"", ""placeId"": ""ChIJkQ8_FDipD4gRsLPeY58apZA"", ""starSize"": 24, ""fullWidth"": true, ""showDates"": true, ""textColor"": ""#1F2937"", ""fontFamily"": ""poppins"", ""maxReviews"": 40, ""badgeLayout"": ""centered"", ""compactMode"": false, ""drawerWidth"": 400, ""showRatings"": true, ""badgePadding"": 12, ""borderRadius"": 15, ""positionType"": ""inline"", ""primaryColor"": ""#3694ff"", ""backgroundType"": ""transparent"", ""badgeAlignment"": ""center"", ""filterByImages"": ""images_first"", ""filterByRating"": ""5"", ""googleIconSize"": 24, ""reviewsPerPage"": 10, ""backgroundColor"": ""#FFFFFF"", ""drawerTextColor"": ""#1F2937"", ""fixedLeftOffset"": 16, ""showReviewCount"": true, ""badgeBorderColor"": ""#E5E7EB"", ""callToActionText"": ""Click to read our reviews!"", ""mobileDrawerMode"": ""peek"", ""showAuthorPhotos"": true, ""showBusinessInfo"": true, ""showBusinessName"": true, ""showCallToAction"": true, ""showReviewImages"": true, ""excludedReviewIds"": [], ""fixedBottomOffset"": 16, ""customBusinessName"": ""Ba Auto Collision "", ""badgeBackgroundColor"": ""#FFFFFF"", ""callToActionTextColor"": ""#1F2937"", ""drawerBackgroundColor"": ""#FFFFFF"", ""drawerCardBorderColor"": ""#E5E7EB"", ""useCustomBusinessName"": true, ""drawerCardBorderRadius"": 8, ""reviewImageThumbnailSize"": ""medium"", ""drawerCardBackgroundColor"": ""#FFFFFF"", ""callToActionBackgroundColor"": ""#FFFFFF""}"
0f758cf9-b381-4da0-8cb7-5579fc9120c7,SSR Autobody (built by Shah),GOOGLE_REVIEWS_BADGE,Google Reviews Side Peek (BCK2NEW Auto Body),0aa6f086-4128-4db9-a77b-e7688e934af3,True,2026-05-26T02:40:15.218388+00:00,2026-05-26T02:41:49.741+00:00,2700,2026-07-31T17:01:49.525369+00:00,2026-05-26T03:15:40.935+00:00,"{""name"": ""Google Reviews Side Peek (BCK2NEW Auto Body)"", ""sortBy"": ""highest_rating"", ""placeId"": ""ChIJXSVu0ZL1wokRsKnmJ5ThmNw"", ""starSize"": 24, ""fullWidth"": true, ""showDates"": true, ""textColor"": ""#1F2937"", ""fontFamily"": ""poppins"", ""maxReviews"": 40, ""badgeLayout"": ""centered"", ""compactMode"": false, ""drawerWidth"": 400, ""showRatings"": true, ""badgePadding"": 12, ""borderRadius"": 15, ""positionType"": ""inline"", ""primaryColor"": ""#DC2626"", ""backgroundType"": ""transparent"", ""badgeAlignment"": ""center"", ""filterByImages"": ""images_first"", ""filterByRating"": ""5"", ""googleIconSize"": 24, ""reviewsPerPage"": 10, ""backgroundColor"": ""#FFFFFF"", ""drawerTextColor"": ""#1F2937"", ""fixedLeftOffset"": 16, ""showReviewCount"": true, ""badgeBorderColor"": ""#E5E7EB"", ""callToActionText"": ""Click to read our reviews!"", ""mobileDrawerMode"": ""peek"", ""showAuthorPhotos"": true, ""showBusinessInfo"": true, ""showBusinessName"": true, ""showCallToAction"": true, ""showReviewImages"": true, ""excludedReviewIds"": [], ""fixedBottomOffset"": 16, ""customBusinessName"": ""South Bay Auto Collision "", ""badgeBackgroundColor"": ""#FFFFFF"", ""callToActionTextColor"": ""#1F2937"", ""drawerBackgroundColor"": ""#FFFFFF"", ""drawerCardBorderColor"": ""#E5E7EB"", ""useCustomBusinessName"": false, ""drawerCardBorderRadius"": 8, ""reviewImageThumbnailSize"": ""medium"", ""drawerCardBackgroundColor"": ""#FFFFFF"", ""callToActionBackgroundColor"": ""#FFFFFF""}"
0f758cf9-b381-4da0-8cb7-5579fc9120c7,SSR Autobody (built by Shah),GOOGLE_REVIEWS_BADGE,Google Reviews Side Peek (Bella's Auto Body)   ,90bb20e0-e7d6-4532-aa76-d749f9f32540,True,2026-01-08T23:12:54.17083+00:00,2026-04-28T00:54:50.987+00:00,30672,2026-08-05T03:21:36.404039+00:00,2026-01-08T23:30:48.806+00:00,"{""name"": ""Google Reviews Side Peek (Bella's Auto Body)   "", ""sortBy"": ""highest_rating"", ""placeId"": ""ChIJD_SPbrf1wokRFxpBP5awxrM"", ""starSize"": 24, ""fullWidth"": true, ""showDates"": true, ""textColor"": ""#1F2937"", ""fontFamily"": ""poppins"", ""maxReviews"": 40, ""badgeLayout"": ""centered"", ""compactMode"": false, ""drawerWidth"": 400, ""showRatings"": true, ""badgePadding"": 12, ""borderRadius"": 15, ""positionType"": ""inline"", ""primaryColor"": ""#DC2626"", ""backgroundType"": ""transparent"", ""badgeAlignment"": ""center"", ""filterByImages"": ""images_first"", ""filterByRating"": ""5"", ""googleIconSize"": 24, ""reviewsPerPage"": 10, ""backgroundColor"": ""#FFFFFF"", ""drawerTextColor"": ""#1F2937"", ""fixedLeftOffset"": 16, ""showReviewCount"": true, ""badgeBorderColor"": ""#E5E7EB"", ""callToActionText"": ""Click to read our reviews!"", ""mobileDrawerMode"": ""peek"", ""showAuthorPhotos"": true, ""showBusinessInfo"": true, ""showBusinessName"": true, ""showCallToAction"": true, ""showReviewImages"": true, ""excludedReviewIds"": [], ""fixedBottomOffset"": 16, ""customBusinessName"": ""Bella's Auto Body "", ""badgeBackgroundColor"": ""#FFFFFF"", ""callToActionTextColor"": ""#1F2937"", ""drawerBackgroundColor"": ""#FFFFFF"", ""drawerCardBorderColor"": ""#E5E7EB"", ""useCustomBusinessName"": true, ""drawerCardBorderRadius"": 8, ""reviewImageThumbnailSize"": ""medium"", ""drawerCardBackgroundColor"": ""#FFFFFF"", ""callToActionBackgroundColor"": ""#FFFFFF""}"
0f758cf9-b381-4da0-8cb7-5579fc9120c7,SSR Autobody (built by Shah),GOOGLE_REVIEWS_BADGE,Google Reviews Side Peek (Capital Collision Center) ,b8908f36-0edf-42a6-aa54-e6b609c92416,True,2026-06-29T21:49:17.613546+00:00,2026-06-29T21:52:46.129+00:00,1868,2026-08-04T23:15:50.375754+00:00,2026-06-29T21:53:47.745+00:00,"{""name"": ""Google Reviews Side Peek (Capital Collision Center) "", ""dataId"": ""0x80c2972bcd8ce02d:0x33a7a002d55fcaf5"", ""sortBy"": ""highest_rating"", ""placeId"": ""ChIJLeCMzSuXwoAR9cpf1QKgpzM"", ""starSize"": 24, ""fullWidth"": true, ""showDates"": true, ""textColor"": ""#1F2937"", ""fontFamily"": ""poppins"", ""maxReviews"": 40, ""badgeLayout"": ""centered"", ""compactMode"": false, ""drawerWidth"": 400, ""showRatings"": true, ""badgePadding"": 12, ""borderRadius"": 15, ""positionType"": ""inline"", ""primaryColor"": ""#DC2626"", ""backgroundType"": ""transparent"", ""badgeAlignment"": ""center"", ""filterByImages"": ""images_first"", ""filterByRating"": ""5"", ""googleIconSize"": 24, ""reviewsPerPage"": 10, ""backgroundColor"": ""#FFFFFF"", ""drawerTextColor"": ""#1F2937"", ""fixedLeftOffset"": 16, ""showReviewCount"": true, ""badgeBorderColor"": ""#E5E7EB"", ""callToActionText"": ""Click to read our reviews!"", ""mobileDrawerMode"": ""peek"", ""showAuthorPhotos"": true, ""showBusinessInfo"": true, ""showBusinessName"": true, ""showCallToAction"": true, ""showReviewImages"": true, ""excludedReviewIds"": [], ""fixedBottomOffset"": 16, ""customBusinessName"": ""Akins Collision Center"", ""badgeBackgroundColor"": ""#FFFFFF"", ""callToActionTextColor"": ""#1F2937"", ""drawerBackgroundColor"": ""#FFFFFF"", ""drawerCardBorderColor"": ""#E5E7EB"", ""useCustomBusinessName"": false, ""drawerCardBorderRadius"": 8, ""reviewImageThumbnailSize"": ""medium"", ""drawerCardBackgroundColor"": ""#FFFFFF"", ""callToActionBackgroundColor"": ""#FFFFFF""}"
0f758cf9-b381-4da0-8cb7-5579fc9120c7,SSR Autobody (built by Shah),GOOGLE_REVIEWS_BADGE,Google Reviews Side Peek (Car Star Denton)   ,35586889-d291-44f5-8434-5c03a24665b2,True,2026-01-17T00:50:05.341516+00:00,2026-04-28T00:47:59.907+00:00,7335,2026-08-05T08:40:29.07288+00:00,2026-01-17T00:52:38.101+00:00,"{""name"": ""Google Reviews Side Peek (Car Star Denton)   "", ""sortBy"": ""highest_rating"", ""placeId"": ""ChIJEwO2tJPKTYYRh6cDqfjped4"", ""starSize"": 24, ""fullWidth"": true, ""showDates"": true, ""textColor"": ""#1F2937"", ""fontFamily"": ""poppins"", ""maxReviews"": 40, ""badgeLayout"": ""centered"", ""compactMode"": false, ""drawerWidth"": 400, ""showRatings"": true, ""badgePadding"": 12, ""borderRadius"": 15, ""positionType"": ""inline"", ""primaryColor"": ""#DC2626"", ""backgroundType"": ""transparent"", ""badgeAlignment"": ""center"", ""filterByImages"": ""images_first"", ""filterByRating"": ""5"", ""googleIconSize"": 24, ""reviewsPerPage"": 10, ""backgroundColor"": ""#FFFFFF"", ""drawerTextColor"": ""#1F2937"", ""fixedLeftOffset"": 16, ""showReviewCount"": true, ""badgeBorderColor"": ""#E5E7EB"", ""callToActionText"": ""Click to read our reviews!"", ""mobileDrawerMode"": ""peek"", ""showAuthorPhotos"": true, ""showBusinessInfo"": true, ""showBusinessName"": true, ""showCallToAction"": true, ""showReviewImages"": true, ""excludedReviewIds"": [""Trevornater|2 months ago"", ""Olivia Hill|2 months ago"", ""Letwain Turk|3 months ago"", ""Jim Sharp|a month ago"", ""Larry White|7 months ago"", ""Bob Kim|Edited 2 years ago"", ""Tracy|Edited 4 months ago"", ""Michele Boyd|a week ago""], ""fixedBottomOffset"": 16, ""customBusinessName"": ""CARSTAR Denton"", ""badgeBackgroundColor"": ""#FFFFFF"", ""callToActionTextColor"": ""#1F2937"", ""drawerBackgroundColor"": ""#FFFFFF"", ""drawerCardBorderColor"": ""#E5E7EB"", ""useCustomBusinessName"": true, ""drawerCardBorderRadius"": 8, ""reviewImageThumbnailSize"": ""medium"", ""drawerCardBackgroundColor"": ""#FFFFFF"", ""callToActionBackgroundColor"": ""#FFFFFF""}"
0f758cf9-b381-4da0-8cb7-5579fc9120c7,SSR Autobody (built by Shah),GOOGLE_REVIEWS_BADGE,Google Reviews Side Peek (Carvive Auto Shop)  Copy,1c9d912b-9f46-46da-9a9b-dedeaeb5a8d6,True,2026-04-16T02:07:23.417112+00:00,2026-04-28T14:55:07.833+00:00,6590,2026-08-05T09:50:50.448286+00:00,2026-04-16T02:08:43.648+00:00,"{""name"": ""Google Reviews Side Peek (Carvive Auto Shop)  Copy"", ""sortBy"": ""highest_rating"", ""placeId"": ""ChIJ74h7HzOXwoAR-INt_g893ho"", ""starSize"": 24, ""fullWidth"": true, ""showDates"": true, ""textColor"": ""#1F2937"", ""fontFamily"": ""poppins"", ""maxReviews"": 30, ""badgeLayout"": ""centered"", ""compactMode"": false, ""drawerWidth"": 400, ""showRatings"": true, ""badgePadding"": 12, ""borderRadius"": 15, ""positionType"": ""inline"", ""primaryColor"": ""#3694ff"", ""backgroundType"": ""transparent"", ""badgeAlignment"": ""center"", ""filterByImages"": ""images_first"", ""filterByRating"": ""5"", ""googleIconSize"": 24, ""reviewsPerPage"": 10, ""backgroundColor"": ""#FFFFFF"", ""drawerTextColor"": ""#1F2937"", ""fixedLeftOffset"": 16, ""showReviewCount"": true, ""badgeBorderColor"": ""#E5E7EB"", ""callToActionText"": ""Click to read our reviews!"", ""mobileDrawerMode"": ""peek"", ""showAuthorPhotos"": true, ""showBusinessInfo"": true, ""showBusinessName"": true, ""showCallToAction"": true, ""showReviewImages"": true, ""excludedReviewIds"": [], ""fixedBottomOffset"": 16, ""customBusinessName"": ""Auto Arena Body Shop"", ""badgeBackgroundColor"": ""#FFFFFF"", ""callToActionTextColor"": ""#1F2937"", ""drawerBackgroundColor"": ""#FFFFFF"", ""drawerCardBorderColor"": ""#E5E7EB"", ""useCustomBusinessName"": false, ""drawerCardBorderRadius"": 8, ""reviewImageThumbnailSize"": ""medium"", ""drawerCardBackgroundColor"": ""#FFFFFF"", ""callToActionBackgroundColor"": ""#FFFFFF""}"
0f758cf9-b381-4da0-8cb7-5579fc9120c7,SSR Autobody (built by Shah),GOOGLE_REVIEWS_BADGE,Google Reviews Side Peek (Central Auto Body,c22cc5a3-ce7c-4fdb-8b12-e1f8551c68a4,True,2026-05-08T18:35:50.366001+00:00,2026-05-08T18:36:45.12+00:00,4983,2026-08-05T04:52:37.660063+00:00,2026-05-08T18:37:20.357+00:00,"{""name"": ""Google Reviews Side Peek (Central Auto Body"", ""sortBy"": ""highest_rating"", ""placeId"": ""ChIJRbGzeO3HyIAR8QwKt-zV33A"", ""starSize"": 24, ""fullWidth"": true, ""showDates"": true, ""textColor"": ""#1F2937"", ""fontFamily"": ""poppins"", ""maxReviews"": 30, ""badgeLayout"": ""centered"", ""compactMode"": false, ""drawerWidth"": 400, ""showRatings"": true, ""badgePadding"": 12, ""borderRadius"": 15, ""positionType"": ""inline"", ""primaryColor"": ""#3694ff"", ""backgroundType"": ""transparent"", ""badgeAlignment"": ""center"", ""filterByImages"": ""images_first"", ""filterByRating"": ""5"", ""googleIconSize"": 24, ""reviewsPerPage"": 10, ""backgroundColor"": ""#FFFFFF"", ""drawerTextColor"": ""#1F2937"", ""fixedLeftOffset"": 16, ""showReviewCount"": true, ""badgeBorderColor"": ""#E5E7EB"", ""callToActionText"": ""Click to read our reviews!"", ""mobileDrawerMode"": ""peek"", ""showAuthorPhotos"": true, ""showBusinessInfo"": true, ""showBusinessName"": true, ""showCallToAction"": true, ""showReviewImages"": true, ""excludedReviewIds"": [], ""fixedBottomOffset"": 16, ""customBusinessName"": ""Auto Arena Body Shop"", ""badgeBackgroundColor"": ""#FFFFFF"", ""callToActionTextColor"": ""#1F2937"", ""drawerBackgroundColor"": ""#FFFFFF"", ""drawerCardBorderColor"": ""#E5E7EB"", ""useCustomBusinessName"": false, ""drawerCardBorderRadius"": 8, ""reviewImageThumbnailSize"": ""medium"", ""drawerCardBackgroundColor"": ""#FFFFFF"", ""callToActionBackgroundColor"": ""#FFFFFF""}"
0f758cf9-b381-4da0-8cb7-5579fc9120c7,SSR Autobody (built by Shah),GOOGLE_REVIEWS_BADGE,Google Reviews Side Peek (Chris Auto Body)   ,d73ca02c-ccc1-457d-8854-90c5ae960ac5,True,2026-01-21T22:55:38.032817+00:00,2026-04-28T00:51:44.422+00:00,5399,2026-08-05T03:06:14.600653+00:00,2026-01-21T22:58:20.443+00:00,"{""name"": ""Google Reviews Side Peek (Chris Auto Body)   "", ""sortBy"": ""highest_rating"", ""placeId"": ""ChIJG2tmVRpSwYkRP3p1TB16WhU"", ""starSize"": 24, ""fullWidth"": true, ""showDates"": true, ""textColor"": ""#1F2937"", ""fontFamily"": ""poppins"", ""maxReviews"": 40, ""badgeLayout"": ""centered"", ""compactMode"": false, ""drawerWidth"": 400, ""showRatings"": true, ""badgePadding"": 12, ""borderRadius"": 15, ""positionType"": ""inline"", ""primaryColor"": ""#DC2626"", ""backgroundType"": ""transparent"", ""badgeAlignment"": ""center"", ""filterByImages"": ""images_first"", ""filterByRating"": ""4"", ""googleIconSize"": 24, ""reviewsPerPage"": 10, ""backgroundColor"": ""#FFFFFF"", ""drawerTextColor"": ""#1F2937"", ""fixedLeftOffset"": 16, ""showReviewCount"": true, ""badgeBorderColor"": ""#E5E7EB"", ""callToActionText"": ""Click to read our reviews!"", ""mobileDrawerMode"": ""peek"", ""showAuthorPhotos"": true, ""showBusinessInfo"": true, ""showBusinessName"": true, ""showCallToAction"": true, ""showReviewImages"": true, ""excludedReviewIds"": [], ""fixedBottomOffset"": 16, ""customBusinessName"": """", ""badgeBackgroundColor"": ""#FFFFFF"", ""callToActionTextColor"": ""#1F2937"", ""drawerBackgroundColor"": ""#FFFFFF"", ""drawerCardBorderColor"": ""#E5E7EB"", ""useCustomBusinessName"": false, ""drawerCardBorderRadius"": 8, ""reviewImageThumbnailSize"": ""medium"", ""drawerCardBackgroundColor"": ""#FFFFFF"", ""callToActionBackgroundColor"": ""#FFFFFF""}"
0f758cf9-b381-4da0-8cb7-5579fc9120c7,SSR Autobody (built by Shah),GOOGLE_REVIEWS_BADGE,Google Reviews Side Peek (Collision Motor Specialist) ,1b8b03af-a932-491b-8cde-8baed9ebd196,True,2026-06-30T18:21:12.948647+00:00,2026-06-30T18:59:26.634+00:00,2987,2026-08-05T00:40:31.401914+00:00,2026-06-30T19:03:00.65+00:00,"{""name"": ""Google Reviews Side Peek (Collision Motor Specialist) "", ""dataId"": ""0x8640dd3b18e2d9f1:0x7cc25fb4eabdea78"", ""sortBy"": ""highest_rating"", ""placeId"": ""ChIJ8dniGDvdQIYReOq96rRfwnw"", ""starSize"": 24, ""fullWidth"": true, ""showDates"": true, ""textColor"": ""#1F2937"", ""fontFamily"": ""poppins"", ""maxReviews"": 40, ""badgeLayout"": ""centered"", ""compactMode"": false, ""drawerWidth"": 400, ""showRatings"": true, ""badgePadding"": 12, ""borderRadius"": 15, ""positionType"": ""inline"", ""primaryColor"": ""#DC2626"", ""backgroundType"": ""transparent"", ""badgeAlignment"": ""center"", ""filterByImages"": ""images_first"", ""filterByRating"": ""5"", ""googleIconSize"": 24, ""reviewsPerPage"": 10, ""backgroundColor"": ""#FFFFFF"", ""drawerTextColor"": ""#1F2937"", ""fixedLeftOffset"": 16, ""showReviewCount"": true, ""badgeBorderColor"": ""#E5E7EB"", ""callToActionText"": ""Click to read our reviews!"", ""mobileDrawerMode"": ""peek"", ""showAuthorPhotos"": true, ""showBusinessInfo"": true, ""showBusinessName"": true, ""showCallToAction"": true, ""showReviewImages"": true, ""excludedReviewIds"": [], ""fixedBottomOffset"": 16, ""customBusinessName"": ""Akins Collision Center"", ""badgeBackgroundColor"": ""#FFFFFF"", ""callToActionTextColor"": ""#1F2937"", ""drawerBackgroundColor"": ""#FFFFFF"", ""drawerCardBorderColor"": ""#E5E7EB"", ""useCustomBusinessName"": false, ""drawerCardBorderRadius"": 8, ""reviewImageThumbnailSize"": ""medium"", ""drawerCardBackgroundColor"": ""#FFFFFF"", ""callToActionBackgroundColor"": ""#FFFFFF""}"
0f758cf9-b381-4da0-8cb7-5579fc9120c7,SSR Autobody (built by Shah),GOOGLE_REVIEWS_BADGE,Google Reviews Side Peek (Collision Shop of Miami Dade),03d7dad9-6934-43ea-b1e4-ce639f9ecc41,True,2026-04-30T21:24:24.13803+00:00,2026-04-30T21:25:17.641+00:00,5228,2026-08-05T08:31:50.717431+00:00,2026-04-30T21:52:16.82+00:00,"{""name"": ""Google Reviews Side Peek (Collision Shop of Miami Dade)"", ""sortBy"": ""highest_rating"", ""placeId"": ""ChIJs5rA2nbE2YgRBMzo9yFWWiI"", ""starSize"": 24, ""fullWidth"": true, ""showDates"": true, ""textColor"": ""#1F2937"", ""fontFamily"": ""poppins"", ""maxReviews"": 40, ""badgeLayout"": ""centered"", ""compactMode"": false, ""drawerWidth"": 400, ""showRatings"": true, ""badgePadding"": 12, ""borderRadius"": 15, ""positionType"": ""inline"", ""primaryColor"": ""#DC2626"", ""backgroundType"": ""transparent"", ""badgeAlignment"": ""center"", ""filterByImages"": ""images_first"", ""filterByRating"": ""5"", ""googleIconSize"": 24, ""reviewsPerPage"": 10, ""backgroundColor"": ""#FFFFFF"", ""drawerTextColor"": ""#1F2937"", ""fixedLeftOffset"": 16, ""showReviewCount"": true, ""badgeBorderColor"": ""#E5E7EB"", ""callToActionText"": ""Click to read our reviews!"", ""mobileDrawerMode"": ""peek"", ""showAuthorPhotos"": true, ""showBusinessInfo"": true, ""showBusinessName"": true, ""showCallToAction"": true, ""showReviewImages"": true, ""excludedReviewIds"": [], ""fixedBottomOffset"": 16, ""customBusinessName"": ""Pit Stop Auto Collision "", ""badgeBackgroundColor"": ""#FFFFFF"", ""callToActionTextColor"": ""#1F2937"", ""drawerBackgroundColor"": ""#FFFFFF"", ""drawerCardBorderColor"": ""#E5E7EB"", ""useCustomBusinessName"": false, ""drawerCardBorderRadius"": 8, ""reviewImageThumbnailSize"": ""medium"", ""drawerCardBackgroundColor"": ""#FFFFFF"", ""callToActionBackgroundColor"": ""#FFFFFF""}"
0f758cf9-b381-4da0-8cb7-5579fc9120c7,SSR Autobody (built by Shah),GOOGLE_REVIEWS_BADGE,Google Reviews Side Peek (Collision Stop),6fecec96-baaf-42e5-ba32-200c838dee9b,True,2025-11-06T22:03:04.163215+00:00,2026-03-15T23:27:01.264+00:00,5277,2026-05-26T04:05:57.349+00:00,2025-11-06T22:03:04.163215+00:00,"{""name"": ""Google Reviews Side Peek (Collision Stop)"", ""sortBy"": ""highest_rating"", ""placeId"": ""ChIJkQswESF_ZYYRqyTT_DMGzpQ"", ""starSize"": 22, ""fullWidth"": true, ""showDates"": true, ""textColor"": ""#1F2937"", ""fontFamily"": ""poppins"", ""maxReviews"": 40, ""badgeLayout"": ""centered"", ""compactMode"": false, ""drawerWidth"": 400, ""showRatings"": true, ""badgePadding"": 12, ""borderRadius"": 15, ""positionType"": ""inline"", ""primaryColor"": ""#e42709"", ""backgroundType"": ""transparent"", ""badgeAlignment"": ""center"", ""filterByImages"": ""images_first"", ""filterByRating"": ""5"", ""googleIconSize"": 29, ""reviewsPerPage"": 10, ""backgroundColor"": ""#FFFFFF"", ""drawerTextColor"": ""#1F2937"", ""fixedLeftOffset"": 16, ""showReviewCount"": true, ""badgeBorderColor"": ""#E5E7EB"", ""callToActionText"": ""Click to read our reviews!"", ""mobileDrawerMode"": ""peek"", ""showAuthorPhotos"": true, ""showBusinessInfo"": true, ""showBusinessName"": true, ""showCallToAction"": true, ""showReviewImages"": true, ""excludedReviewIds"": [], ""fixedBottomOffset"": 16, ""customBusinessName"": ""Collision Stop"", ""badgeBackgroundColor"": ""#FFFFFF"", ""callToActionTextColor"": ""#1F2937"", ""drawerBackgroundColor"": ""#FFFFFF"", ""drawerCardBorderColor"": ""#E5E7EB"", ""useCustomBusinessName"": true, ""drawerCardBorderRadius"": 8, ""reviewImageThumbnailSize"": ""medium"", ""drawerCardBackgroundColor"": ""#FFFFFF"", ""callToActionBackgroundColor"": ""#FFFFFF""}"
0f758cf9-b381-4da0-8cb7-5579fc9120c7,SSR Autobody (built by Shah),GOOGLE_REVIEWS_BADGE,Google Reviews Side Peek (Countdown City Collision) ,7b4d6801-de3b-4763-b80f-46daeeb3a65e,True,2026-06-03T19:53:59.610988+00:00,2026-06-03T19:56:09.899+00:00,3556,2026-08-05T08:07:34.17983+00:00,2026-06-03T19:59:33.843+00:00,"{""name"": ""Google Reviews Side Peek (Countdown City Collision) "", ""sortBy"": ""highest_rating"", ""placeId"": ""ChIJe5Dekv1dXIYRi5KxA9inm18"", ""starSize"": 24, ""fullWidth"": true, ""showDates"": true, ""textColor"": ""#1F2937"", ""fontFamily"": ""poppins"", ""maxReviews"": 40, ""badgeLayout"": ""centered"", ""compactMode"": false, ""drawerWidth"": 400, ""showRatings"": true, ""badgePadding"": 12, ""borderRadius"": 15, ""positionType"": ""inline"", ""primaryColor"": ""#DC2626"", ""backgroundType"": ""transparent"", ""badgeAlignment"": ""center"", ""filterByImages"": ""images_first"", ""filterByRating"": ""5"", ""googleIconSize"": 24, ""reviewsPerPage"": 10, ""backgroundColor"": ""#FFFFFF"", ""drawerTextColor"": ""#1F2937"", ""fixedLeftOffset"": 16, ""showReviewCount"": true, ""badgeBorderColor"": ""#E5E7EB"", ""callToActionText"": ""Click to read our reviews!"", ""mobileDrawerMode"": ""peek"", ""showAuthorPhotos"": true, ""showBusinessInfo"": true, ""showBusinessName"": true, ""showCallToAction"": true, ""showReviewImages"": true, ""excludedReviewIds"": [], ""fixedBottomOffset"": 16, ""customBusinessName"": ""Akins Collision Center"", ""badgeBackgroundColor"": ""#FFFFFF"", ""callToActionTextColor"": ""#1F2937"", ""drawerBackgroundColor"": ""#FFFFFF"", ""drawerCardBorderColor"": ""#E5E7EB"", ""useCustomBusinessName"": false, ""drawerCardBorderRadius"": 8, ""reviewImageThumbnailSize"": ""medium"", ""drawerCardBackgroundColor"": ""#FFFFFF"", ""callToActionBackgroundColor"": ""#FFFFFF""}"
0f758cf9-b381-4da0-8cb7-5579fc9120c7,SSR Autobody (built by Shah),GOOGLE_REVIEWS_BADGE,Google Reviews Side Peek (Curros)  ,f6e312ec-51de-4701-847f-550667be3a72,True,2025-12-24T23:26:43.515131+00:00,2026-04-28T00:46:30.609+00:00,17288,2026-08-05T09:48:19.021392+00:00,2025-12-24T23:28:38.55+00:00,"{""name"": ""Google Reviews Side Peek (Curros)  "", ""sortBy"": ""highest_rating"", ""placeId"": ""ChIJfVKR4kodTIYREVyPDdTzXDE"", ""starSize"": 24, ""fullWidth"": true, ""showDates"": true, ""textColor"": ""#1F2937"", ""fontFamily"": ""poppins"", ""maxReviews"": 40, ""badgeLayout"": ""centered"", ""compactMode"": false, ""drawerWidth"": 400, ""showRatings"": true, ""badgePadding"": 12, ""borderRadius"": 15, ""positionType"": ""inline"", ""primaryColor"": ""#DC2626"", ""backgroundType"": ""transparent"", ""badgeAlignment"": ""center"", ""filterByImages"": ""images_first"", ""filterByRating"": ""5"", ""googleIconSize"": 24, ""reviewsPerPage"": 10, ""backgroundColor"": ""#FFFFFF"", ""drawerTextColor"": ""#1F2937"", ""fixedLeftOffset"": 16, ""showReviewCount"": true, ""badgeBorderColor"": ""#E5E7EB"", ""callToActionText"": ""Click to read our reviews!"", ""mobileDrawerMode"": ""peek"", ""showAuthorPhotos"": true, ""showBusinessInfo"": true, ""showBusinessName"": true, ""showCallToAction"": true, ""showReviewImages"": true, ""excludedReviewIds"": [], ""fixedBottomOffset"": 16, ""customBusinessName"": """", ""badgeBackgroundColor"": ""#FFFFFF"", ""callToActionTextColor"": ""#1F2937"", ""drawerBackgroundColor"": ""#FFFFFF"", ""drawerCardBorderColor"": ""#E5E7EB"", ""useCustomBusinessName"": false, ""drawerCardBorderRadius"": 8, ""reviewImageThumbnailSize"": ""medium"", ""drawerCardBackgroundColor"": ""#FFFFFF"", ""callToActionBackgroundColor"": ""#FFFFFF""}"
0f758cf9-b381-4da0-8cb7-5579fc9120c7,SSR Autobody (built by Shah),GOOGLE_REVIEWS_BADGE,Google Reviews Side Peek (Electrified Collision),33b4abbb-7193-4217-ae9a-00de299efe4d,True,2026-06-16T19:07:58.890182+00:00,2026-06-16T19:08:48.222+00:00,2818,2026-08-05T01:32:38.148822+00:00,2026-06-16T19:13:55.372+00:00,"{""name"": ""Google Reviews Side Peek (Electrified Collision)"", ""sortBy"": ""highest_rating"", ""placeId"": ""ChIJu9FYphd3wYkRbYhUHkCz_38"", ""starSize"": 24, ""fullWidth"": true, ""showDates"": true, ""textColor"": ""#1F2937"", ""fontFamily"": ""poppins"", ""maxReviews"": 30, ""badgeLayout"": ""centered"", ""compactMode"": false, ""drawerWidth"": 400, ""showRatings"": true, ""badgePadding"": 12, ""borderRadius"": 15, ""positionType"": ""inline"", ""primaryColor"": ""#3694ff"", ""backgroundType"": ""transparent"", ""badgeAlignment"": ""center"", ""filterByImages"": ""images_first"", ""filterByRating"": ""5"", ""googleIconSize"": 24, ""reviewsPerPage"": 10, ""backgroundColor"": ""#FFFFFF"", ""drawerTextColor"": ""#1F2937"", ""fixedLeftOffset"": 16, ""showReviewCount"": true, ""badgeBorderColor"": ""#E5E7EB"", ""callToActionText"": ""Click to read our reviews!"", ""mobileDrawerMode"": ""peek"", ""showAuthorPhotos"": true, ""showBusinessInfo"": true, ""showBusinessName"": true, ""showCallToAction"": true, ""showReviewImages"": true, ""excludedReviewIds"": [], ""fixedBottomOffset"": 16, ""customBusinessName"": ""American Auto Collision "", ""badgeBackgroundColor"": ""#FFFFFF"", ""callToActionTextColor"": ""#1F2937"", ""drawerBackgroundColor"": ""#FFFFFF"", ""drawerCardBorderColor"": ""#E5E7EB"", ""useCustomBusinessName"": false, ""drawerCardBorderRadius"": 8, ""reviewImageThumbnailSize"": ""medium"", ""drawerCardBackgroundColor"": ""#FFFFFF"", ""callToActionBackgroundColor"": ""#FFFFFF""}"
0f758cf9-b381-4da0-8cb7-5579fc9120c7,SSR Autobody (built by Shah),GOOGLE_REVIEWS_BADGE,Google Reviews Side Peek (Elevated Auto & Collision),e2d27089-38ce-419e-bd6d-ab532f9c9b8c,True,2026-06-01T19:46:35.407574+00:00,2026-06-01T19:49:08.46+00:00,3771,2026-08-05T03:25:58.788675+00:00,2026-06-01T19:53:41.538+00:00,"{""name"": ""Google Reviews Side Peek (Elevated Auto & Collision)"", ""sortBy"": ""highest_rating"", ""placeId"": ""ChIJ1Q5JJP3HQIYRQRkw0bNKwg0"", ""starSize"": 24, ""fullWidth"": true, ""showDates"": true, ""textColor"": ""#1F2937"", ""fontFamily"": ""poppins"", ""maxReviews"": 40, ""badgeLayout"": ""centered"", ""compactMode"": false, ""drawerWidth"": 400, ""showRatings"": true, ""badgePadding"": 12, ""borderRadius"": 15, ""positionType"": ""inline"", ""primaryColor"": ""#DC2626"", ""backgroundType"": ""transparent"", ""badgeAlignment"": ""center"", ""filterByImages"": ""images_first"", ""filterByRating"": ""5"", ""googleIconSize"": 24, ""reviewsPerPage"": 10, ""backgroundColor"": ""#FFFFFF"", ""drawerTextColor"": ""#1F2937"", ""fixedLeftOffset"": 16, ""showReviewCount"": true, ""badgeBorderColor"": ""#E5E7EB"", ""callToActionText"": ""Click to read our reviews!"", ""mobileDrawerMode"": ""peek"", ""showAuthorPhotos"": true, ""showBusinessInfo"": true, ""showBusinessName"": true, ""showCallToAction"": true, ""showReviewImages"": true, ""excludedReviewIds"": [], ""fixedBottomOffset"": 16, ""customBusinessName"": ""Akins Collision Center"", ""badgeBackgroundColor"": ""#FFFFFF"", ""callToActionTextColor"": ""#1F2937"", ""drawerBackgroundColor"": ""#FFFFFF"", ""drawerCardBorderColor"": ""#E5E7EB"", ""useCustomBusinessName"": false, ""drawerCardBorderRadius"": 8, ""reviewImageThumbnailSize"": ""medium"", ""drawerCardBackgroundColor"": ""#FFFFFF"", ""callToActionBackgroundColor"": ""#FFFFFF""}"
0f758cf9-b381-4da0-8cb7-5579fc9120c7,SSR Autobody (built by Shah),GOOGLE_REVIEWS_BADGE,Google Reviews Side Peek (Elite Auto Body),034427bf-4094-4e66-9d49-1529f05d0195,True,2026-05-18T20:43:02.097492+00:00,2026-05-18T20:44:34.214+00:00,4554,2026-08-05T06:51:43.169171+00:00,2026-05-18T21:06:50.468+00:00,"{""name"": ""Google Reviews Side Peek (Elite Auto Body)"", ""sortBy"": ""highest_rating"", ""placeId"": ""ChIJZzHliD4nTIYRdnwxh7ij-Xg"", ""starSize"": 24, ""fullWidth"": true, ""showDates"": true, ""textColor"": ""#1F2937"", ""fontFamily"": ""poppins"", ""maxReviews"": 40, ""badgeLayout"": ""centered"", ""compactMode"": false, ""drawerWidth"": 400, ""showRatings"": true, ""badgePadding"": 12, ""borderRadius"": 15, ""positionType"": ""inline"", ""primaryColor"": ""#DC2626"", ""backgroundType"": ""transparent"", ""badgeAlignment"": ""center"", ""filterByImages"": ""images_first"", ""filterByRating"": ""5"", ""googleIconSize"": 24, ""reviewsPerPage"": 10, ""backgroundColor"": ""#FFFFFF"", ""drawerTextColor"": ""#1F2937"", ""fixedLeftOffset"": 16, ""showReviewCount"": true, ""badgeBorderColor"": ""#E5E7EB"", ""callToActionText"": ""Click to read our reviews!"", ""mobileDrawerMode"": ""peek"", ""showAuthorPhotos"": true, ""showBusinessInfo"": true, ""showBusinessName"": true, ""showCallToAction"": true, ""showReviewImages"": true, ""excludedReviewIds"": [], ""fixedBottomOffset"": 16, ""customBusinessName"": ""Santa Ana Body Shop"", ""badgeBackgroundColor"": ""#FFFFFF"", ""callToActionTextColor"": ""#1F2937"", ""drawerBackgroundColor"": ""#FFFFFF"", ""drawerCardBorderColor"": ""#E5E7EB"", ""useCustomBusinessName"": false, ""drawerCardBorderRadius"": 8, ""reviewImageThumbnailSize"": ""medium"", ""drawerCardBackgroundColor"": ""#FFFFFF"", ""callToActionBackgroundColor"": ""#FFFFFF""}"
0f758cf9-b381-4da0-8cb7-5579fc9120c7,SSR Autobody (built by Shah),GOOGLE_REVIEWS_BADGE,Google Reviews Side Peek (Elite Auto Collision),3621e9e3-2bc2-4bd1-9262-1903ac837a02,True,2026-07-08T10:46:54.042597+00:00,2026-07-08T10:48:36.954+00:00,1909,2026-08-05T04:29:29.038228+00:00,2026-07-08T10:59:47.526+00:00,"{""name"": ""Google Reviews Side Peek (Elite Auto Collision)"", ""dataId"": ""0x86e75b2bf9171dab:0xbaa89b219a255196"", ""sortBy"": ""highest_rating"", ""placeId"": ""ChIJqx0X-Stb54YRllElmiGbqLo"", ""starSize"": 24, ""fullWidth"": true, ""showDates"": true, ""textColor"": ""#1F2937"", ""fontFamily"": ""poppins"", ""maxReviews"": 40, ""badgeLayout"": ""centered"", ""compactMode"": false, ""drawerWidth"": 400, ""showRatings"": true, ""badgePadding"": 12, ""borderRadius"": 15, ""positionType"": ""inline"", ""primaryColor"": ""#DC2626"", ""backgroundType"": ""transparent"", ""badgeAlignment"": ""center"", ""filterByImages"": ""images_first"", ""filterByRating"": ""5"", ""googleIconSize"": 24, ""reviewsPerPage"": 10, ""backgroundColor"": ""#FFFFFF"", ""drawerTextColor"": ""#1F2937"", ""fixedLeftOffset"": 16, ""showReviewCount"": true, ""badgeBorderColor"": ""#E5E7EB"", ""callToActionText"": ""Click to read our reviews!"", ""mobileDrawerMode"": ""peek"", ""showAuthorPhotos"": true, ""showBusinessInfo"": true, ""showBusinessName"": true, ""showCallToAction"": true, ""showReviewImages"": true, ""excludedReviewIds"": [], ""fixedBottomOffset"": 16, ""customBusinessName"": ""Akins Collision Center"", ""badgeBackgroundColor"": ""#FFFFFF"", ""callToActionTextColor"": ""#1F2937"", ""drawerBackgroundColor"": ""#FFFFFF"", ""drawerCardBorderColor"": ""#E5E7EB"", ""useCustomBusinessName"": false, ""drawerCardBorderRadius"": 8, ""reviewImageThumbnailSize"": ""medium"", ""drawerCardBackgroundColor"": ""#FFFFFF"", ""callToActionBackgroundColor"": ""#FFFFFF""}"
0f758cf9-b381-4da0-8cb7-5579fc9120c7,SSR Autobody (built by Shah),GOOGLE_REVIEWS_BADGE,Google Reviews Side Peek (Erland Auto Body & Repair),cd1f8b78-d8f8-4523-999f-e26379027d9d,True,2026-06-18T19:51:30.732129+00:00,2026-07-10T17:15:07.698+00:00,3191,2026-08-05T03:10:36.805989+00:00,2026-06-22T17:29:13.489+00:00,"{""name"": ""Google Reviews Side Peek (Erland Auto Body & Repair)"", ""dataId"": ""0x80c2991c6ed24ee3:0xe05d85d3e903ce4"", ""sortBy"": ""highest_rating"", ""placeId"": ""ChIJ407SbhyZwoAR5DyQPl3YBQ4"", ""starSize"": 24, ""fullWidth"": true, ""showDates"": true, ""textColor"": ""#1F2937"", ""fontFamily"": ""poppins"", ""maxReviews"": 30, ""badgeLayout"": ""centered"", ""compactMode"": false, ""drawerWidth"": 400, ""showRatings"": true, ""badgePadding"": 12, ""borderRadius"": 15, ""positionType"": ""inline"", ""primaryColor"": ""#db0000"", ""backgroundType"": ""transparent"", ""badgeAlignment"": ""center"", ""filterByImages"": ""images_first"", ""filterByRating"": ""5"", ""googleIconSize"": 24, ""reviewsPerPage"": 10, ""backgroundColor"": ""#FFFFFF"", ""drawerTextColor"": ""#1F2937"", ""fixedLeftOffset"": 16, ""showReviewCount"": true, ""badgeBorderColor"": ""#E5E7EB"", ""callToActionText"": ""Click to read our reviews!"", ""mobileDrawerMode"": ""peek"", ""showAuthorPhotos"": true, ""showBusinessInfo"": true, ""showBusinessName"": true, ""showCallToAction"": true, ""showReviewImages"": true, ""excludedReviewIds"": [], ""fixedBottomOffset"": 16, ""customBusinessName"": ""American Auto Collision "", ""badgeBackgroundColor"": ""#FFFFFF"", ""callToActionTextColor"": ""#1F2937"", ""drawerBackgroundColor"": ""#FFFFFF"", ""drawerCardBorderColor"": ""#E5E7EB"", ""useCustomBusinessName"": false, ""drawerCardBorderRadius"": 8, ""reviewImageThumbnailSize"": ""medium"", ""drawerCardBackgroundColor"": ""#FFFFFF"", ""callToActionBackgroundColor"": ""#FFFFFF""}"
0f758cf9-b381-4da0-8cb7-5579fc9120c7,SSR Autobody (built by Shah),GOOGLE_REVIEWS_BADGE,Google Reviews Side Peek (F & M Automotive),451fceb3-37a8-4905-ab9b-ee8a4f117465,True,2026-07-08T18:37:12.196712+00:00,2026-07-08T18:38:29.329+00:00,890,2026-08-05T06:07:32.355309+00:00,2026-07-08T18:54:47.746+00:00,"{""name"": ""Google Reviews Side Peek (F & M Automotive)"", ""dataId"": ""0x87c0dd5aef3f18bd:0xe0e49415ab2deaee"", ""sortBy"": ""highest_rating"", ""placeId"": ""ChIJvRg_71rdwIcR7uotqxWU5OA"", ""starSize"": 24, ""fullWidth"": true, ""showDates"": true, ""textColor"": ""#1F2937"", ""fontFamily"": ""poppins"", ""maxReviews"": 30, ""badgeLayout"": ""centered"", ""compactMode"": false, ""drawerWidth"": 400, ""showRatings"": true, ""badgePadding"": 12, ""borderRadius"": 15, ""positionType"": ""inline"", ""primaryColor"": ""#3694ff"", ""backgroundType"": ""transparent"", ""badgeAlignment"": ""center"", ""filterByImages"": ""images_first"", ""filterByRating"": ""5"", ""googleIconSize"": 24, ""reviewsPerPage"": 10, ""backgroundColor"": ""#FFFFFF"", ""drawerTextColor"": ""#1F2937"", ""fixedLeftOffset"": 16, ""showReviewCount"": true, ""badgeBorderColor"": ""#E5E7EB"", ""callToActionText"": ""Click to read our reviews!"", ""mobileDrawerMode"": ""peek"", ""showAuthorPhotos"": true, ""showBusinessInfo"": true, ""showBusinessName"": true, ""showCallToAction"": true, ""showReviewImages"": true, ""excludedReviewIds"": [], ""fixedBottomOffset"": 16, ""customBusinessName"": ""American Auto Collision "", ""badgeBackgroundColor"": ""#FFFFFF"", ""callToActionTextColor"": ""#1F2937"", ""drawerBackgroundColor"": ""#FFFFFF"", ""drawerCardBorderColor"": ""#E5E7EB"", ""useCustomBusinessName"": false, ""drawerCardBorderRadius"": 8, ""reviewImageThumbnailSize"": ""medium"", ""drawerCardBackgroundColor"": ""#FFFFFF"", ""callToActionBackgroundColor"": ""#FFFFFF""}"
0f758cf9-b381-4da0-8cb7-5579fc9120c7,SSR Autobody (built by Shah),GOOGLE_REVIEWS_BADGE,Google Reviews Side Peek (Flex Auto Body) ,6978e764-c5cf-43cb-b427-f24b7acda98c,True,2026-03-04T03:00:40.021471+00:00,2026-04-28T17:32:39.844+00:00,6604,2026-07-24T13:40:39.945533+00:00,2026-03-04T03:02:17.572+00:00,"{""name"": ""Google Reviews Side Peek (Flex Auto Body) "", ""sortBy"": ""highest_rating"", ""placeId"": ""ChIJ8xC05umv2YgRcD_oz_CnIoI"", ""starSize"": 24, ""fullWidth"": true, ""showDates"": true, ""textColor"": ""#1F2937"", ""fontFamily"": ""poppins"", ""maxReviews"": 40, ""badgeLayout"": ""centered"", ""compactMode"": false, ""drawerWidth"": 400, ""showRatings"": true, ""badgePadding"": 12, ""borderRadius"": 15, ""positionType"": ""inline"", ""primaryColor"": ""#DC2626"", ""backgroundType"": ""transparent"", ""badgeAlignment"": ""center"", ""filterByImages"": ""images_first"", ""filterByRating"": ""5"", ""googleIconSize"": 24, ""reviewsPerPage"": 10, ""backgroundColor"": ""#FFFFFF"", ""drawerTextColor"": ""#1F2937"", ""fixedLeftOffset"": 16, ""showReviewCount"": true, ""badgeBorderColor"": ""#E5E7EB"", ""callToActionText"": ""Click to read our reviews!"", ""mobileDrawerMode"": ""peek"", ""showAuthorPhotos"": true, ""showBusinessInfo"": true, ""showBusinessName"": true, ""showCallToAction"": true, ""showReviewImages"": true, ""excludedReviewIds"": [], ""fixedBottomOffset"": 16, ""customBusinessName"": ""Flex Auto Body"", ""badgeBackgroundColor"": ""#FFFFFF"", ""callToActionTextColor"": ""#1F2937"", ""drawerBackgroundColor"": ""#FFFFFF"", ""drawerCardBorderColor"": ""#E5E7EB"", ""useCustomBusinessName"": true, ""drawerCardBorderRadius"": 8, ""reviewImageThumbnailSize"": ""medium"", ""drawerCardBackgroundColor"": ""#FFFFFF"", ""callToActionBackgroundColor"": ""#FFFFFF""}"
0f758cf9-b381-4da0-8cb7-5579fc9120c7,SSR Autobody (built by Shah),GOOGLE_REVIEWS_BADGE,Google Reviews Side Peek (Frankie M's Auto Body),7a541ce5-adde-44ea-8150-e225fcec0181,True,2026-07-14T18:29:57.781041+00:00,2026-07-14T18:32:14.737+00:00,46,2026-08-04T18:50:54.032546+00:00,2026-07-14T18:57:33.193+00:00,"{""name"": ""Google Reviews Side Peek (Frankie M's Auto Body)"", ""dataId"": ""0x89e839bd61409453:0x2a0a6589acb5202b"", ""sortBy"": ""highest_rating"", ""placeId"": ""ChIJU5RAYb056IkRKyC1rIllCio"", ""starSize"": 24, ""fullWidth"": true, ""showDates"": true, ""textColor"": ""#1F2937"", ""fontFamily"": ""poppins"", ""maxReviews"": 30, ""badgeLayout"": ""centered"", ""compactMode"": false, ""drawerWidth"": 400, ""showRatings"": true, ""badgePadding"": 12, ""borderRadius"": 15, ""positionType"": ""inline"", ""primaryColor"": ""#3694ff"", ""backgroundType"": ""transparent"", ""badgeAlignment"": ""center"", ""filterByImages"": ""images_first"", ""filterByRating"": ""5"", ""googleIconSize"": 24, ""reviewsPerPage"": 10, ""backgroundColor"": ""#FFFFFF"", ""drawerTextColor"": ""#1F2937"", ""fixedLeftOffset"": 16, ""showReviewCount"": true, ""badgeBorderColor"": ""#E5E7EB"", ""callToActionText"": ""Click to read our reviews!"", ""mobileDrawerMode"": ""peek"", ""showAuthorPhotos"": true, ""showBusinessInfo"": true, ""showBusinessName"": true, ""showCallToAction"": true, ""showReviewImages"": true, ""excludedReviewIds"": [], ""fixedBottomOffset"": 16, ""customBusinessName"": ""American Auto Collision "", ""badgeBackgroundColor"": ""#FFFFFF"", ""callToActionTextColor"": ""#1F2937"", ""drawerBackgroundColor"": ""#FFFFFF"", ""drawerCardBorderColor"": ""#E5E7EB"", ""useCustomBusinessName"": false, ""drawerCardBorderRadius"": 8, ""reviewImageThumbnailSize"": ""medium"", ""drawerCardBackgroundColor"": ""#FFFFFF"", ""callToActionBackgroundColor"": ""#FFFFFF""}"
0f758cf9-b381-4da0-8cb7-5579fc9120c7,SSR Autobody (built by Shah),GOOGLE_REVIEWS_BADGE,Google Reviews Side Peek (Gary's Auto Collision Center),7b46ccd1-3b65-4db1-ab71-5176af7fc87c,True,2026-07-24T19:50:35.652441+00:00,2026-07-24T19:51:52.672+00:00,44,2026-08-04T18:33:09.570291+00:00,2026-07-24T19:53:38.262+00:00,"{""name"": ""Google Reviews Side Peek (Gary's Auto Collision Center)"", ""dataId"": ""0x80c2866471104371:0x1d5c818959eb4cbe"", ""sortBy"": ""highest_rating"", ""placeId"": ""ChIJcUMQcWSGwoARvkzrWYmBXB0"", ""starSize"": 24, ""fullWidth"": true, ""showDates"": true, ""textColor"": ""#1F2937"", ""fontFamily"": ""poppins"", ""maxReviews"": 40, ""badgeLayout"": ""centered"", ""compactMode"": false, ""drawerWidth"": 400, ""showRatings"": true, ""badgePadding"": 12, ""borderRadius"": 15, ""positionType"": ""inline"", ""primaryColor"": ""#DC2626"", ""backgroundType"": ""transparent"", ""badgeAlignment"": ""center"", ""filterByImages"": ""images_first"", ""filterByRating"": ""5"", ""googleIconSize"": 24, ""reviewsPerPage"": 10, ""backgroundColor"": ""#FFFFFF"", ""drawerTextColor"": ""#1F2937"", ""fixedLeftOffset"": 16, ""showReviewCount"": true, ""badgeBorderColor"": ""#E5E7EB"", ""callToActionText"": ""Click to read our reviews!"", ""mobileDrawerMode"": ""peek"", ""showAuthorPhotos"": true, ""showBusinessInfo"": true, ""showBusinessName"": true, ""showCallToAction"": true, ""showReviewImages"": true, ""excludedReviewIds"": [], ""fixedBottomOffset"": 16, ""customBusinessName"": ""Akins Collision Center"", ""badgeBackgroundColor"": ""#FFFFFF"", ""callToActionTextColor"": ""#1F2937"", ""drawerBackgroundColor"": ""#FFFFFF"", ""drawerCardBorderColor"": ""#E5E7EB"", ""useCustomBusinessName"": false, ""drawerCardBorderRadius"": 8, ""reviewImageThumbnailSize"": ""medium"", ""drawerCardBackgroundColor"": ""#FFFFFF"", ""callToActionBackgroundColor"": ""#FFFFFF""}"
0f758cf9-b381-4da0-8cb7-5579fc9120c7,SSR Autobody (built by Shah),GOOGLE_REVIEWS_BADGE,Google Reviews Side Peek (Hyperion Auto Repair),50a9e8aa-b360-4151-ab73-957d0b6d9472,True,2026-07-02T23:16:24.045457+00:00,2026-07-02T23:17:36.738+00:00,1994,2026-08-05T09:21:38.827152+00:00,2026-07-02T23:22:32.915+00:00,"{""name"": ""Google Reviews Side Peek (Hyperion Auto Repair)"", ""dataId"": ""0x80c2c7358ad15843:0x900b71543b8a8409"", ""sortBy"": ""highest_rating"", ""placeId"": ""ChIJQ1jRijXHwoARCYSKO1RxC5A"", ""starSize"": 24, ""fullWidth"": true, ""showDates"": true, ""textColor"": ""#1F2937"", ""fontFamily"": ""poppins"", ""maxReviews"": 30, ""badgeLayout"": ""centered"", ""compactMode"": false, ""drawerWidth"": 400, ""showRatings"": true, ""badgePadding"": 12, ""borderRadius"": 15, ""positionType"": ""inline"", ""primaryColor"": ""#3694ff"", ""backgroundType"": ""transparent"", ""badgeAlignment"": ""center"", ""filterByImages"": ""images_first"", ""filterByRating"": ""5"", ""googleIconSize"": 24, ""reviewsPerPage"": 10, ""backgroundColor"": ""#FFFFFF"", ""drawerTextColor"": ""#1F2937"", ""fixedLeftOffset"": 16, ""showReviewCount"": true, ""badgeBorderColor"": ""#E5E7EB"", ""callToActionText"": ""Click to read our reviews!"", ""mobileDrawerMode"": ""peek"", ""showAuthorPhotos"": true, ""showBusinessInfo"": true, ""showBusinessName"": true, ""showCallToAction"": true, ""showReviewImages"": true, ""excludedReviewIds"": [], ""fixedBottomOffset"": 16, ""customBusinessName"": ""American Auto Collision "", ""badgeBackgroundColor"": ""#FFFFFF"", ""callToActionTextColor"": ""#1F2937"", ""drawerBackgroundColor"": ""#FFFFFF"", ""drawerCardBorderColor"": ""#E5E7EB"", ""useCustomBusinessName"": false, ""drawerCardBorderRadius"": 8, ""reviewImageThumbnailSize"": ""medium"", ""drawerCardBackgroundColor"": ""#FFFFFF"", ""callToActionBackgroundColor"": ""#FFFFFF""}"
0f758cf9-b381-4da0-8cb7-5579fc9120c7,SSR Autobody (built by Shah),GOOGLE_REVIEWS_BADGE,Google Reviews Side Peek (International Auto )  ,5fbb917a-250d-400e-b3ad-e8ab2e3d2a75,True,2025-12-29T20:57:03.745269+00:00,2026-04-28T00:47:05.714+00:00,900,2026-07-29T20:43:14.128351+00:00,2025-12-29T21:02:32.489+00:00,"{""name"": ""Google Reviews Side Peek (International Auto )  "", ""sortBy"": ""highest_rating"", ""placeId"": ""ChIJcenzHsnDQIYRG52rRJqOqNs"", ""starSize"": 24, ""fullWidth"": true, ""showDates"": true, ""textColor"": ""#1F2937"", ""fontFamily"": ""poppins"", ""maxReviews"": 40, ""badgeLayout"": ""centered"", ""compactMode"": false, ""drawerWidth"": 400, ""showRatings"": true, ""badgePadding"": 12, ""borderRadius"": 15, ""positionType"": ""inline"", ""primaryColor"": ""#DC2626"", ""backgroundType"": ""transparent"", ""badgeAlignment"": ""center"", ""filterByImages"": ""images_first"", ""filterByRating"": ""5"", ""googleIconSize"": 24, ""reviewsPerPage"": 10, ""backgroundColor"": ""#FFFFFF"", ""drawerTextColor"": ""#1F2937"", ""fixedLeftOffset"": 16, ""showReviewCount"": true, ""badgeBorderColor"": ""#E5E7EB"", ""callToActionText"": ""Click to read our reviews!"", ""mobileDrawerMode"": ""peek"", ""showAuthorPhotos"": true, ""showBusinessInfo"": true, ""showBusinessName"": true, ""showCallToAction"": true, ""showReviewImages"": true, ""excludedReviewIds"": [], ""fixedBottomOffset"": 16, ""customBusinessName"": ""International Auto Collision "", ""badgeBackgroundColor"": ""#FFFFFF"", ""callToActionTextColor"": ""#1F2937"", ""drawerBackgroundColor"": ""#FFFFFF"", ""drawerCardBorderColor"": ""#E5E7EB"", ""useCustomBusinessName"": true, ""drawerCardBorderRadius"": 8, ""reviewImageThumbnailSize"": ""medium"", ""drawerCardBackgroundColor"": ""#FFFFFF"", ""callToActionBackgroundColor"": ""#FFFFFF""}"
0f758cf9-b381-4da0-8cb7-5579fc9120c7,SSR Autobody (built by Shah),GOOGLE_REVIEWS_BADGE,Google Reviews Side Peek (LG Auto Body Fairfax) ,24cbff4f-2554-48fb-b634-d266e035d26c,True,2026-02-13T23:46:40.574559+00:00,2026-04-28T00:49:03.719+00:00,10714,2026-08-05T08:27:19.267877+00:00,2026-02-13T23:46:55.107+00:00,"{""name"": ""Google Reviews Side Peek (LG Auto Body Fairfax) "", ""sortBy"": ""highest_rating"", ""placeId"": ""ChIJCzSqqkHNt4kRBUoAUeK-Xtw"", ""starSize"": 24, ""fullWidth"": true, ""showDates"": true, ""textColor"": ""#1F2937"", ""fontFamily"": ""poppins"", ""maxReviews"": 40, ""badgeLayout"": ""centered"", ""compactMode"": false, ""drawerWidth"": 400, ""showRatings"": true, ""badgePadding"": 12, ""borderRadius"": 15, ""positionType"": ""inline"", ""primaryColor"": ""#DC2626"", ""backgroundType"": ""transparent"", ""badgeAlignment"": ""center"", ""filterByImages"": ""images_first"", ""filterByRating"": ""5"", ""googleIconSize"": 24, ""reviewsPerPage"": 10, ""backgroundColor"": ""#FFFFFF"", ""drawerTextColor"": ""#1F2937"", ""fixedLeftOffset"": 16, ""showReviewCount"": true, ""badgeBorderColor"": ""#E5E7EB"", ""callToActionText"": ""Click to read our reviews!"", ""mobileDrawerMode"": ""peek"", ""showAuthorPhotos"": true, ""showBusinessInfo"": true, ""showBusinessName"": true, ""showCallToAction"": true, ""showReviewImages"": true, ""excludedReviewIds"": [], ""fixedBottomOffset"": 16, ""customBusinessName"": ""LG Auto Body "", ""badgeBackgroundColor"": ""#FFFFFF"", ""callToActionTextColor"": ""#1F2937"", ""drawerBackgroundColor"": ""#FFFFFF"", ""drawerCardBorderColor"": ""#E5E7EB"", ""useCustomBusinessName"": true, ""drawerCardBorderRadius"": 8, ""reviewImageThumbnailSize"": ""medium"", ""drawerCardBackgroundColor"": ""#FFFFFF"", ""callToActionBackgroundColor"": ""#FFFFFF""}"
0f758cf9-b381-4da0-8cb7-5579fc9120c7,SSR Autobody (built by Shah),GOOGLE_REVIEWS_BADGE,Google Reviews Side Peek (LG Auto Body) ,9d358449-a06e-41e8-bced-bbe3b7fcbfcd,True,2025-11-18T23:55:57.22618+00:00,2026-04-28T00:45:13.226+00:00,22129,2026-08-05T07:57:30.350629+00:00,2025-11-18T23:55:57.22618+00:00,"{""name"": ""Google Reviews Side Peek (LG Auto Body) "", ""sortBy"": ""highest_rating"", ""placeId"": ""ChIJCzSqqkHNt4kRBUoAUeK-Xtw"", ""starSize"": 24, ""fullWidth"": true, ""showDates"": true, ""textColor"": ""#1F2937"", ""fontFamily"": ""poppins"", ""maxReviews"": 40, ""badgeLayout"": ""centered"", ""compactMode"": false, ""drawerWidth"": 400, ""showRatings"": true, ""badgePadding"": 12, ""borderRadius"": 15, ""positionType"": ""inline"", ""primaryColor"": ""#DC2626"", ""backgroundType"": ""transparent"", ""badgeAlignment"": ""center"", ""filterByImages"": ""images_first"", ""filterByRating"": ""5"", ""googleIconSize"": 24, ""reviewsPerPage"": 10, ""backgroundColor"": ""#FFFFFF"", ""drawerTextColor"": ""#1F2937"", ""fixedLeftOffset"": 16, ""showReviewCount"": true, ""badgeBorderColor"": ""#E5E7EB"", ""callToActionText"": ""Click to read our reviews!"", ""mobileDrawerMode"": ""peek"", ""showAuthorPhotos"": true, ""showBusinessInfo"": true, ""showBusinessName"": true, ""showCallToAction"": true, ""showReviewImages"": true, ""excludedReviewIds"": [], ""fixedBottomOffset"": 16, ""customBusinessName"": """", ""badgeBackgroundColor"": ""#FFFFFF"", ""callToActionTextColor"": ""#1F2937"", ""drawerBackgroundColor"": ""#FFFFFF"", ""drawerCardBorderColor"": ""#E5E7EB"", ""useCustomBusinessName"": false, ""drawerCardBorderRadius"": 8, ""reviewImageThumbnailSize"": ""medium"", ""drawerCardBackgroundColor"": ""#FFFFFF"", ""callToActionBackgroundColor"": ""#FFFFFF""}"
0f758cf9-b381-4da0-8cb7-5579fc9120c7,SSR Autobody (built by Shah),GOOGLE_REVIEWS_BADGE,Google Reviews Side Peek (Lone Star Auto Body),2ba60a2d-1f84-4785-8a02-85996b403637,True,2026-05-26T05:06:01.78754+00:00,2026-05-26T05:07:07.705+00:00,5080,2026-08-05T08:01:23.096928+00:00,2026-05-29T02:05:47.912+00:00,"{""name"": ""Google Reviews Side Peek (Lone Star Auto Body)"", ""sortBy"": ""highest_rating"", ""placeId"": ""ChIJVyv-VaHPRIYRpnH0vKV-9-k"", ""starSize"": 24, ""fullWidth"": true, ""showDates"": true, ""textColor"": ""#1F2937"", ""fontFamily"": ""poppins"", ""maxReviews"": 30, ""badgeLayout"": ""centered"", ""compactMode"": false, ""drawerWidth"": 400, ""showRatings"": true, ""badgePadding"": 12, ""borderRadius"": 15, ""positionType"": ""inline"", ""primaryColor"": ""#3694ff"", ""backgroundType"": ""transparent"", ""badgeAlignment"": ""center"", ""filterByImages"": ""images_first"", ""filterByRating"": ""5"", ""googleIconSize"": 24, ""reviewsPerPage"": 10, ""backgroundColor"": ""#FFFFFF"", ""drawerTextColor"": ""#1F2937"", ""fixedLeftOffset"": 16, ""showReviewCount"": true, ""badgeBorderColor"": ""#E5E7EB"", ""callToActionText"": ""Click to read our reviews!"", ""mobileDrawerMode"": ""peek"", ""showAuthorPhotos"": true, ""showBusinessInfo"": true, ""showBusinessName"": true, ""showCallToAction"": true, ""showReviewImages"": true, ""excludedReviewIds"": [], ""fixedBottomOffset"": 16, ""customBusinessName"": ""American Auto Collision "", ""badgeBackgroundColor"": ""#FFFFFF"", ""callToActionTextColor"": ""#1F2937"", ""drawerBackgroundColor"": ""#FFFFFF"", ""drawerCardBorderColor"": ""#E5E7EB"", ""useCustomBusinessName"": false, ""drawerCardBorderRadius"": 8, ""reviewImageThumbnailSize"": ""medium"", ""drawerCardBackgroundColor"": ""#FFFFFF"", ""callToActionBackgroundColor"": ""#FFFFFF""}"
0f758cf9-b381-4da0-8cb7-5579fc9120c7,SSR Autobody (built by Shah),GOOGLE_REVIEWS_BADGE,Google Reviews Side Peek (Makka Auto Body),ef48b290-0c81-49ac-b2b0-4ee072711eeb,True,2026-02-10T21:56:33.456265+00:00,2026-04-28T00:51:27.211+00:00,19998,2026-08-05T07:43:08.762073+00:00,2026-02-10T21:59:02.127+00:00,"{""name"": ""Google Reviews Side Peek (Makka Auto Body)"", ""sortBy"": ""highest_rating"", ""placeId"": ""ChIJW89L4vAnTIYRHMuRzaBVQDQ"", ""starSize"": 24, ""fullWidth"": true, ""showDates"": true, ""textColor"": ""#1F2937"", ""fontFamily"": ""poppins"", ""maxReviews"": 40, ""badgeLayout"": ""centered"", ""compactMode"": false, ""drawerWidth"": 400, ""showRatings"": true, ""badgePadding"": 12, ""borderRadius"": 15, ""positionType"": ""inline"", ""primaryColor"": ""#DC2626"", ""backgroundType"": ""transparent"", ""badgeAlignment"": ""center"", ""filterByImages"": ""images_first"", ""filterByRating"": ""5"", ""googleIconSize"": 24, ""reviewsPerPage"": 10, ""backgroundColor"": ""#FFFFFF"", ""drawerTextColor"": ""#1F2937"", ""fixedLeftOffset"": 16, ""showReviewCount"": true, ""badgeBorderColor"": ""#E5E7EB"", ""callToActionText"": ""Click to read our reviews!"", ""mobileDrawerMode"": ""peek"", ""showAuthorPhotos"": true, ""showBusinessInfo"": true, ""showBusinessName"": true, ""showCallToAction"": true, ""showReviewImages"": true, ""excludedReviewIds"": [], ""fixedBottomOffset"": 16, ""customBusinessName"": ""Makka Auto Body "", ""badgeBackgroundColor"": ""#FFFFFF"", ""callToActionTextColor"": ""#1F2937"", ""drawerBackgroundColor"": ""#FFFFFF"", ""drawerCardBorderColor"": ""#E5E7EB"", ""useCustomBusinessName"": true, ""drawerCardBorderRadius"": 8, ""reviewImageThumbnailSize"": ""medium"", ""drawerCardBackgroundColor"": ""#FFFFFF"", ""callToActionBackgroundColor"": ""#FFFFFF""}"
0f758cf9-b381-4da0-8cb7-5579fc9120c7,SSR Autobody (built by Shah),GOOGLE_REVIEWS_BADGE,Google Reviews Side Peek (National Autp Shop) ,db1b4923-1032-4693-a62a-08cef4679b0e,True,2026-03-23T22:08:55.803531+00:00,2026-04-28T00:40:13.053+00:00,5632,2026-08-05T07:31:42.965487+00:00,2026-03-23T22:11:01.909+00:00,"{""name"": ""Google Reviews Side Peek (National Autp Shop) "", ""sortBy"": ""highest_rating"", ""placeId"": ""ChIJlfWWE_-JTIYRxtoQLq71L1w"", ""starSize"": 24, ""fullWidth"": true, ""showDates"": true, ""textColor"": ""#1F2937"", ""fontFamily"": ""poppins"", ""maxReviews"": 30, ""badgeLayout"": ""centered"", ""compactMode"": false, ""drawerWidth"": 400, ""showRatings"": true, ""badgePadding"": 12, ""borderRadius"": 15, ""positionType"": ""inline"", ""primaryColor"": ""#3694ff"", ""backgroundType"": ""transparent"", ""badgeAlignment"": ""center"", ""filterByImages"": ""images_first"", ""filterByRating"": ""5"", ""googleIconSize"": 24, ""reviewsPerPage"": 10, ""backgroundColor"": ""#FFFFFF"", ""drawerTextColor"": ""#1F2937"", ""fixedLeftOffset"": 16, ""showReviewCount"": true, ""badgeBorderColor"": ""#E5E7EB"", ""callToActionText"": ""Click to read our reviews!"", ""mobileDrawerMode"": ""peek"", ""showAuthorPhotos"": true, ""showBusinessInfo"": true, ""showBusinessName"": true, ""showCallToAction"": true, ""showReviewImages"": true, ""excludedReviewIds"": [], ""fixedBottomOffset"": 16, ""customBusinessName"": ""Auto Arena Body Shop"", ""badgeBackgroundColor"": ""#FFFFFF"", ""callToActionTextColor"": ""#1F2937"", ""drawerBackgroundColor"": ""#FFFFFF"", ""drawerCardBorderColor"": ""#E5E7EB"", ""useCustomBusinessName"": false, ""drawerCardBorderRadius"": 8, ""reviewImageThumbnailSize"": ""medium"", ""drawerCardBackgroundColor"": ""#FFFFFF"", ""callToActionBackgroundColor"": ""#FFFFFF""}"
0f758cf9-b381-4da0-8cb7-5579fc9120c7,SSR Autobody (built by Shah),GOOGLE_REVIEWS_BADGE,Google Reviews Side Peek (P&C Collision Center),eba46681-661c-4fd4-b48c-73f7e293ad0d,True,2026-06-15T18:35:46.00494+00:00,2026-06-15T18:36:49.156+00:00,2322,2026-08-04T19:47:48.52019+00:00,2026-06-15T18:42:50.078+00:00,"{""name"": ""Google Reviews Side Peek (P&C Collision Center)"", ""sortBy"": ""highest_rating"", ""placeId"": ""ChIJ5Zc-VOcnTIYRecWnRKWBnmo"", ""starSize"": 24, ""fullWidth"": true, ""showDates"": true, ""textColor"": ""#1F2937"", ""fontFamily"": ""poppins"", ""maxReviews"": 40, ""badgeLayout"": ""centered"", ""compactMode"": false, ""drawerWidth"": 400, ""showRatings"": true, ""badgePadding"": 12, ""borderRadius"": 15, ""positionType"": ""inline"", ""primaryColor"": ""#DC2626"", ""backgroundType"": ""transparent"", ""badgeAlignment"": ""center"", ""filterByImages"": ""images_first"", ""filterByRating"": ""5"", ""googleIconSize"": 24, ""reviewsPerPage"": 10, ""backgroundColor"": ""#FFFFFF"", ""drawerTextColor"": ""#1F2937"", ""fixedLeftOffset"": 16, ""showReviewCount"": true, ""badgeBorderColor"": ""#E5E7EB"", ""callToActionText"": ""Click to read our reviews!"", ""mobileDrawerMode"": ""peek"", ""showAuthorPhotos"": true, ""showBusinessInfo"": true, ""showBusinessName"": true, ""showCallToAction"": true, ""showReviewImages"": true, ""excludedReviewIds"": [], ""fixedBottomOffset"": 16, ""customBusinessName"": ""Akins Collision Center"", ""badgeBackgroundColor"": ""#FFFFFF"", ""callToActionTextColor"": ""#1F2937"", ""drawerBackgroundColor"": ""#FFFFFF"", ""drawerCardBorderColor"": ""#E5E7EB"", ""useCustomBusinessName"": false, ""drawerCardBorderRadius"": 8, ""reviewImageThumbnailSize"": ""medium"", ""drawerCardBackgroundColor"": ""#FFFFFF"", ""callToActionBackgroundColor"": ""#FFFFFF""}"
0f758cf9-b381-4da0-8cb7-5579fc9120c7,SSR Autobody (built by Shah),GOOGLE_REVIEWS_BADGE,Google Reviews Side Peek (Pacific Rims Auto Body Shop),0327287b-62bf-41ff-ba92-11a712ce9d46,True,2026-07-23T18:24:34.754966+00:00,2026-07-23T18:25:28.718+00:00,259,2026-08-05T08:38:38.860926+00:00,2026-07-23T18:29:09.612+00:00,"{""name"": ""Google Reviews Side Peek (Pacific Rims Auto Body Shop)"", ""dataId"": ""0x80c2c9925b5b82e3:0xa5b48cab266ee33a"", ""sortBy"": ""highest_rating"", ""placeId"": ""ChIJ44JbW5LJwoAROuNuJquMtKU"", ""starSize"": 24, ""fullWidth"": true, ""showDates"": true, ""textColor"": ""#1F2937"", ""fontFamily"": ""poppins"", ""maxReviews"": 30, ""badgeLayout"": ""centered"", ""compactMode"": false, ""drawerWidth"": 400, ""showRatings"": true, ""badgePadding"": 12, ""borderRadius"": 15, ""positionType"": ""inline"", ""primaryColor"": ""#3694ff"", ""backgroundType"": ""transparent"", ""badgeAlignment"": ""center"", ""filterByImages"": ""images_first"", ""filterByRating"": ""5"", ""googleIconSize"": 24, ""reviewsPerPage"": 10, ""backgroundColor"": ""#FFFFFF"", ""drawerTextColor"": ""#1F2937"", ""fixedLeftOffset"": 16, ""showReviewCount"": true, ""badgeBorderColor"": ""#E5E7EB"", ""callToActionText"": ""Click to read our reviews!"", ""mobileDrawerMode"": ""peek"", ""showAuthorPhotos"": true, ""showBusinessInfo"": true, ""showBusinessName"": true, ""showCallToAction"": true, ""showReviewImages"": true, ""excludedReviewIds"": [], ""fixedBottomOffset"": 16, ""customBusinessName"": ""American Auto Collision "", ""badgeBackgroundColor"": ""#FFFFFF"", ""callToActionTextColor"": ""#1F2937"", ""drawerBackgroundColor"": ""#FFFFFF"", ""drawerCardBorderColor"": ""#E5E7EB"", ""useCustomBusinessName"": false, ""drawerCardBorderRadius"": 8, ""reviewImageThumbnailSize"": ""medium"", ""drawerCardBackgroundColor"": ""#FFFFFF"", ""callToActionBackgroundColor"": ""#FFFFFF""}"
0f758cf9-b381-4da0-8cb7-5579fc9120c7,SSR Autobody (built by Shah),GOOGLE_REVIEWS_BADGE,Google Reviews Side Peek (Pazi Performance),7c2365bb-828c-4dd0-9864-3e31e2f61dc8,True,2026-07-13T19:05:24.357108+00:00,2026-07-13T19:05:54.753+00:00,928,2026-08-05T09:27:50.895677+00:00,2026-07-13T19:08:15.958+00:00,"{""name"": ""Google Reviews Side Peek (Pazi Performance)"", ""dataId"": ""0x80c2bfe34e921ced:0x57bf8a4cc722177d"", ""sortBy"": ""highest_rating"", ""placeId"": ""ChIJ7RySTuO_woARfRcix0yKv1c"", ""starSize"": 24, ""fullWidth"": true, ""showDates"": true, ""textColor"": ""#1F2937"", ""fontFamily"": ""poppins"", ""maxReviews"": 30, ""badgeLayout"": ""centered"", ""compactMode"": false, ""drawerWidth"": 400, ""showRatings"": true, ""badgePadding"": 12, ""borderRadius"": 15, ""positionType"": ""inline"", ""primaryColor"": ""#3694ff"", ""backgroundType"": ""transparent"", ""badgeAlignment"": ""center"", ""filterByImages"": ""images_first"", ""filterByRating"": ""5"", ""googleIconSize"": 24, ""reviewsPerPage"": 10, ""backgroundColor"": ""#FFFFFF"", ""drawerTextColor"": ""#1F2937"", ""fixedLeftOffset"": 16, ""showReviewCount"": true, ""badgeBorderColor"": ""#E5E7EB"", ""callToActionText"": ""Click to read our reviews!"", ""mobileDrawerMode"": ""peek"", ""showAuthorPhotos"": true, ""showBusinessInfo"": true, ""showBusinessName"": true, ""showCallToAction"": true, ""showReviewImages"": true, ""excludedReviewIds"": [], ""fixedBottomOffset"": 16, ""customBusinessName"": ""American Auto Collision "", ""badgeBackgroundColor"": ""#FFFFFF"", ""callToActionTextColor"": ""#1F2937"", ""drawerBackgroundColor"": ""#FFFFFF"", ""drawerCardBorderColor"": ""#E5E7EB"", ""useCustomBusinessName"": false, ""drawerCardBorderRadius"": 8, ""reviewImageThumbnailSize"": ""medium"", ""drawerCardBackgroundColor"": ""#FFFFFF"", ""callToActionBackgroundColor"": ""#FFFFFF""}"
0f758cf9-b381-4da0-8cb7-5579fc9120c7,SSR Autobody (built by Shah),GOOGLE_REVIEWS_BADGE,Google Reviews Side Peek (Pit Stop Collision),34e5df00-e818-4b58-b39c-fbf27c06d64e,True,2026-03-24T21:50:50.372484+00:00,2026-04-28T17:32:57.867+00:00,12533,2026-08-05T06:59:10.975814+00:00,2026-03-24T21:53:03.366+00:00,"{""name"": ""Google Reviews Side Peek (Pit Stop Collision)"", ""sortBy"": ""highest_rating"", ""placeId"": ""ChIJbemsd60xw4ARxaaMI3VBAm4"", ""starSize"": 24, ""fullWidth"": true, ""showDates"": true, ""textColor"": ""#1F2937"", ""fontFamily"": ""poppins"", ""maxReviews"": 40, ""badgeLayout"": ""centered"", ""compactMode"": false, ""drawerWidth"": 400, ""showRatings"": true, ""badgePadding"": 12, ""borderRadius"": 15, ""positionType"": ""inline"", ""primaryColor"": ""#DC2626"", ""backgroundType"": ""transparent"", ""badgeAlignment"": ""center"", ""filterByImages"": ""images_first"", ""filterByRating"": ""5"", ""googleIconSize"": 24, ""reviewsPerPage"": 10, ""backgroundColor"": ""#FFFFFF"", ""drawerTextColor"": ""#1F2937"", ""fixedLeftOffset"": 16, ""showReviewCount"": true, ""badgeBorderColor"": ""#E5E7EB"", ""callToActionText"": ""Click to read our reviews!"", ""mobileDrawerMode"": ""peek"", ""showAuthorPhotos"": true, ""showBusinessInfo"": true, ""showBusinessName"": true, ""showCallToAction"": true, ""showReviewImages"": true, ""excludedReviewIds"": [], ""fixedBottomOffset"": 16, ""customBusinessName"": ""Pit Stop Auto Collision "", ""badgeBackgroundColor"": ""#FFFFFF"", ""callToActionTextColor"": ""#1F2937"", ""drawerBackgroundColor"": ""#FFFFFF"", ""drawerCardBorderColor"": ""#E5E7EB"", ""useCustomBusinessName"": true, ""drawerCardBorderRadius"": 8, ""reviewImageThumbnailSize"": ""medium"", ""drawerCardBackgroundColor"": ""#FFFFFF"", ""callToActionBackgroundColor"": ""#FFFFFF""}"
0f758cf9-b381-4da0-8cb7-5579fc9120c7,SSR Autobody (built by Shah),GOOGLE_REVIEWS_BADGE,Google Reviews Side Peek (Platinum Auto Collision),e1906cd3-231d-4c93-a7fc-25a9797be9d9,True,2026-07-21T17:30:10.084558+00:00,2026-07-21T17:31:13.951+00:00,54,2026-08-04T18:55:10.681918+00:00,2026-07-21T17:34:10.861+00:00,"{""name"": ""Google Reviews Side Peek (Platinum Auto Collision)"", ""dataId"": ""0x864e7d2c19b2c681:0x47845a23fb2ccc2"", ""sortBy"": ""highest_rating"", ""placeId"": ""ChIJgcayGSx9ToYRwsyyP6JFeAQ"", ""starSize"": 24, ""fullWidth"": true, ""showDates"": true, ""textColor"": ""#1F2937"", ""fontFamily"": ""poppins"", ""maxReviews"": 40, ""badgeLayout"": ""centered"", ""compactMode"": false, ""drawerWidth"": 400, ""showRatings"": true, ""badgePadding"": 12, ""borderRadius"": 15, ""positionType"": ""inline"", ""primaryColor"": ""#DC2626"", ""backgroundType"": ""transparent"", ""badgeAlignment"": ""center"", ""filterByImages"": ""images_first"", ""filterByRating"": ""5"", ""googleIconSize"": 24, ""reviewsPerPage"": 10, ""backgroundColor"": ""#FFFFFF"", ""drawerTextColor"": ""#1F2937"", ""fixedLeftOffset"": 16, ""showReviewCount"": true, ""badgeBorderColor"": ""#E5E7EB"", ""callToActionText"": ""Click to read our reviews!"", ""mobileDrawerMode"": ""peek"", ""showAuthorPhotos"": true, ""showBusinessInfo"": true, ""showBusinessName"": true, ""showCallToAction"": true, ""showReviewImages"": true, ""excludedReviewIds"": [], ""fixedBottomOffset"": 16, ""customBusinessName"": ""Akins Collision Center"", ""badgeBackgroundColor"": ""#FFFFFF"", ""callToActionTextColor"": ""#1F2937"", ""drawerBackgroundColor"": ""#FFFFFF"", ""drawerCardBorderColor"": ""#E5E7EB"", ""useCustomBusinessName"": false, ""drawerCardBorderRadius"": 8, ""reviewImageThumbnailSize"": ""medium"", ""drawerCardBackgroundColor"": ""#FFFFFF"", ""callToActionBackgroundColor"": ""#FFFFFF""}"
0f758cf9-b381-4da0-8cb7-5579fc9120c7,SSR Autobody (built by Shah),GOOGLE_REVIEWS_BADGE,Google Reviews Side Peek (Pompano Auto Service),4706ac03-6863-4473-b1f4-eac471d57eae,True,2026-06-02T19:33:41.070498+00:00,2026-06-02T19:34:37.449+00:00,2835,2026-08-05T07:05:51.352174+00:00,2026-06-02T19:38:27.084+00:00,"{""name"": ""Google Reviews Side Peek (Pompano Auto Service)"", ""sortBy"": ""highest_rating"", ""placeId"": ""ChIJ_ZICqFoC2YgRIpDwci-0bGs"", ""starSize"": 24, ""fullWidth"": true, ""showDates"": true, ""textColor"": ""#1F2937"", ""fontFamily"": ""poppins"", ""maxReviews"": 30, ""badgeLayout"": ""centered"", ""compactMode"": false, ""drawerWidth"": 400, ""showRatings"": true, ""badgePadding"": 12, ""borderRadius"": 15, ""positionType"": ""inline"", ""primaryColor"": ""#3694ff"", ""backgroundType"": ""transparent"", ""badgeAlignment"": ""center"", ""filterByImages"": ""images_first"", ""filterByRating"": ""5"", ""googleIconSize"": 24, ""reviewsPerPage"": 10, ""backgroundColor"": ""#FFFFFF"", ""drawerTextColor"": ""#1F2937"", ""fixedLeftOffset"": 16, ""showReviewCount"": true, ""badgeBorderColor"": ""#E5E7EB"", ""callToActionText"": ""Click to read our reviews!"", ""mobileDrawerMode"": ""peek"", ""showAuthorPhotos"": true, ""showBusinessInfo"": true, ""showBusinessName"": true, ""showCallToAction"": true, ""showReviewImages"": true, ""excludedReviewIds"": [], ""fixedBottomOffset"": 16, ""customBusinessName"": ""American Auto Collision "", ""badgeBackgroundColor"": ""#FFFFFF"", ""callToActionTextColor"": ""#1F2937"", ""drawerBackgroundColor"": ""#FFFFFF"", ""drawerCardBorderColor"": ""#E5E7EB"", ""useCustomBusinessName"": false, ""drawerCardBorderRadius"": 8, ""reviewImageThumbnailSize"": ""medium"", ""drawerCardBackgroundColor"": ""#FFFFFF"", ""callToActionBackgroundColor"": ""#FFFFFF""}"
0f758cf9-b381-4da0-8cb7-5579fc9120c7,SSR Autobody (built by Shah),GOOGLE_REVIEWS_BADGE,Google Reviews Side Peek (Premier Auto Collision),9354557c-6f9f-4e89-9e7f-1d955b546606,True,2026-07-16T18:42:16.771529+00:00,2026-07-16T18:43:37.516+00:00,43,2026-08-04T19:39:08.790815+00:00,2026-07-16T18:46:43.209+00:00,"{""name"": ""Google Reviews Side Peek (Premier Auto Collision)"", ""dataId"": ""0x89c25f838f4ea2bf:0xf21a291398b9b567"", ""sortBy"": ""highest_rating"", ""placeId"": ""ChIJv6JOj4NfwokRZ7W5mBMpGvI"", ""starSize"": 24, ""fullWidth"": true, ""showDates"": true, ""textColor"": ""#1F2937"", ""fontFamily"": ""poppins"", ""maxReviews"": 30, ""badgeLayout"": ""centered"", ""compactMode"": false, ""drawerWidth"": 400, ""showRatings"": true, ""badgePadding"": 12, ""borderRadius"": 15, ""positionType"": ""inline"", ""primaryColor"": ""#3694ff"", ""backgroundType"": ""transparent"", ""badgeAlignment"": ""center"", ""filterByImages"": ""images_first"", ""filterByRating"": ""5"", ""googleIconSize"": 24, ""reviewsPerPage"": 10, ""backgroundColor"": ""#FFFFFF"", ""drawerTextColor"": ""#1F2937"", ""fixedLeftOffset"": 16, ""showReviewCount"": true, ""badgeBorderColor"": ""#E5E7EB"", ""callToActionText"": ""Click to read our reviews!"", ""mobileDrawerMode"": ""peek"", ""showAuthorPhotos"": true, ""showBusinessInfo"": true, ""showBusinessName"": true, ""showCallToAction"": true, ""showReviewImages"": true, ""excludedReviewIds"": [], ""fixedBottomOffset"": 16, ""customBusinessName"": ""American Auto Collision "", ""badgeBackgroundColor"": ""#FFFFFF"", ""callToActionTextColor"": ""#1F2937"", ""drawerBackgroundColor"": ""#FFFFFF"", ""drawerCardBorderColor"": ""#E5E7EB"", ""useCustomBusinessName"": false, ""drawerCardBorderRadius"": 8, ""reviewImageThumbnailSize"": ""medium"", ""drawerCardBackgroundColor"": ""#FFFFFF"", ""callToActionBackgroundColor"": ""#FFFFFF""}"
0f758cf9-b381-4da0-8cb7-5579fc9120c7,SSR Autobody (built by Shah),GOOGLE_REVIEWS_BADGE,Google Reviews Side Peek (Premier Autobody & Frame),ad1deed6-37dd-4f22-a2d4-a4e3291b3bad,True,2026-06-17T19:20:29.902666+00:00,2026-06-17T19:21:15.754+00:00,2845,2026-08-05T08:52:37.81446+00:00,2026-06-17T19:27:49.948+00:00,"{""name"": ""Google Reviews Side Peek (Premier Autobody & Frame)"", ""sortBy"": ""highest_rating"", ""placeId"": ""ChIJ6URKns-HwoAR4KD1XY-05Ao"", ""starSize"": 24, ""fullWidth"": true, ""showDates"": true, ""textColor"": ""#1F2937"", ""fontFamily"": ""poppins"", ""maxReviews"": 30, ""badgeLayout"": ""centered"", ""compactMode"": false, ""drawerWidth"": 400, ""showRatings"": true, ""badgePadding"": 12, ""borderRadius"": 15, ""positionType"": ""inline"", ""primaryColor"": ""#3694ff"", ""backgroundType"": ""transparent"", ""badgeAlignment"": ""center"", ""filterByImages"": ""images_first"", ""filterByRating"": ""5"", ""googleIconSize"": 24, ""reviewsPerPage"": 10, ""backgroundColor"": ""#FFFFFF"", ""drawerTextColor"": ""#1F2937"", ""fixedLeftOffset"": 16, ""showReviewCount"": true, ""badgeBorderColor"": ""#E5E7EB"", ""callToActionText"": ""Click to read our reviews!"", ""mobileDrawerMode"": ""peek"", ""showAuthorPhotos"": true, ""showBusinessInfo"": true, ""showBusinessName"": true, ""showCallToAction"": true, ""showReviewImages"": true, ""excludedReviewIds"": [], ""fixedBottomOffset"": 16, ""customBusinessName"": ""American Auto Collision "", ""badgeBackgroundColor"": ""#FFFFFF"", ""callToActionTextColor"": ""#1F2937"", ""drawerBackgroundColor"": ""#FFFFFF"", ""drawerCardBorderColor"": ""#E5E7EB"", ""useCustomBusinessName"": false, ""drawerCardBorderRadius"": 8, ""reviewImageThumbnailSize"": ""medium"", ""drawerCardBackgroundColor"": ""#FFFFFF"", ""callToActionBackgroundColor"": ""#FFFFFF""}"
0f758cf9-b381-4da0-8cb7-5579fc9120c7,SSR Autobody (built by Shah),GOOGLE_REVIEWS_BADGE,Google Reviews Side Peek (Primes Auto Service),3452397b-7699-4d6b-a519-369533929a16,True,2026-07-09T19:10:38.507236+00:00,2026-07-09T19:12:01.574+00:00,2355,2026-08-05T08:55:54.955145+00:00,2026-07-09T19:10:49.509+00:00,"{""name"": ""Google Reviews Side Peek (Primes Auto Service)"", ""dataId"": ""0x8856bd34cab9f6a5:0x5f207f5c41d65893"", ""sortBy"": ""highest_rating"", ""placeId"": ""ChIJpfa5yjS9VogRk1jWQVx_IF8"", ""starSize"": 24, ""fullWidth"": true, ""showDates"": true, ""textColor"": ""#1F2937"", ""fontFamily"": ""poppins"", ""maxReviews"": 40, ""badgeLayout"": ""centered"", ""compactMode"": false, ""drawerWidth"": 400, ""showRatings"": true, ""badgePadding"": 12, ""borderRadius"": 15, ""positionType"": ""inline"", ""primaryColor"": ""#DC2626"", ""backgroundType"": ""transparent"", ""badgeAlignment"": ""center"", ""filterByImages"": ""images_first"", ""filterByRating"": ""5"", ""googleIconSize"": 24, ""reviewsPerPage"": 10, ""backgroundColor"": ""#FFFFFF"", ""drawerTextColor"": ""#1F2937"", ""fixedLeftOffset"": 16, ""showReviewCount"": true, ""badgeBorderColor"": ""#E5E7EB"", ""callToActionText"": ""Click to read our reviews!"", ""mobileDrawerMode"": ""peek"", ""showAuthorPhotos"": true, ""showBusinessInfo"": true, ""showBusinessName"": true, ""showCallToAction"": true, ""showReviewImages"": true, ""excludedReviewIds"": [], ""fixedBottomOffset"": 16, ""customBusinessName"": ""Akins Collision Center"", ""badgeBackgroundColor"": ""#FFFFFF"", ""callToActionTextColor"": ""#1F2937"", ""drawerBackgroundColor"": ""#FFFFFF"", ""drawerCardBorderColor"": ""#E5E7EB"", ""useCustomBusinessName"": false, ""drawerCardBorderRadius"": 8, ""reviewImageThumbnailSize"": ""medium"", ""drawerCardBackgroundColor"": ""#FFFFFF"", ""callToActionBackgroundColor"": ""#FFFFFF""}"
0f758cf9-b381-4da0-8cb7-5579fc9120c7,SSR Autobody (built by Shah),GOOGLE_REVIEWS_BADGE,Google Reviews Side Peek (Pro Color Collision ) ,62a35750-5bde-4d38-813d-783d634d520b,True,2025-12-26T20:26:48.648212+00:00,2026-04-28T00:46:36.718+00:00,7818,2026-08-04T22:54:29.404714+00:00,2025-12-26T20:30:23.762+00:00,"{""name"": ""Google Reviews Side Peek (Pro Color Collision ) "", ""sortBy"": ""highest_rating"", ""placeId"": ""ChIJpTb_cudxbIcRz9HXd2C5CkQ"", ""starSize"": 24, ""fullWidth"": true, ""showDates"": true, ""textColor"": ""#1F2937"", ""fontFamily"": ""poppins"", ""maxReviews"": 40, ""badgeLayout"": ""centered"", ""compactMode"": false, ""drawerWidth"": 400, ""showRatings"": true, ""badgePadding"": 12, ""borderRadius"": 15, ""positionType"": ""inline"", ""primaryColor"": ""#DC2626"", ""backgroundType"": ""transparent"", ""badgeAlignment"": ""center"", ""filterByImages"": ""images_first"", ""filterByRating"": ""5"", ""googleIconSize"": 24, ""reviewsPerPage"": 10, ""backgroundColor"": ""#FFFFFF"", ""drawerTextColor"": ""#1F2937"", ""fixedLeftOffset"": 16, ""showReviewCount"": true, ""badgeBorderColor"": ""#E5E7EB"", ""callToActionText"": ""Click to read our reviews!"", ""mobileDrawerMode"": ""peek"", ""showAuthorPhotos"": true, ""showBusinessInfo"": true, ""showBusinessName"": true, ""showCallToAction"": true, ""showReviewImages"": true, ""excludedReviewIds"": [], ""fixedBottomOffset"": 16, ""customBusinessName"": ""ProColor Collision"", ""badgeBackgroundColor"": ""#FFFFFF"", ""callToActionTextColor"": ""#1F2937"", ""drawerBackgroundColor"": ""#FFFFFF"", ""drawerCardBorderColor"": ""#E5E7EB"", ""useCustomBusinessName"": true, ""drawerCardBorderRadius"": 8, ""reviewImageThumbnailSize"": ""medium"", ""drawerCardBackgroundColor"": ""#FFFFFF"", ""callToActionBackgroundColor"": ""#FFFFFF""}"
0f758cf9-b381-4da0-8cb7-5579fc9120c7,SSR Autobody (built by Shah),GOOGLE_REVIEWS_BADGE,Google Reviews Side Peek (Relux Collision),948be28a-5083-4c9b-8254-faec8758ee53,True,2026-07-20T18:44:37.619958+00:00,2026-07-20T18:48:53.174+00:00,903,2026-08-05T09:12:40.774291+00:00,2026-07-20T18:51:23.815+00:00,"{""name"": ""Google Reviews Side Peek (Relux Collision)"", ""dataId"": ""0x809ac5522c78a1eb:0xb34434dd21d89c2c"", ""sortBy"": ""highest_rating"", ""placeId"": ""ChIJ66F4LFLFmoARLJzYId00RLM"", ""starSize"": 24, ""fullWidth"": true, ""showDates"": true, ""textColor"": ""#1F2937"", ""fontFamily"": ""poppins"", ""maxReviews"": 30, ""badgeLayout"": ""centered"", ""compactMode"": false, ""drawerWidth"": 400, ""showRatings"": true, ""badgePadding"": 12, ""borderRadius"": 15, ""positionType"": ""inline"", ""primaryColor"": ""#3694ff"", ""backgroundType"": ""transparent"", ""badgeAlignment"": ""center"", ""filterByImages"": ""images_first"", ""filterByRating"": ""5"", ""googleIconSize"": 24, ""reviewsPerPage"": 10, ""backgroundColor"": ""#FFFFFF"", ""drawerTextColor"": ""#1F2937"", ""fixedLeftOffset"": 16, ""showReviewCount"": true, ""badgeBorderColor"": ""#E5E7EB"", ""callToActionText"": ""Click to read our reviews!"", ""mobileDrawerMode"": ""peek"", ""showAuthorPhotos"": true, ""showBusinessInfo"": true, ""showBusinessName"": true, ""showCallToAction"": true, ""showReviewImages"": true, ""excludedReviewIds"": [], ""fixedBottomOffset"": 16, ""customBusinessName"": ""American Auto Collision "", ""badgeBackgroundColor"": ""#FFFFFF"", ""callToActionTextColor"": ""#1F2937"", ""drawerBackgroundColor"": ""#FFFFFF"", ""drawerCardBorderColor"": ""#E5E7EB"", ""useCustomBusinessName"": false, ""drawerCardBorderRadius"": 8, ""reviewImageThumbnailSize"": ""medium"", ""drawerCardBackgroundColor"": ""#FFFFFF"", ""callToActionBackgroundColor"": ""#FFFFFF""}"
0f758cf9-b381-4da0-8cb7-5579fc9120c7,SSR Autobody (built by Shah),GOOGLE_REVIEWS_BADGE,Google Reviews Side Peek (Rickenbaugh Collision Center East),65f52115-700c-486e-83b1-a090ba98cfdb,True,2026-07-17T17:52:56.581188+00:00,2026-07-17T17:54:37.536+00:00,30,2026-08-04T18:49:56.961413+00:00,2026-07-17T17:55:58.748+00:00,"{""name"": ""Google Reviews Side Peek (Rickenbaugh Collision Center East)"", ""dataId"": ""0x876c7cb9f36e3409:0xf85bd298bbac1462"", ""sortBy"": ""highest_rating"", ""placeId"": ""ChIJCTRu87l8bIcRYhSsu5jSW_g"", ""starSize"": 24, ""fullWidth"": true, ""showDates"": true, ""textColor"": ""#1F2937"", ""fontFamily"": ""poppins"", ""maxReviews"": 40, ""badgeLayout"": ""centered"", ""compactMode"": false, ""drawerWidth"": 400, ""showRatings"": true, ""badgePadding"": 12, ""borderRadius"": 15, ""positionType"": ""inline"", ""primaryColor"": ""#DC2626"", ""backgroundType"": ""transparent"", ""badgeAlignment"": ""center"", ""filterByImages"": ""images_first"", ""filterByRating"": ""5"", ""googleIconSize"": 24, ""reviewsPerPage"": 10, ""backgroundColor"": ""#FFFFFF"", ""drawerTextColor"": ""#1F2937"", ""fixedLeftOffset"": 16, ""showReviewCount"": true, ""badgeBorderColor"": ""#E5E7EB"", ""callToActionText"": ""Click to read our reviews!"", ""mobileDrawerMode"": ""peek"", ""showAuthorPhotos"": true, ""showBusinessInfo"": true, ""showBusinessName"": true, ""showCallToAction"": true, ""showReviewImages"": true, ""excludedReviewIds"": [], ""fixedBottomOffset"": 16, ""customBusinessName"": ""Akins Collision Center"", ""badgeBackgroundColor"": ""#FFFFFF"", ""callToActionTextColor"": ""#1F2937"", ""drawerBackgroundColor"": ""#FFFFFF"", ""drawerCardBorderColor"": ""#E5E7EB"", ""useCustomBusinessName"": false, ""drawerCardBorderRadius"": 8, ""reviewImageThumbnailSize"": ""medium"", ""drawerCardBackgroundColor"": ""#FFFFFF"", ""callToActionBackgroundColor"": ""#FFFFFF""}"
0f758cf9-b381-4da0-8cb7-5579fc9120c7,SSR Autobody (built by Shah),GOOGLE_REVIEWS_BADGE,Google Reviews Side Peek (Rickenbaugh Collision Center),fec0a19e-46ce-4ab4-997f-50beedc4ef4d,True,2026-06-04T19:37:23.144039+00:00,2026-06-04T19:41:18.524+00:00,4398,2026-08-05T06:20:45.899518+00:00,2026-06-04T19:44:51.577+00:00,"{""name"": ""Google Reviews Side Peek (Rickenbaugh Collision Center)"", ""sortBy"": ""highest_rating"", ""placeId"": ""ChIJjX1GBzt_bIcR-glVP9AIXFs"", ""starSize"": 24, ""fullWidth"": true, ""showDates"": true, ""textColor"": ""#1F2937"", ""fontFamily"": ""poppins"", ""maxReviews"": 40, ""badgeLayout"": ""centered"", ""compactMode"": false, ""drawerWidth"": 400, ""showRatings"": true, ""badgePadding"": 12, ""borderRadius"": 15, ""positionType"": ""inline"", ""primaryColor"": ""#DC2626"", ""backgroundType"": ""transparent"", ""badgeAlignment"": ""center"", ""filterByImages"": ""images_first"", ""filterByRating"": ""5"", ""googleIconSize"": 24, ""reviewsPerPage"": 10, ""backgroundColor"": ""#FFFFFF"", ""drawerTextColor"": ""#1F2937"", ""fixedLeftOffset"": 16, ""showReviewCount"": true, ""badgeBorderColor"": ""#E5E7EB"", ""callToActionText"": ""Click to read our reviews!"", ""mobileDrawerMode"": ""peek"", ""showAuthorPhotos"": true, ""showBusinessInfo"": true, ""showBusinessName"": true, ""showCallToAction"": true, ""showReviewImages"": true, ""excludedReviewIds"": [], ""fixedBottomOffset"": 16, ""customBusinessName"": ""Akins Collision Center"", ""badgeBackgroundColor"": ""#FFFFFF"", ""callToActionTextColor"": ""#1F2937"", ""drawerBackgroundColor"": ""#FFFFFF"", ""drawerCardBorderColor"": ""#E5E7EB"", ""useCustomBusinessName"": false, ""drawerCardBorderRadius"": 8, ""reviewImageThumbnailSize"": ""medium"", ""drawerCardBackgroundColor"": ""#FFFFFF"", ""callToActionBackgroundColor"": ""#FFFFFF""}"
0f758cf9-b381-4da0-8cb7-5579fc9120c7,SSR Autobody (built by Shah),GOOGLE_REVIEWS_BADGE,Google Reviews Side Peek (Royal Auto Body & Repair Center),1f5b2627-948a-4756-bd65-03b36e3f7446,True,2026-06-09T20:54:58.808813+00:00,2026-06-09T20:57:45.601+00:00,3612,2026-08-05T08:45:51.056714+00:00,2026-06-10T16:49:52.533+00:00,"{""name"": ""Google Reviews Side Peek (Royal Auto Body & Repair Center)"", ""sortBy"": ""highest_rating"", ""placeId"": ""ChIJK0BrON97j4ARluHtNgZ0nBg"", ""starSize"": 24, ""fullWidth"": true, ""showDates"": true, ""textColor"": ""#1F2937"", ""fontFamily"": ""poppins"", ""maxReviews"": 40, ""badgeLayout"": ""centered"", ""compactMode"": false, ""drawerWidth"": 400, ""showRatings"": true, ""badgePadding"": 12, ""borderRadius"": 15, ""positionType"": ""inline"", ""primaryColor"": ""#DC2626"", ""backgroundType"": ""transparent"", ""badgeAlignment"": ""center"", ""filterByImages"": ""images_first"", ""filterByRating"": ""5"", ""googleIconSize"": 24, ""reviewsPerPage"": 10, ""backgroundColor"": ""#FFFFFF"", ""drawerTextColor"": ""#1F2937"", ""fixedLeftOffset"": 16, ""showReviewCount"": true, ""badgeBorderColor"": ""#E5E7EB"", ""callToActionText"": ""Click to read our reviews!"", ""mobileDrawerMode"": ""peek"", ""showAuthorPhotos"": true, ""showBusinessInfo"": true, ""showBusinessName"": true, ""showCallToAction"": true, ""showReviewImages"": true, ""excludedReviewIds"": [], ""fixedBottomOffset"": 16, ""customBusinessName"": ""Akins Collision Center"", ""badgeBackgroundColor"": ""#FFFFFF"", ""callToActionTextColor"": ""#1F2937"", ""drawerBackgroundColor"": ""#FFFFFF"", ""drawerCardBorderColor"": ""#E5E7EB"", ""useCustomBusinessName"": false, ""drawerCardBorderRadius"": 8, ""reviewImageThumbnailSize"": ""medium"", ""drawerCardBackgroundColor"": ""#FFFFFF"", ""callToActionBackgroundColor"": ""#FFFFFF""}"
0f758cf9-b381-4da0-8cb7-5579fc9120c7,SSR Autobody (built by Shah),GOOGLE_REVIEWS_BADGE,Google Reviews Side Peek (SSR Autobody),fb88565e-1aee-46ae-b39c-51059fb66379,True,2025-11-19T19:26:28.225807+00:00,2026-04-13T04:26:05.881+00:00,60,2025-11-21T03:16:05.206+00:00,2025-11-19T19:26:28.225807+00:00,"{""name"": ""Google Reviews Side Peek (SSR Autobody)"", ""sortBy"": ""highest_rating"", ""placeId"": ""ChIJNQEJMirX3IARlbhAnUyNq54"", ""starSize"": 22, ""fullWidth"": false, ""showDates"": true, ""textColor"": ""#1F2937"", ""fontFamily"": ""poppins"", ""maxReviews"": 20, ""badgeLayout"": ""centered"", ""compactMode"": false, ""drawerWidth"": 400, ""showRatings"": true, ""badgePadding"": 12, ""borderRadius"": 15, ""positionType"": ""inline"", ""primaryColor"": ""#e42709"", ""backgroundType"": ""transparent"", ""badgeAlignment"": ""center"", ""filterByImages"": ""images_first"", ""filterByRating"": ""5"", ""googleIconSize"": 29, ""reviewsPerPage"": 10, ""backgroundColor"": ""#FFFFFF"", ""drawerTextColor"": ""#1F2937"", ""fixedLeftOffset"": 16, ""showReviewCount"": true, ""badgeBorderColor"": ""#E5E7EB"", ""callToActionText"": ""Click to read our reviews!!"", ""mobileDrawerMode"": ""full"", ""showAuthorPhotos"": true, ""showBusinessInfo"": true, ""showBusinessName"": true, ""showCallToAction"": true, ""showReviewImages"": true, ""excludedReviewIds"": [], ""fixedBottomOffset"": 16, ""customBusinessName"": ""SSR Autobody"", ""badgeBackgroundColor"": ""#FFFFFF"", ""callToActionTextColor"": ""#1F2937"", ""drawerBackgroundColor"": ""#FFFFFF"", ""drawerCardBorderColor"": ""#E5E7EB"", ""useCustomBusinessName"": true, ""drawerCardBorderRadius"": 8, ""reviewImageThumbnailSize"": ""medium"", ""drawerCardBackgroundColor"": ""#FFFFFF"", ""callToActionBackgroundColor"": ""#FFFFFF""}"
0f758cf9-b381-4da0-8cb7-5579fc9120c7,SSR Autobody (built by Shah),GOOGLE_REVIEWS_BADGE,Google Reviews Side Peek (SSR Experience),01cc4b95-9336-442e-9717-5937e3283e20,True,2026-05-01T00:31:03.128303+00:00,2026-05-18T21:14:26.892+00:00,30659,2026-08-05T09:29:48.653869+00:00,2026-05-01T00:35:52.83+00:00,"{""name"": ""Google Reviews Side Peek (SSR Experience)"", ""sortBy"": ""highest_rating"", ""placeId"": ""ChIJm-UciiXf3IAR-PJtqUxenRs"", ""starSize"": 24, ""fullWidth"": true, ""showDates"": true, ""textColor"": ""#FFFFFF"", ""fontFamily"": ""poppins"", ""maxReviews"": 20, ""badgeLayout"": ""centered"", ""compactMode"": false, ""drawerWidth"": 400, ""showRatings"": true, ""badgePadding"": 12, ""borderRadius"": 24, ""positionType"": ""inline"", ""primaryColor"": ""#db0000"", ""backgroundType"": ""transparent"", ""badgeAlignment"": ""center"", ""filterByImages"": ""images_first"", ""filterByRating"": ""5"", ""googleIconSize"": 30, ""reviewsPerPage"": 10, ""backgroundColor"": ""#FFFFFF"", ""drawerTextColor"": ""#FFFFFF"", ""fixedLeftOffset"": 16, ""showReviewCount"": true, ""badgeBorderColor"": ""rgba(0, 0, 0, 0)"", ""callToActionText"": ""Click to read our reviews!"", ""mobileDrawerMode"": ""full"", ""showAuthorPhotos"": true, ""showBusinessInfo"": true, ""showBusinessName"": true, ""showCallToAction"": true, ""showReviewImages"": true, ""excludedReviewIds"": [], ""fixedBottomOffset"": 16, ""customBusinessName"": ""SSR Experience"", ""badgeBackgroundColor"": ""#2D2D2D"", ""callToActionTextColor"": ""#db0000"", ""drawerBackgroundColor"": ""#2D2D2D"", ""drawerCardBorderColor"": ""#000000"", ""useCustomBusinessName"": true, ""drawerCardBorderRadius"": 9, ""reviewImageThumbnailSize"": ""medium"", ""drawerCardBackgroundColor"": ""#000000"", ""callToActionBackgroundColor"": ""#FFFFFF""}"
0f758cf9-b381-4da0-8cb7-5579fc9120c7,SSR Autobody (built by Shah),GOOGLE_REVIEWS_BADGE,Google Reviews Side Peek (SSR PERFORMANCE),d99b9a00-fce5-4ae4-b1c1-3b6790b8df30,True,2025-12-08T21:40:11.700177+00:00,2026-04-28T00:46:03.999+00:00,0,,2025-12-08T21:40:11.700177+00:00,"{""name"": ""Google Reviews Side Peek (SSR PERFORMANCE)"", ""sortBy"": ""highest_rating"", ""placeId"": ""ChIJGQbfEIsm3YARCHBK-akLJJM"", ""starSize"": 24, ""fullWidth"": true, ""showDates"": true, ""textColor"": ""#1F2937"", ""fontFamily"": ""poppins"", ""maxReviews"": 20, ""badgeLayout"": ""centered"", ""compactMode"": false, ""drawerWidth"": 400, ""showRatings"": true, ""badgePadding"": 12, ""borderRadius"": 15, ""positionType"": ""inline"", ""primaryColor"": ""#991B1B"", ""backgroundType"": ""transparent"", ""badgeAlignment"": ""center"", ""filterByImages"": ""images_first"", ""filterByRating"": ""5"", ""googleIconSize"": 24, ""reviewsPerPage"": 10, ""backgroundColor"": ""#FFFFFF"", ""drawerTextColor"": ""#1F2937"", ""fixedLeftOffset"": 16, ""showReviewCount"": true, ""badgeBorderColor"": ""#E5E7EB"", ""callToActionText"": ""Click to read our reviews!"", ""mobileDrawerMode"": ""full"", ""showAuthorPhotos"": true, ""showBusinessInfo"": true, ""showBusinessName"": true, ""showCallToAction"": true, ""showReviewImages"": true, ""excludedReviewIds"": [], ""fixedBottomOffset"": 16, ""customBusinessName"": ""SSR Performance"", ""badgeBackgroundColor"": ""#FFFFFF"", ""callToActionTextColor"": ""#1F2937"", ""drawerBackgroundColor"": ""#FFFFFF"", ""drawerCardBorderColor"": ""#E5E7EB"", ""useCustomBusinessName"": true, ""drawerCardBorderRadius"": 8, ""reviewImageThumbnailSize"": ""medium"", ""drawerCardBackgroundColor"": ""#FFFFFF"", ""callToActionBackgroundColor"": ""#FFFFFF""}"
0f758cf9-b381-4da0-8cb7-5579fc9120c7,SSR Autobody (built by Shah),GOOGLE_REVIEWS_BADGE,Google Reviews Side Peek (San Leandro Auto Body)   ,5b73593a-18ee-4c03-b70e-3b0c2021f9a1,True,2026-02-04T01:38:15.21077+00:00,2026-04-28T00:53:05.267+00:00,12582,2026-08-05T09:13:44.770131+00:00,2026-02-04T01:40:51.301+00:00,"{""name"": ""Google Reviews Side Peek (San Leandro Auto Body)   "", ""sortBy"": ""highest_rating"", ""placeId"": ""ChIJ0xoh-diPj4ARDA7cIKtXoi8"", ""starSize"": 24, ""fullWidth"": true, ""showDates"": true, ""textColor"": ""#1F2937"", ""fontFamily"": ""poppins"", ""maxReviews"": 40, ""badgeLayout"": ""centered"", ""compactMode"": false, ""drawerWidth"": 400, ""showRatings"": true, ""badgePadding"": 12, ""borderRadius"": 15, ""positionType"": ""inline"", ""primaryColor"": ""#DC2626"", ""backgroundType"": ""transparent"", ""badgeAlignment"": ""center"", ""filterByImages"": ""images_first"", ""filterByRating"": ""5"", ""googleIconSize"": 24, ""reviewsPerPage"": 10, ""backgroundColor"": ""#FFFFFF"", ""drawerTextColor"": ""#1F2937"", ""fixedLeftOffset"": 16, ""showReviewCount"": true, ""badgeBorderColor"": ""#E5E7EB"", ""callToActionText"": ""Click to read our reviews!"", ""mobileDrawerMode"": ""peek"", ""showAuthorPhotos"": true, ""showBusinessInfo"": true, ""showBusinessName"": true, ""showCallToAction"": true, ""showReviewImages"": true, ""excludedReviewIds"": [], ""fixedBottomOffset"": 16, ""customBusinessName"": ""San Leandro Collision "", ""badgeBackgroundColor"": ""#FFFFFF"", ""callToActionTextColor"": ""#1F2937"", ""drawerBackgroundColor"": ""#FFFFFF"", ""drawerCardBorderColor"": ""#E5E7EB"", ""useCustomBusinessName"": true, ""drawerCardBorderRadius"": 8, ""reviewImageThumbnailSize"": ""medium"", ""drawerCardBackgroundColor"": ""#FFFFFF"", ""callToActionBackgroundColor"": ""#FFFFFF""}"
0f758cf9-b381-4da0-8cb7-5579fc9120c7,SSR Autobody (built by Shah),GOOGLE_REVIEWS_BADGE,Google Reviews Side Peek (Santa Ana Body Shop),95deaa0b-528a-4011-b292-6dcd7f3c6590,True,2026-05-11T21:13:32.743383+00:00,2026-05-11T21:14:31.57+00:00,4583,2026-08-05T08:36:44.991411+00:00,2026-05-11T21:15:53.467+00:00,"{""name"": ""Google Reviews Side Peek (Santa Ana Body Shop)"", ""sortBy"": ""highest_rating"", ""placeId"": ""ChIJW-x29XvGQIYRiY7ePl1qrmo"", ""starSize"": 24, ""fullWidth"": true, ""showDates"": true, ""textColor"": ""#1F2937"", ""fontFamily"": ""poppins"", ""maxReviews"": 40, ""badgeLayout"": ""centered"", ""compactMode"": false, ""drawerWidth"": 400, ""showRatings"": true, ""badgePadding"": 12, ""borderRadius"": 15, ""positionType"": ""inline"", ""primaryColor"": ""#DC2626"", ""backgroundType"": ""transparent"", ""badgeAlignment"": ""center"", ""filterByImages"": ""images_first"", ""filterByRating"": ""5"", ""googleIconSize"": 24, ""reviewsPerPage"": 10, ""backgroundColor"": ""#FFFFFF"", ""drawerTextColor"": ""#1F2937"", ""fixedLeftOffset"": 16, ""showReviewCount"": true, ""badgeBorderColor"": ""#E5E7EB"", ""callToActionText"": ""Click to read our reviews!"", ""mobileDrawerMode"": ""peek"", ""showAuthorPhotos"": true, ""showBusinessInfo"": true, ""showBusinessName"": true, ""showCallToAction"": true, ""showReviewImages"": true, ""excludedReviewIds"": [], ""fixedBottomOffset"": 16, ""customBusinessName"": ""Santa Ana Body Shop"", ""badgeBackgroundColor"": ""#FFFFFF"", ""callToActionTextColor"": ""#1F2937"", ""drawerBackgroundColor"": ""#FFFFFF"", ""drawerCardBorderColor"": ""#E5E7EB"", ""useCustomBusinessName"": true, ""drawerCardBorderRadius"": 8, ""reviewImageThumbnailSize"": ""medium"", ""drawerCardBackgroundColor"": ""#FFFFFF"", ""callToActionBackgroundColor"": ""#FFFFFF""}"
0f758cf9-b381-4da0-8cb7-5579fc9120c7,SSR Autobody (built by Shah),GOOGLE_REVIEWS_BADGE,Google Reviews Side Peek (Santa Ana Jones Rd),6226fffb-e2f4-4a1e-8983-0f1d7be8d4c5,True,2026-06-05T17:58:17.694412+00:00,2026-06-09T01:33:21.68+00:00,2472,2026-08-05T01:18:20.060387+00:00,2026-06-05T18:02:14.724+00:00,"{""name"": ""Google Reviews Side Peek (Santa Ana Jones Rd)"", ""sortBy"": ""highest_rating"", ""placeId"": ""ChIJF7b_V9jRQIYR14BlmDqSWRA"", ""starSize"": 24, ""fullWidth"": true, ""showDates"": true, ""textColor"": ""#1F2937"", ""fontFamily"": ""poppins"", ""maxReviews"": 40, ""badgeLayout"": ""centered"", ""compactMode"": false, ""drawerWidth"": 400, ""showRatings"": true, ""badgePadding"": 12, ""borderRadius"": 15, ""positionType"": ""inline"", ""primaryColor"": ""#DC2626"", ""backgroundType"": ""transparent"", ""badgeAlignment"": ""center"", ""filterByImages"": ""images_first"", ""filterByRating"": ""5"", ""googleIconSize"": 24, ""reviewsPerPage"": 10, ""backgroundColor"": ""#FFFFFF"", ""drawerTextColor"": ""#1F2937"", ""fixedLeftOffset"": 16, ""showReviewCount"": true, ""badgeBorderColor"": ""#E5E7EB"", ""callToActionText"": ""Click to read our reviews!"", ""mobileDrawerMode"": ""peek"", ""showAuthorPhotos"": true, ""showBusinessInfo"": true, ""showBusinessName"": true, ""showCallToAction"": true, ""showReviewImages"": true, ""excludedReviewIds"": [], ""fixedBottomOffset"": 16, ""customBusinessName"": ""Santa Ana Body Shop"", ""badgeBackgroundColor"": ""#FFFFFF"", ""callToActionTextColor"": ""#1F2937"", ""drawerBackgroundColor"": ""#FFFFFF"", ""drawerCardBorderColor"": ""#E5E7EB"", ""useCustomBusinessName"": true, ""drawerCardBorderRadius"": 8, ""reviewImageThumbnailSize"": ""medium"", ""drawerCardBackgroundColor"": ""#FFFFFF"", ""callToActionBackgroundColor"": ""#FFFFFF""}"
0f758cf9-b381-4da0-8cb7-5579fc9120c7,SSR Autobody (built by Shah),GOOGLE_REVIEWS_BADGE,Google Reviews Side Peek (Santa Fe)  Copy,98958be6-99fd-405c-a56f-90466ad53409,True,2025-11-24T23:31:04.679517+00:00,2026-04-28T00:45:28.628+00:00,12975,2026-08-05T08:35:31.629351+00:00,2025-11-24T23:31:04.679517+00:00,"{""name"": ""Google Reviews Side Peek (Santa Fe)  Copy"", ""sortBy"": ""highest_rating"", ""placeId"": ""ChIJKRVgp-0t3YARuttIn3KfD8o"", ""starSize"": 24, ""fullWidth"": true, ""showDates"": true, ""textColor"": ""#1F2937"", ""fontFamily"": ""poppins"", ""maxReviews"": 40, ""badgeLayout"": ""centered"", ""compactMode"": false, ""drawerWidth"": 400, ""showRatings"": true, ""badgePadding"": 20, ""borderRadius"": 15, ""positionType"": ""inline"", ""primaryColor"": ""#3694ff"", ""backgroundType"": ""transparent"", ""badgeAlignment"": ""center"", ""filterByImages"": ""images_first"", ""filterByRating"": ""5"", ""googleIconSize"": 24, ""reviewsPerPage"": 10, ""backgroundColor"": ""#FFFFFF"", ""drawerTextColor"": ""#1F2937"", ""fixedLeftOffset"": 16, ""showReviewCount"": true, ""badgeBorderColor"": ""#E5E7EB"", ""callToActionText"": ""Click to read our reviews!"", ""mobileDrawerMode"": ""peek"", ""showAuthorPhotos"": true, ""showBusinessInfo"": true, ""showBusinessName"": true, ""showCallToAction"": true, ""showReviewImages"": true, ""excludedReviewIds"": [], ""fixedBottomOffset"": 16, ""customBusinessName"": ""Santa Fe Collision"", ""badgeBackgroundColor"": ""#FFFFFF"", ""callToActionTextColor"": ""#1F2937"", ""drawerBackgroundColor"": ""#FFFFFF"", ""drawerCardBorderColor"": ""#E5E7EB"", ""useCustomBusinessName"": true, ""drawerCardBorderRadius"": 8, ""reviewImageThumbnailSize"": ""medium"", ""drawerCardBackgroundColor"": ""#FFFFFF"", ""callToActionBackgroundColor"": ""#FFFFFF""}"
0f758cf9-b381-4da0-8cb7-5579fc9120c7,SSR Autobody (built by Shah),GOOGLE_REVIEWS_BADGE,Google Reviews Side Peek (Secret Collision Center),11d88baf-1494-41fd-9f27-3e1187a03003,True,2026-06-12T18:12:33.085361+00:00,2026-06-12T18:13:12.503+00:00,2437,2026-08-05T05:25:29.227731+00:00,2026-06-12T18:17:56.071+00:00,"{""name"": ""Google Reviews Side Peek (Secret Collision Center)"", ""sortBy"": ""highest_rating"", ""placeId"": ""ChIJH0octP4T3YgRV9y9gVZcrLs"", ""starSize"": 24, ""fullWidth"": true, ""showDates"": true, ""textColor"": ""#1F2937"", ""fontFamily"": ""poppins"", ""maxReviews"": 40, ""badgeLayout"": ""centered"", ""compactMode"": false, ""drawerWidth"": 400, ""showRatings"": true, ""badgePadding"": 12, ""borderRadius"": 15, ""positionType"": ""inline"", ""primaryColor"": ""#DC2626"", ""backgroundType"": ""transparent"", ""badgeAlignment"": ""center"", ""filterByImages"": ""images_first"", ""filterByRating"": ""5"", ""googleIconSize"": 24, ""reviewsPerPage"": 10, ""backgroundColor"": ""#FFFFFF"", ""drawerTextColor"": ""#1F2937"", ""fixedLeftOffset"": 16, ""showReviewCount"": true, ""badgeBorderColor"": ""#E5E7EB"", ""callToActionText"": ""Click to read our reviews!"", ""mobileDrawerMode"": ""peek"", ""showAuthorPhotos"": true, ""showBusinessInfo"": true, ""showBusinessName"": true, ""showCallToAction"": true, ""showReviewImages"": true, ""excludedReviewIds"": [], ""fixedBottomOffset"": 16, ""customBusinessName"": ""Akins Collision Center"", ""badgeBackgroundColor"": ""#FFFFFF"", ""callToActionTextColor"": ""#1F2937"", ""drawerBackgroundColor"": ""#FFFFFF"", ""drawerCardBorderColor"": ""#E5E7EB"", ""useCustomBusinessName"": false, ""drawerCardBorderRadius"": 8, ""reviewImageThumbnailSize"": ""medium"", ""drawerCardBackgroundColor"": ""#FFFFFF"", ""callToActionBackgroundColor"": ""#FFFFFF""}"
0f758cf9-b381-4da0-8cb7-5579fc9120c7,SSR Autobody (built by Shah),GOOGLE_REVIEWS_BADGE,Google Reviews Side Peek (Sin City Collision Center),0f98abf1-0e85-48b5-8570-169ea7131d49,True,2026-07-15T17:55:30.17757+00:00,2026-07-15T17:56:25.747+00:00,787,2026-08-05T09:26:55.361499+00:00,2026-07-15T18:37:42.525+00:00,"{""name"": ""Google Reviews Side Peek (Sin City Collision Center)"", ""dataId"": ""0x80c8c5594e439ee1:0x9cc0e1de73837d9"", ""sortBy"": ""highest_rating"", ""placeId"": ""ChIJ4Z5DTlnFyIAR2Tc45x0OzAk"", ""starSize"": 24, ""fullWidth"": true, ""showDates"": true, ""textColor"": ""#1F2937"", ""fontFamily"": ""poppins"", ""maxReviews"": 40, ""badgeLayout"": ""centered"", ""compactMode"": false, ""drawerWidth"": 400, ""showRatings"": true, ""badgePadding"": 12, ""borderRadius"": 15, ""positionType"": ""inline"", ""primaryColor"": ""#DC2626"", ""backgroundType"": ""transparent"", ""badgeAlignment"": ""center"", ""filterByImages"": ""images_first"", ""filterByRating"": ""5"", ""googleIconSize"": 24, ""reviewsPerPage"": 10, ""backgroundColor"": ""#FFFFFF"", ""drawerTextColor"": ""#1F2937"", ""fixedLeftOffset"": 16, ""showReviewCount"": true, ""badgeBorderColor"": ""#E5E7EB"", ""callToActionText"": ""Click to read our reviews!"", ""mobileDrawerMode"": ""peek"", ""showAuthorPhotos"": true, ""showBusinessInfo"": true, ""showBusinessName"": true, ""showCallToAction"": true, ""showReviewImages"": true, ""excludedReviewIds"": [], ""fixedBottomOffset"": 16, ""customBusinessName"": ""Akins Collision Center"", ""badgeBackgroundColor"": ""#FFFFFF"", ""callToActionTextColor"": ""#1F2937"", ""drawerBackgroundColor"": ""#FFFFFF"", ""drawerCardBorderColor"": ""#E5E7EB"", ""useCustomBusinessName"": false, ""drawerCardBorderRadius"": 8, ""reviewImageThumbnailSize"": ""medium"", ""drawerCardBackgroundColor"": ""#FFFFFF"", ""callToActionBackgroundColor"": ""#FFFFFF""}"
0f758cf9-b381-4da0-8cb7-5579fc9120c7,SSR Autobody (built by Shah),GOOGLE_REVIEWS_BADGE,Google Reviews Side Peek (Sonoma Auto Center),b1cf3fe8-2fe9-45af-8886-1a5184187f48,True,2026-04-13T23:39:01.236095+00:00,2026-04-28T17:33:25.056+00:00,4113,2026-08-05T08:37:11.781296+00:00,2026-04-13T23:40:57.759+00:00,"{""name"": ""Google Reviews Side Peek (Sonoma Auto Center)"", ""sortBy"": ""highest_rating"", ""placeId"": ""ChIJIx2ybStzhYARqLqziMeEjMc"", ""starSize"": 24, ""fullWidth"": true, ""showDates"": true, ""textColor"": ""#1F2937"", ""fontFamily"": ""poppins"", ""maxReviews"": 40, ""badgeLayout"": ""centered"", ""compactMode"": false, ""drawerWidth"": 400, ""showRatings"": true, ""badgePadding"": 12, ""borderRadius"": 15, ""positionType"": ""inline"", ""primaryColor"": ""#DC2626"", ""backgroundType"": ""transparent"", ""badgeAlignment"": ""center"", ""filterByImages"": ""images_first"", ""filterByRating"": ""5"", ""googleIconSize"": 24, ""reviewsPerPage"": 10, ""backgroundColor"": ""#FFFFFF"", ""drawerTextColor"": ""#1F2937"", ""fixedLeftOffset"": 16, ""showReviewCount"": true, ""badgeBorderColor"": ""#E5E7EB"", ""callToActionText"": ""Click to read our reviews!"", ""mobileDrawerMode"": ""peek"", ""showAuthorPhotos"": true, ""showBusinessInfo"": true, ""showBusinessName"": true, ""showCallToAction"": true, ""showReviewImages"": true, ""excludedReviewIds"": [], ""fixedBottomOffset"": 16, ""customBusinessName"": ""Sonoma Auto Center"", ""badgeBackgroundColor"": ""#FFFFFF"", ""callToActionTextColor"": ""#1F2937"", ""drawerBackgroundColor"": ""#FFFFFF"", ""drawerCardBorderColor"": ""#E5E7EB"", ""useCustomBusinessName"": true, ""drawerCardBorderRadius"": 8, ""reviewImageThumbnailSize"": ""medium"", ""drawerCardBackgroundColor"": ""#FFFFFF"", ""callToActionBackgroundColor"": ""#FFFFFF""}"
0f758cf9-b381-4da0-8cb7-5579fc9120c7,SSR Autobody (built by Shah),GOOGLE_REVIEWS_BADGE,Google Reviews Side Peek (South Bay Auto Collision),7df39bf8-35f2-4c33-95e5-23781c39572a,True,2026-05-20T18:05:12.10862+00:00,2026-05-20T18:14:01.114+00:00,4552,2026-08-05T08:50:36.519715+00:00,2026-05-20T20:00:11.667+00:00,"{""name"": ""Google Reviews Side Peek (South Bay Auto Collision)"", ""sortBy"": ""highest_rating"", ""placeId"": ""ChIJwewcNUe1woARhkGbubYarsI"", ""starSize"": 24, ""fullWidth"": true, ""showDates"": true, ""textColor"": ""#1F2937"", ""fontFamily"": ""poppins"", ""maxReviews"": 40, ""badgeLayout"": ""centered"", ""compactMode"": false, ""drawerWidth"": 400, ""showRatings"": true, ""badgePadding"": 12, ""borderRadius"": 15, ""positionType"": ""inline"", ""primaryColor"": ""#DC2626"", ""backgroundType"": ""transparent"", ""badgeAlignment"": ""center"", ""filterByImages"": ""images_first"", ""filterByRating"": ""5"", ""googleIconSize"": 24, ""reviewsPerPage"": 10, ""backgroundColor"": ""#FFFFFF"", ""drawerTextColor"": ""#1F2937"", ""fixedLeftOffset"": 16, ""showReviewCount"": true, ""badgeBorderColor"": ""#E5E7EB"", ""callToActionText"": ""Click to read our reviews!"", ""mobileDrawerMode"": ""peek"", ""showAuthorPhotos"": true, ""showBusinessInfo"": true, ""showBusinessName"": true, ""showCallToAction"": true, ""showReviewImages"": true, ""excludedReviewIds"": [], ""fixedBottomOffset"": 16, ""customBusinessName"": ""South Bay Auto Collision "", ""badgeBackgroundColor"": ""#FFFFFF"", ""callToActionTextColor"": ""#1F2937"", ""drawerBackgroundColor"": ""#FFFFFF"", ""drawerCardBorderColor"": ""#E5E7EB"", ""useCustomBusinessName"": true, ""drawerCardBorderRadius"": 8, ""reviewImageThumbnailSize"": ""medium"", ""drawerCardBackgroundColor"": ""#FFFFFF"", ""callToActionBackgroundColor"": ""#FFFFFF""}"
0f758cf9-b381-4da0-8cb7-5579fc9120c7,SSR Autobody (built by Shah),GOOGLE_REVIEWS_BADGE,Google Reviews Side Peek (Steel Autobody),44576326-a03a-4154-82dc-8dfede2f3b6b,True,2025-11-18T03:37:04.977243+00:00,2026-03-15T23:26:50.136+00:00,464,2025-12-20T04:37:11.812+00:00,2025-11-18T03:37:04.977243+00:00,"{""name"": ""Google Reviews Side Peek (Steel Autobody)"", ""sortBy"": ""highest_rating"", ""placeId"": ""ChIJFY-Ll9qHa4cRseY7yHzMs0g"", ""starSize"": 24, ""fullWidth"": true, ""showDates"": true, ""textColor"": ""#1F2937"", ""fontFamily"": ""poppins"", ""maxReviews"": 20, ""badgeLayout"": ""centered"", ""compactMode"": false, ""drawerWidth"": 400, ""showRatings"": true, ""badgePadding"": 12, ""borderRadius"": 15, ""positionType"": ""inline"", ""primaryColor"": ""#007bff"", ""backgroundType"": ""transparent"", ""badgeAlignment"": ""center"", ""filterByImages"": ""images_first"", ""filterByRating"": ""5"", ""googleIconSize"": 24, ""reviewsPerPage"": 10, ""backgroundColor"": ""#FFFFFF"", ""drawerTextColor"": ""#1F2937"", ""fixedLeftOffset"": 16, ""showReviewCount"": true, ""badgeBorderColor"": ""#E5E7EB"", ""callToActionText"": ""Click to read our reviews!"", ""mobileDrawerMode"": ""full"", ""showAuthorPhotos"": true, ""showBusinessInfo"": true, ""showBusinessName"": true, ""showCallToAction"": true, ""showReviewImages"": true, ""excludedReviewIds"": [], ""fixedBottomOffset"": 16, ""customBusinessName"": """", ""badgeBackgroundColor"": ""#FFFFFF"", ""callToActionTextColor"": ""#1F2937"", ""drawerBackgroundColor"": ""#FFFFFF"", ""drawerCardBorderColor"": ""#E5E7EB"", ""useCustomBusinessName"": false, ""drawerCardBorderRadius"": 8, ""reviewImageThumbnailSize"": ""medium"", ""drawerCardBackgroundColor"": ""#FFFFFF"", ""callToActionBackgroundColor"": ""#FFFFFF""}"
0f758cf9-b381-4da0-8cb7-5579fc9120c7,SSR Autobody (built by Shah),GOOGLE_REVIEWS_BADGE,Google Reviews Side Peek (Tello's Collision Center),822e67c8-ece0-450e-a1a1-aed50f5cade8,True,2026-07-01T20:20:39.516594+00:00,2026-07-01T20:21:34.23+00:00,2123,2026-08-05T08:02:51.065723+00:00,2026-07-01T20:20:50.24+00:00,"{""name"": ""Google Reviews Side Peek (Tello's Collision Center)"", ""dataId"": ""0x863f7984b4109df7:0x8d4da3842d564efc"", ""sortBy"": ""highest_rating"", ""placeId"": ""ChIJ950QtIR5P4YR_E5WLYSjTY0"", ""starSize"": 24, ""fullWidth"": true, ""showDates"": true, ""textColor"": ""#1F2937"", ""fontFamily"": ""poppins"", ""maxReviews"": 30, ""badgeLayout"": ""centered"", ""compactMode"": false, ""drawerWidth"": 400, ""showRatings"": true, ""badgePadding"": 12, ""borderRadius"": 15, ""positionType"": ""inline"", ""primaryColor"": ""#3694ff"", ""backgroundType"": ""transparent"", ""badgeAlignment"": ""center"", ""filterByImages"": ""images_first"", ""filterByRating"": ""5"", ""googleIconSize"": 24, ""reviewsPerPage"": 10, ""backgroundColor"": ""#FFFFFF"", ""drawerTextColor"": ""#1F2937"", ""fixedLeftOffset"": 16, ""showReviewCount"": true, ""badgeBorderColor"": ""#E5E7EB"", ""callToActionText"": ""Click to read our reviews!"", ""mobileDrawerMode"": ""peek"", ""showAuthorPhotos"": true, ""showBusinessInfo"": true, ""showBusinessName"": true, ""showCallToAction"": true, ""showReviewImages"": true, ""excludedReviewIds"": [], ""fixedBottomOffset"": 16, ""customBusinessName"": ""American Auto Collision "", ""badgeBackgroundColor"": ""#FFFFFF"", ""callToActionTextColor"": ""#1F2937"", ""drawerBackgroundColor"": ""#FFFFFF"", ""drawerCardBorderColor"": ""#E5E7EB"", ""useCustomBusinessName"": false, ""drawerCardBorderRadius"": 8, ""reviewImageThumbnailSize"": ""medium"", ""drawerCardBackgroundColor"": ""#FFFFFF"", ""callToActionBackgroundColor"": ""#FFFFFF""}"
0f758cf9-b381-4da0-8cb7-5579fc9120c7,SSR Autobody (built by Shah),GOOGLE_REVIEWS_BADGE,Google Reviews Side Peek (The Collision Shop of Warren),f37d02e1-6aac-44f6-a59e-204ce5f4909b,True,2026-04-02T00:10:39.486855+00:00,2026-04-28T17:33:14.543+00:00,2791,2026-07-30T20:08:59.590634+00:00,2026-04-02T00:13:59.677+00:00,"{""name"": ""Google Reviews Side Peek (The Collision Shop of Warren)"", ""sortBy"": ""highest_rating"", ""placeId"": ""ChIJKX8ABpraJIgRqBnFRrOwIBw"", ""starSize"": 24, ""fullWidth"": true, ""showDates"": true, ""textColor"": ""#1F2937"", ""fontFamily"": ""poppins"", ""maxReviews"": 40, ""badgeLayout"": ""centered"", ""compactMode"": false, ""drawerWidth"": 400, ""showRatings"": true, ""badgePadding"": 12, ""borderRadius"": 15, ""positionType"": ""inline"", ""primaryColor"": ""#DC2626"", ""backgroundType"": ""transparent"", ""badgeAlignment"": ""center"", ""filterByImages"": ""images_first"", ""filterByRating"": ""5"", ""googleIconSize"": 24, ""reviewsPerPage"": 10, ""backgroundColor"": ""#FFFFFF"", ""drawerTextColor"": ""#1F2937"", ""fixedLeftOffset"": 16, ""showReviewCount"": true, ""badgeBorderColor"": ""#E5E7EB"", ""callToActionText"": ""Click to read our reviews!"", ""mobileDrawerMode"": ""peek"", ""showAuthorPhotos"": true, ""showBusinessInfo"": true, ""showBusinessName"": true, ""showCallToAction"": true, ""showReviewImages"": true, ""excludedReviewIds"": [], ""fixedBottomOffset"": 16, ""customBusinessName"": ""Pit Stop Auto Collision "", ""badgeBackgroundColor"": ""#FFFFFF"", ""callToActionTextColor"": ""#1F2937"", ""drawerBackgroundColor"": ""#FFFFFF"", ""drawerCardBorderColor"": ""#E5E7EB"", ""useCustomBusinessName"": false, ""drawerCardBorderRadius"": 8, ""reviewImageThumbnailSize"": ""medium"", ""drawerCardBackgroundColor"": ""#FFFFFF"", ""callToActionBackgroundColor"": ""#FFFFFF""}"
0f758cf9-b381-4da0-8cb7-5579fc9120c7,SSR Autobody (built by Shah),GOOGLE_REVIEWS_BADGE,Google Reviews Side Peek (Vegas Customs Collision),6f725d6b-51c6-4c05-9cb6-eeb9ad533f70,True,2026-06-08T19:19:06.854582+00:00,2026-06-10T20:55:24.284+00:00,3732,2026-08-05T07:36:17.023315+00:00,2026-06-08T19:39:47.499+00:00,"{""name"": ""Google Reviews Side Peek (Vegas Customs Collision)"", ""sortBy"": ""highest_rating"", ""placeId"": ""ChIJLTWeDUjRyIARJnaxC91DAp0"", ""starSize"": 24, ""fullWidth"": true, ""showDates"": true, ""textColor"": ""#1F2937"", ""fontFamily"": ""poppins"", ""maxReviews"": 40, ""badgeLayout"": ""centered"", ""compactMode"": false, ""drawerWidth"": 400, ""showRatings"": true, ""badgePadding"": 12, ""borderRadius"": 15, ""positionType"": ""inline"", ""primaryColor"": ""#DC2626"", ""backgroundType"": ""transparent"", ""badgeAlignment"": ""center"", ""filterByImages"": ""images_first"", ""filterByRating"": ""5"", ""googleIconSize"": 24, ""reviewsPerPage"": 10, ""backgroundColor"": ""#FFFFFF"", ""drawerTextColor"": ""#1F2937"", ""fixedLeftOffset"": 16, ""showReviewCount"": true, ""badgeBorderColor"": ""#E5E7EB"", ""callToActionText"": ""Click to read our reviews!"", ""mobileDrawerMode"": ""peek"", ""showAuthorPhotos"": true, ""showBusinessInfo"": true, ""showBusinessName"": true, ""showCallToAction"": true, ""showReviewImages"": true, ""excludedReviewIds"": [], ""fixedBottomOffset"": 16, ""customBusinessName"": ""Vegas Customs Body Shop"", ""badgeBackgroundColor"": ""#FFFFFF"", ""callToActionTextColor"": ""#1F2937"", ""drawerBackgroundColor"": ""#FFFFFF"", ""drawerCardBorderColor"": ""#E5E7EB"", ""useCustomBusinessName"": true, ""drawerCardBorderRadius"": 8, ""reviewImageThumbnailSize"": ""medium"", ""drawerCardBackgroundColor"": ""#FFFFFF"", ""callToActionBackgroundColor"": ""#FFFFFF""}"
0f758cf9-b381-4da0-8cb7-5579fc9120c7,SSR Autobody (built by Shah),GOOGLE_REVIEWS_BADGE,Google Reviews Side Peek (White Cactus),aad780da-715a-4e0e-a0f6-d4496ae13278,True,2025-11-11T00:00:25.776674+00:00,2026-05-17T23:17:07.051+00:00,15711,2026-08-05T09:46:43.839388+00:00,2025-11-11T00:00:25.776674+00:00,"{""name"": ""Google Reviews Side Peek (White Cactus)"", ""sortBy"": ""highest_rating"", ""placeId"": ""ChIJBzarviPVmoAR76Wvh1QVloo"", ""starSize"": 22, ""fullWidth"": true, ""showDates"": true, ""textColor"": ""#1F2937"", ""fontFamily"": ""poppins"", ""maxReviews"": 20, ""badgeLayout"": ""centered"", ""compactMode"": false, ""drawerWidth"": 400, ""showRatings"": true, ""badgePadding"": 12, ""borderRadius"": 15, ""positionType"": ""inline"", ""primaryColor"": ""#fad287"", ""backgroundType"": ""transparent"", ""badgeAlignment"": ""center"", ""filterByImages"": ""images_first"", ""filterByRating"": ""5"", ""googleIconSize"": 29, ""reviewsPerPage"": 10, ""backgroundColor"": ""#FFFFFF"", ""drawerTextColor"": ""#1F2937"", ""fixedLeftOffset"": 16, ""showReviewCount"": true, ""badgeBorderColor"": ""#E5E7EB"", ""callToActionText"": ""Click to read our reviews!"", ""mobileDrawerMode"": ""peek"", ""showAuthorPhotos"": true, ""showBusinessInfo"": true, ""showBusinessName"": true, ""showCallToAction"": true, ""showReviewImages"": true, ""excludedReviewIds"": [], ""fixedBottomOffset"": 16, ""customBusinessName"": """", ""badgeBackgroundColor"": ""#FFFFFF"", ""callToActionTextColor"": ""#1F2937"", ""drawerBackgroundColor"": ""#FFFFFF"", ""drawerCardBorderColor"": ""#E5E7EB"", ""useCustomBusinessName"": false, ""drawerCardBorderRadius"": 8, ""reviewImageThumbnailSize"": ""medium"", ""drawerCardBackgroundColor"": ""#FFFFFF"", ""callToActionBackgroundColor"": ""#fad287""}"
0f758cf9-b381-4da0-8cb7-5579fc9120c7,SSR Autobody (built by Shah),GOOGLE_REVIEWS_BADGE,Google Reviews Side Peek (Yaffo Auto)  ,bc258b8a-1a5b-4d98-87f9-584081444435,True,2025-11-29T01:13:59.488619+00:00,2026-04-28T00:45:41.782+00:00,12461,2026-08-05T09:35:50.777984+00:00,2025-11-29T01:13:59.488619+00:00,"{""name"": ""Google Reviews Side Peek (Yaffo Auto)  "", ""sortBy"": ""highest_rating"", ""placeId"": ""ChIJker5A4M7DogRMtdyC9Y-sY0"", ""starSize"": 24, ""fullWidth"": true, ""showDates"": true, ""textColor"": ""#1F2937"", ""fontFamily"": ""poppins"", ""maxReviews"": 20, ""badgeLayout"": ""centered"", ""compactMode"": false, ""drawerWidth"": 400, ""showRatings"": true, ""badgePadding"": 12, ""borderRadius"": 15, ""positionType"": ""inline"", ""primaryColor"": ""#2563EB"", ""backgroundType"": ""transparent"", ""badgeAlignment"": ""center"", ""filterByImages"": ""images_first"", ""filterByRating"": ""5"", ""googleIconSize"": 24, ""reviewsPerPage"": 10, ""backgroundColor"": ""#FFFFFF"", ""drawerTextColor"": ""#1F2937"", ""fixedLeftOffset"": 16, ""showReviewCount"": true, ""badgeBorderColor"": ""#E5E7EB"", ""callToActionText"": ""Click to read our reviews!"", ""mobileDrawerMode"": ""peek"", ""showAuthorPhotos"": true, ""showBusinessInfo"": true, ""showBusinessName"": true, ""showCallToAction"": true, ""showReviewImages"": true, ""excludedReviewIds"": [], ""fixedBottomOffset"": 16, ""customBusinessName"": ""Yaffo Auto Collision Center"", ""badgeBackgroundColor"": ""#FFFFFF"", ""callToActionTextColor"": ""#1F2937"", ""drawerBackgroundColor"": ""#FFFFFF"", ""drawerCardBorderColor"": ""#E5E7EB"", ""useCustomBusinessName"": true, ""drawerCardBorderRadius"": 8, ""reviewImageThumbnailSize"": ""medium"", ""drawerCardBackgroundColor"": ""#FFFFFF"", ""callToActionBackgroundColor"": ""#FFFFFF""}"
0f758cf9-b381-4da0-8cb7-5579fc9120c7,SSR Autobody (built by Shah),GOOGLE_REVIEWS_BADGE,Google Reviews Side Peek (Zoel's),b2b60ac1-44d8-4d3b-86dc-721828b1aee4,True,2025-10-31T18:32:07.365265+00:00,2026-03-15T23:27:08.279+00:00,870,2026-01-20T17:40:06.159+00:00,2025-10-31T18:32:07.365265+00:00,"{""name"": ""Google Reviews Side Peek (Zoel's)"", ""sortBy"": ""highest_rating"", ""placeId"": ""ChIJE9ibCILJ54kRiKlQu8rm7Tg"", ""starSize"": 24, ""fullWidth"": true, ""showDates"": true, ""textColor"": ""#1F2937"", ""fontFamily"": ""poppins"", ""maxReviews"": 20, ""badgeLayout"": ""centered"", ""compactMode"": false, ""drawerWidth"": 400, ""showRatings"": true, ""badgePadding"": 12, ""borderRadius"": 15, ""positionType"": ""inline"", ""primaryColor"": ""#007bff"", ""backgroundType"": ""transparent"", ""badgeAlignment"": ""center"", ""filterByImages"": ""images_first"", ""filterByRating"": ""5"", ""googleIconSize"": 24, ""reviewsPerPage"": 10, ""backgroundColor"": ""#FFFFFF"", ""drawerTextColor"": ""#1F2937"", ""fixedLeftOffset"": 16, ""showReviewCount"": true, ""badgeBorderColor"": ""#E5E7EB"", ""callToActionText"": ""Click to read our reviews!"", ""mobileDrawerMode"": ""full"", ""showAuthorPhotos"": true, ""showBusinessInfo"": true, ""showBusinessName"": true, ""showCallToAction"": true, ""showReviewImages"": true, ""excludedReviewIds"": [], ""fixedBottomOffset"": 16, ""customBusinessName"": """", ""badgeBackgroundColor"": ""#FFFFFF"", ""callToActionTextColor"": ""#1F2937"", ""drawerBackgroundColor"": ""#FFFFFF"", ""drawerCardBorderColor"": ""#E5E7EB"", ""useCustomBusinessName"": false, ""drawerCardBorderRadius"": 8, ""reviewImageThumbnailSize"": ""medium"", ""drawerCardBackgroundColor"": ""#FFFFFF"", ""callToActionBackgroundColor"": ""#FFFFFF""}"
0f758cf9-b381-4da0-8cb7-5579fc9120c7,SSR Autobody (built by Shah),GOOGLE_REVIEWS_BADGE,Google Reviews Side Peek Alpha Auto Collision),515736ed-03ee-4cb3-bd9e-145850b06a85,True,2026-06-24T17:53:28.337283+00:00,2026-06-24T18:38:36.15+00:00,30,2026-07-31T19:45:53.496734+00:00,2026-06-24T18:42:00.909+00:00,"{""name"": ""Google Reviews Side Peek Alpha Auto Collision)"", ""dataId"": ""0x80c34b55fee744bd:0x8038a4fc2cceed13"", ""sortBy"": ""highest_rating"", ""placeId"": ""ChIJvUTn_lVLw4ARE-3OLPykOIA"", ""starSize"": 24, ""fullWidth"": true, ""showDates"": true, ""textColor"": ""#1F2937"", ""fontFamily"": ""poppins"", ""maxReviews"": 30, ""badgeLayout"": ""centered"", ""compactMode"": false, ""drawerWidth"": 400, ""showRatings"": true, ""badgePadding"": 12, ""borderRadius"": 15, ""positionType"": ""inline"", ""primaryColor"": ""#3694ff"", ""backgroundType"": ""transparent"", ""badgeAlignment"": ""center"", ""filterByImages"": ""images_first"", ""filterByRating"": ""5"", ""googleIconSize"": 24, ""reviewsPerPage"": 10, ""backgroundColor"": ""#FFFFFF"", ""drawerTextColor"": ""#1F2937"", ""fixedLeftOffset"": 16, ""showReviewCount"": true, ""badgeBorderColor"": ""#E5E7EB"", ""callToActionText"": ""Click to read our reviews!"", ""mobileDrawerMode"": ""peek"", ""showAuthorPhotos"": true, ""showBusinessInfo"": true, ""showBusinessName"": true, ""showCallToAction"": true, ""showReviewImages"": true, ""excludedReviewIds"": [], ""fixedBottomOffset"": 16, ""customBusinessName"": ""American Auto Collision "", ""badgeBackgroundColor"": ""#FFFFFF"", ""callToActionTextColor"": ""#1F2937"", ""drawerBackgroundColor"": ""#FFFFFF"", ""drawerCardBorderColor"": ""#E5E7EB"", ""useCustomBusinessName"": false, ""drawerCardBorderRadius"": 8, ""reviewImageThumbnailSize"": ""medium"", ""drawerCardBackgroundColor"": ""#FFFFFF"", ""callToActionBackgroundColor"": ""#FFFFFF""}"
0f758cf9-b381-4da0-8cb7-5579fc9120c7,SSR Autobody (built by Shah),GOOGLE_REVIEWS_BADGE,Google Reviews Side Peek DESKTOP (SSR Autobody) - temporary landing page,3866df13-c7ea-4d1a-aad4-28e6def75e35,True,2025-12-11T00:53:12.230198+00:00,2026-03-15T23:26:13.308+00:00,469,2026-02-09T21:08:16.132+00:00,2025-12-11T00:53:12.230198+00:00,"{""name"": ""Google Reviews Side Peek DESKTOP (SSR Autobody) - temporary landing page"", ""sortBy"": ""highest_rating"", ""placeId"": ""ChIJNQEJMirX3IARlbhAnUyNq54"", ""starSize"": 30, ""fullWidth"": true, ""showDates"": true, ""textColor"": ""#1F2937"", ""fontFamily"": ""poppins"", ""maxReviews"": 20, ""badgeLayout"": ""horizontal"", ""compactMode"": false, ""drawerWidth"": 400, ""showRatings"": true, ""badgePadding"": 16, ""borderRadius"": 24, ""positionType"": ""inline"", ""primaryColor"": ""#e42709"", ""backgroundType"": ""transparent"", ""badgeAlignment"": ""left"", ""filterByImages"": ""images_first"", ""filterByRating"": ""5"", ""googleIconSize"": 40, ""reviewsPerPage"": 10, ""backgroundColor"": ""#FFFFFF"", ""drawerTextColor"": ""#1F2937"", ""fixedLeftOffset"": 16, ""showReviewCount"": true, ""badgeBorderColor"": ""#E5E7EB"", ""callToActionText"": ""Click to read our reviews!"", ""mobileDrawerMode"": ""full"", ""showAuthorPhotos"": true, ""showBusinessInfo"": true, ""showBusinessName"": true, ""showCallToAction"": true, ""showReviewImages"": true, ""excludedReviewIds"": [], ""fixedBottomOffset"": 16, ""customBusinessName"": """", ""badgeBackgroundColor"": ""#FFFFFF"", ""callToActionTextColor"": ""#1F2937"", ""drawerBackgroundColor"": ""#FFFFFF"", ""drawerCardBorderColor"": ""#E5E7EB"", ""useCustomBusinessName"": false, ""drawerCardBorderRadius"": 11, ""reviewImageThumbnailSize"": ""medium"", ""drawerCardBackgroundColor"": ""#FFFFFF"", ""callToActionBackgroundColor"": ""#FFFFFF""}"
0f758cf9-b381-4da0-8cb7-5579fc9120c7,SSR Autobody (built by Shah),GOOGLE_REVIEWS_BADGE,Google Reviews Side Peek DESKTOP (Steel Autobody) - temporary landing page,ce6715c4-96ba-4aba-b2b5-b60fef1e7dab,True,2025-12-11T21:07:07.402847+00:00,2026-03-15T23:26:02.057+00:00,111,2025-12-30T04:41:46.592+00:00,2025-12-11T21:07:07.402847+00:00,"{""name"": ""Google Reviews Side Peek DESKTOP (Steel Autobody) - temporary landing page"", ""sortBy"": ""highest_rating"", ""placeId"": ""ChIJFY-Ll9qHa4cRseY7yHzMs0g"", ""starSize"": 30, ""fullWidth"": true, ""showDates"": true, ""textColor"": ""#1F2937"", ""fontFamily"": ""poppins"", ""maxReviews"": 20, ""badgeLayout"": ""horizontal"", ""compactMode"": false, ""drawerWidth"": 400, ""showRatings"": true, ""badgePadding"": 16, ""borderRadius"": 24, ""positionType"": ""inline"", ""primaryColor"": ""#007bff"", ""backgroundType"": ""transparent"", ""badgeAlignment"": ""left"", ""filterByImages"": ""images_first"", ""filterByRating"": ""5"", ""googleIconSize"": 40, ""reviewsPerPage"": 10, ""backgroundColor"": ""#FFFFFF"", ""drawerTextColor"": ""#1F2937"", ""fixedLeftOffset"": 16, ""showReviewCount"": true, ""badgeBorderColor"": ""#E5E7EB"", ""callToActionText"": ""Click to read our reviews!"", ""mobileDrawerMode"": ""full"", ""showAuthorPhotos"": true, ""showBusinessInfo"": true, ""showBusinessName"": true, ""showCallToAction"": true, ""showReviewImages"": true, ""excludedReviewIds"": [], ""fixedBottomOffset"": 16, ""customBusinessName"": """", ""badgeBackgroundColor"": ""#FFFFFF"", ""callToActionTextColor"": ""#1F2937"", ""drawerBackgroundColor"": ""#FFFFFF"", ""drawerCardBorderColor"": ""#E5E7EB"", ""useCustomBusinessName"": false, ""drawerCardBorderRadius"": 11, ""reviewImageThumbnailSize"": ""medium"", ""drawerCardBackgroundColor"": ""#FFFFFF"", ""callToActionBackgroundColor"": ""#FFFFFF""}"
0f758cf9-b381-4da0-8cb7-5579fc9120c7,SSR Autobody (built by Shah),GOOGLE_REVIEWS_BADGE,Google Reviews Side Peek MOBILE (SSR Autobody) - temporary landing page Copy,d7d0adc8-b993-431e-9417-85eee5b32c04,True,2025-12-11T02:37:46.885203+00:00,2026-03-15T23:26:07.061+00:00,370,2026-02-09T21:08:16.21+00:00,2025-12-11T02:37:46.885203+00:00,"{""name"": ""Google Reviews Side Peek MOBILE (SSR Autobody) - temporary landing page Copy"", ""sortBy"": ""highest_rating"", ""placeId"": ""ChIJNQEJMirX3IARlbhAnUyNq54"", ""starSize"": 26, ""fullWidth"": true, ""showDates"": true, ""textColor"": ""#1F2937"", ""fontFamily"": ""poppins"", ""maxReviews"": 20, ""badgeLayout"": ""centered"", ""compactMode"": false, ""drawerWidth"": 400, ""showRatings"": true, ""badgePadding"": 16, ""borderRadius"": 24, ""positionType"": ""inline"", ""primaryColor"": ""#e42709"", ""backgroundType"": ""transparent"", ""badgeAlignment"": ""left"", ""filterByImages"": ""images_first"", ""filterByRating"": ""5"", ""googleIconSize"": 37, ""reviewsPerPage"": 10, ""backgroundColor"": ""#FFFFFF"", ""drawerTextColor"": ""#1F2937"", ""fixedLeftOffset"": 16, ""showReviewCount"": true, ""badgeBorderColor"": ""#E5E7EB"", ""callToActionText"": ""Click to read our reviews!"", ""mobileDrawerMode"": ""full"", ""showAuthorPhotos"": true, ""showBusinessInfo"": true, ""showBusinessName"": true, ""showCallToAction"": true, ""showReviewImages"": true, ""excludedReviewIds"": [], ""fixedBottomOffset"": 16, ""customBusinessName"": """", ""badgeBackgroundColor"": ""#FFFFFF"", ""callToActionTextColor"": ""#1F2937"", ""drawerBackgroundColor"": ""#FFFFFF"", ""drawerCardBorderColor"": ""#E5E7EB"", ""useCustomBusinessName"": false, ""drawerCardBorderRadius"": 11, ""reviewImageThumbnailSize"": ""medium"", ""drawerCardBackgroundColor"": ""#FFFFFF"", ""callToActionBackgroundColor"": ""#FFFFFF""}"
0f758cf9-b381-4da0-8cb7-5579fc9120c7,SSR Autobody (built by Shah),GOOGLE_REVIEWS_BADGE,Google Reviews Side Peek MOBILE (Steel Autobody) - temporary landing page,277b0a8b-0938-47be-a6ed-94282653d574,True,2025-12-11T21:07:09.761796+00:00,2026-04-13T04:26:59.014+00:00,112,2025-12-30T04:41:46.59+00:00,2025-12-11T21:07:09.761796+00:00,"{""name"": ""Google Reviews Side Peek MOBILE (Steel Autobody) - temporary landing page"", ""sortBy"": ""highest_rating"", ""placeId"": ""ChIJFY-Ll9qHa4cRseY7yHzMs0g"", ""starSize"": 26, ""fullWidth"": false, ""showDates"": true, ""textColor"": ""#1F2937"", ""fontFamily"": ""poppins"", ""maxReviews"": 20, ""badgeLayout"": ""centered"", ""compactMode"": false, ""drawerWidth"": 400, ""showRatings"": true, ""badgePadding"": 16, ""borderRadius"": 24, ""positionType"": ""inline"", ""primaryColor"": ""#007bff"", ""backgroundType"": ""transparent"", ""badgeAlignment"": ""left"", ""filterByImages"": ""images_first"", ""filterByRating"": ""5"", ""googleIconSize"": 37, ""reviewsPerPage"": 10, ""backgroundColor"": ""#FFFFFF"", ""drawerTextColor"": ""#1F2937"", ""fixedLeftOffset"": 16, ""showReviewCount"": true, ""badgeBorderColor"": ""#E5E7EB"", ""callToActionText"": ""Click to read our reviews!"", ""mobileDrawerMode"": ""full"", ""showAuthorPhotos"": true, ""showBusinessInfo"": true, ""showBusinessName"": true, ""showCallToAction"": true, ""showReviewImages"": true, ""excludedReviewIds"": [], ""fixedBottomOffset"": 16, ""customBusinessName"": ""Steel Auto Body"", ""badgeBackgroundColor"": ""#FFFFFF"", ""callToActionTextColor"": ""#1F2937"", ""drawerBackgroundColor"": ""#FFFFFF"", ""drawerCardBorderColor"": ""#E5E7EB"", ""useCustomBusinessName"": true, ""drawerCardBorderRadius"": 11, ""reviewImageThumbnailSize"": ""medium"", ""drawerCardBackgroundColor"": ""#FFFFFF"", ""callToActionBackgroundColor"": ""#FFFFFF""}"
0f758cf9-b381-4da0-8cb7-5579fc9120c7,SSR Autobody (built by Shah),GOOGLE_REVIEWS_BADGE,Smile Magic Dentistry (floating badge),4fa0db09-7917-47c1-8cb1-3b5b99ee8ab9,True,2026-01-20T21:41:16.298469+00:00,2026-04-12T21:51:56.514+00:00,36536,2026-08-05T08:56:16.776599+00:00,2026-01-20T21:42:52.769+00:00,"{""name"": ""Smile Magic Dentistry (floating badge)"", ""sortBy"": ""most_relevant"", ""placeId"": ""ChIJXdQYJ9HQ3IARWpFbGDAPegE"", ""starSize"": 24, ""fullWidth"": false, ""showDates"": true, ""textColor"": ""#FFFFFF"", ""fontFamily"": ""system"", ""maxReviews"": 20, ""badgeLayout"": ""horizontal"", ""compactMode"": false, ""drawerWidth"": 400, ""showRatings"": true, ""badgePadding"": 12, ""borderRadius"": 17, ""positionType"": ""fixed"", ""primaryColor"": ""#c1b180"", ""backgroundType"": ""transparent"", ""badgeAlignment"": ""left"", ""filterByImages"": ""images_first"", ""filterByRating"": ""5"", ""googleIconSize"": 40, ""reviewsPerPage"": 10, ""backgroundColor"": ""#FFFFFF"", ""drawerTextColor"": ""#1F2937"", ""fixedLeftOffset"": 16, ""showReviewCount"": true, ""badgeBorderColor"": ""#3f4557"", ""callToActionText"": ""click to read our reviews!"", ""mobileDrawerMode"": ""full"", ""showAuthorPhotos"": true, ""showBusinessInfo"": true, ""showBusinessName"": true, ""showCallToAction"": false, ""showReviewImages"": true, ""excludedReviewIds"": [], ""fixedBottomOffset"": 30, ""customBusinessName"": ""Smile Magic Dentistry"", ""badgeBackgroundColor"": ""#000E2D"", ""callToActionTextColor"": ""#1F2937"", ""drawerBackgroundColor"": ""#FFFFFF"", ""drawerCardBorderColor"": ""#E5E7EB"", ""useCustomBusinessName"": true, ""drawerCardBorderRadius"": 10, ""reviewImageThumbnailSize"": ""medium"", ""drawerCardBackgroundColor"": ""#FFFFFF"", ""callToActionBackgroundColor"": ""#FFFFFF""}"
0f758cf9-b381-4da0-8cb7-5579fc9120c7,SSR Autobody (built by Shah),GOOGLE_REVIEWS_BADGE,Smile Magic Dentistry (side peek),ad35d8d1-c81e-420f-84bc-34a69fa81a90,True,2026-01-20T21:30:24.78916+00:00,2026-03-15T23:24:54.402+00:00,17,2026-01-20T21:48:28.374+00:00,2026-01-20T21:30:25.632+00:00,"{""name"": ""Smile Magic Dentistry (side peek)"", ""sortBy"": ""most_relevant"", ""placeId"": ""ChIJXdQYJ9HQ3IARWpFbGDAPegE"", ""starSize"": 24, ""fullWidth"": false, ""showDates"": true, ""textColor"": ""#FFFFFF"", ""fontFamily"": ""system"", ""maxReviews"": 20, ""badgeLayout"": ""horizontal"", ""compactMode"": false, ""drawerWidth"": 400, ""showRatings"": true, ""badgePadding"": 12, ""borderRadius"": 17, ""positionType"": ""inline"", ""primaryColor"": ""#c1b180"", ""backgroundType"": ""transparent"", ""badgeAlignment"": ""left"", ""filterByImages"": ""images_first"", ""filterByRating"": ""5"", ""googleIconSize"": 40, ""reviewsPerPage"": 10, ""backgroundColor"": ""#FFFFFF"", ""drawerTextColor"": ""#1F2937"", ""fixedLeftOffset"": 16, ""showReviewCount"": true, ""badgeBorderColor"": ""#3f4557"", ""callToActionText"": ""click to read our reviews!"", ""mobileDrawerMode"": ""full"", ""showAuthorPhotos"": true, ""showBusinessInfo"": true, ""showBusinessName"": true, ""showCallToAction"": true, ""showReviewImages"": true, ""excludedReviewIds"": [], ""fixedBottomOffset"": 16, ""customBusinessName"": """", ""badgeBackgroundColor"": ""rgba(255, 255, 255, 0)"", ""callToActionTextColor"": ""#1F2937"", ""drawerBackgroundColor"": ""#FFFFFF"", ""drawerCardBorderColor"": ""#E5E7EB"", ""useCustomBusinessName"": false, ""drawerCardBorderRadius"": 10, ""reviewImageThumbnailSize"": ""medium"", ""drawerCardBackgroundColor"": ""#FFFFFF"", ""callToActionBackgroundColor"": ""#FFFFFF""}"
0f758cf9-b381-4da0-8cb7-5579fc9120c7,SSR Autobody (built by Shah),GOOGLE_REVIEWS_BADGE,Smile Magic Dentistry (side peek) Copy,ee645fa3-e6dd-4ee7-abe6-64c72bcbd0c0,True,2026-01-20T21:49:04.899796+00:00,2026-05-21T20:55:44.113+00:00,32796,2026-08-05T08:56:16.795155+00:00,2026-01-20T21:49:18.989+00:00,"{""name"": ""Smile Magic Dentistry (side peek) Copy"", ""sortBy"": ""most_relevant"", ""placeId"": ""ChIJXdQYJ9HQ3IARWpFbGDAPegE"", ""starSize"": 24, ""fullWidth"": true, ""showDates"": true, ""textColor"": ""#FFFFFF"", ""fontFamily"": ""system"", ""maxReviews"": 20, ""badgeLayout"": ""horizontal"", ""compactMode"": false, ""drawerWidth"": 400, ""showRatings"": true, ""badgePadding"": 12, ""borderRadius"": 17, ""positionType"": ""inline"", ""primaryColor"": ""#c1b180"", ""backgroundType"": ""transparent"", ""badgeAlignment"": ""center"", ""filterByImages"": ""images_first"", ""filterByRating"": ""5"", ""googleIconSize"": 40, ""reviewsPerPage"": 10, ""backgroundColor"": ""#FFFFFF"", ""drawerTextColor"": ""#1F2937"", ""fixedLeftOffset"": 16, ""showReviewCount"": true, ""badgeBorderColor"": ""#3f4557"", ""callToActionText"": ""click to read our reviews!"", ""mobileDrawerMode"": ""peek"", ""showAuthorPhotos"": true, ""showBusinessInfo"": true, ""showBusinessName"": true, ""showCallToAction"": true, ""showReviewImages"": true, ""excludedReviewIds"": [], ""fixedBottomOffset"": 16, ""customBusinessName"": ""Smile Magic Dentistry"", ""badgeBackgroundColor"": ""rgba(255, 255, 255, 0)"", ""callToActionTextColor"": ""#1F2937"", ""drawerBackgroundColor"": ""#FFFFFF"", ""drawerCardBorderColor"": ""#E5E7EB"", ""useCustomBusinessName"": true, ""drawerCardBorderRadius"": 10, ""reviewImageThumbnailSize"": ""medium"", ""drawerCardBackgroundColor"": ""#FFFFFF"", ""callToActionBackgroundColor"": ""#FFFFFF""}"
0f758cf9-b381-4da0-8cb7-5579fc9120c7,SSR Autobody (built by Shah),GOOGLE_REVIEWS_CAROUSEL,Ali test - Google Reviews (Pacific Rims Auto Body Shop) Copy Copy,b4e96ab9-e046-4922-8661-e02fa4eda99d,True,2026-08-03T18:49:18.538748+00:00,2026-08-05T09:41:29.889+00:00,0,,2026-08-05T02:44:43.93+00:00,"{""name"": ""Ali test - Google Reviews (Pacific Rims Auto Body Shop) Copy Copy"", ""dataId"": ""0x8640c24d1146ce51:0xa30a8bd3e5838ed2"", ""sortBy"": ""highest_rating"", ""cardGap"": 16, ""placeId"": ""ChIJUc5GEU3CQIYR0o6D5dOLCqM"", ""autoPlay"": false, ""cacheTTL"": 60, ""language"": ""en"", ""showDates"": true, ""textColor"": ""#2D2D2D"", ""widthType"": ""percentage"", ""fontFamily"": ""poppins"", ""maxReviews"": 40, ""widthValue"": 100, ""cardPadding"": 16, ""showRatings"": true, ""borderRadius"": 28, ""primaryColor"": ""#3694ff"", ""backgroundType"": ""transparent"", ""filterByImages"": ""images_first"", ""filterByRating"": ""5"", ""backgroundColor"": ""#FFFFFF"", ""cardBorderColor"": ""#3694ff"", ""reviewsPerSlide"": 5, ""autoPlayInterval"": 5, ""showAuthorPhotos"": true, ""showBusinessInfo"": false, ""showReviewImages"": true, ""containerMaxWidth"": 1200, ""excludedReviewIds"": [""Mathew Raines|a year ago""], ""showBusinessRating"": true, ""cardBackgroundColor"": ""#FFFFFF"", ""reviewTextMaxHeight"": 300, ""reviewImageThumbnailSize"": ""medium""}"
0f758cf9-b381-4da0-8cb7-5579fc9120c7,SSR Autobody (built by Shah),GOOGLE_REVIEWS_CAROUSEL,Google Reviews (10x Auto Group),bc99b5bb-300a-4f42-81f0-d29ed2d4f505,True,2026-08-04T19:34:37.282803+00:00,2026-08-04T19:34:37.282803+00:00,28,2026-08-05T07:34:27.655706+00:00,2026-08-04T19:34:38.151+00:00,"{""name"": ""Google Reviews (10x Auto Group)"", ""dataId"": ""0x80d94ff042c4999f:0xb55f8dde92e8344f"", ""sortBy"": ""highest_rating"", ""cardGap"": 16, ""placeId"": ""ChIJn5nEQvBP2YARTzTokt6NX7U"", ""autoPlay"": false, ""cacheTTL"": 60, ""language"": ""en"", ""showDates"": true, ""textColor"": ""#2D2D2D"", ""widthType"": ""percentage"", ""fontFamily"": ""poppins"", ""maxReviews"": 40, ""widthValue"": 100, ""cardPadding"": 16, ""showRatings"": true, ""borderRadius"": 28, ""primaryColor"": ""#DC2626"", ""backgroundType"": ""transparent"", ""filterByImages"": ""images_first"", ""filterByRating"": ""5"", ""backgroundColor"": ""#FFFFFF"", ""cardBorderColor"": ""#e42709"", ""reviewsPerSlide"": 5, ""autoPlayInterval"": 5, ""showAuthorPhotos"": true, ""showBusinessInfo"": false, ""showReviewImages"": true, ""containerMaxWidth"": 1200, ""excludedReviewIds"": [], ""showBusinessRating"": true, ""cardBackgroundColor"": ""#FFFFFF"", ""reviewTextMaxHeight"": 300, ""reviewImageThumbnailSize"": ""medium""}"
0f758cf9-b381-4da0-8cb7-5579fc9120c7,SSR Autobody (built by Shah),GOOGLE_REVIEWS_CAROUSEL,Google Reviews (AAJ Auto Collision),99ffaf34-d89d-400f-ba5a-70182af62111,True,2026-06-11T16:57:11.587629+00:00,2026-06-11T17:12:54.027+00:00,680,2026-08-05T02:49:45.213355+00:00,2026-06-11T17:15:30.685+00:00,"{""name"": ""Google Reviews (AAJ Auto Collision)"", ""sortBy"": ""highest_rating"", ""cardGap"": 16, ""placeId"": ""ChIJWaVH9Xv0wokR897pclaXJug"", ""autoPlay"": false, ""cacheTTL"": 60, ""language"": ""en"", ""showDates"": true, ""textColor"": ""#2D2D2D"", ""widthType"": ""percentage"", ""fontFamily"": ""poppins"", ""maxReviews"": 40, ""widthValue"": 100, ""cardPadding"": 16, ""showRatings"": true, ""borderRadius"": 28, ""primaryColor"": ""#DC2626"", ""backgroundType"": ""transparent"", ""filterByImages"": ""images_first"", ""filterByRating"": ""5"", ""backgroundColor"": ""#FFFFFF"", ""cardBorderColor"": ""#e42709"", ""reviewsPerSlide"": 5, ""autoPlayInterval"": 5, ""showAuthorPhotos"": true, ""showBusinessInfo"": false, ""showReviewImages"": true, ""containerMaxWidth"": 1200, ""excludedReviewIds"": [""Ishraq Alkibsi|4 years ago"", ""Valeria Castrillo|10 months ago"", ""Edward|2 years ago"", ""Alessandro Magno|a month ago"", ""Robert Flores|a month ago"", ""Arbi Der Krikorian|3 months ago"", ""Alfred Ramirez|3 months ago"", ""Brian Arriaga-Martin|10 months ago"", ""Antonio C|3 months ago"", ""Advice Giant|Edited 3 years ago"", ""Linda|a year ago"", ""Renald “Ren” Moore|5 years ago"", ""Erock1r|3 months ago"", ""Jennifer Hung|5 months ago"", ""Eman Juma|5 months ago"", ""Lizette Ramirez|7 months ago""], ""showBusinessRating"": true, ""cardBackgroundColor"": ""#FFFFFF"", ""reviewTextMaxHeight"": 300, ""reviewImageThumbnailSize"": ""medium""}"
0f758cf9-b381-4da0-8cb7-5579fc9120c7,SSR Autobody (built by Shah),GOOGLE_REVIEWS_CAROUSEL,Google Reviews (AMGAuto Body) ,2b1bf3d6-629a-46d0-9223-e583d9405686,True,2026-02-12T00:10:33.016701+00:00,2026-03-13T20:04:15.026+00:00,5220,2026-08-05T07:47:35.809667+00:00,2026-02-12T00:13:01.797+00:00,"{""name"": ""Google Reviews (AMGAuto Body) "", ""sortBy"": ""highest_rating"", ""cardGap"": 16, ""placeId"": ""ChIJYYxgZKDHyIARsz7AHWWux1A"", ""autoPlay"": false, ""cacheTTL"": 60, ""language"": ""en"", ""showDates"": true, ""textColor"": ""#2D2D2D"", ""widthType"": ""percentage"", ""fontFamily"": ""poppins"", ""maxReviews"": 40, ""widthValue"": 100, ""cardPadding"": 16, ""showRatings"": true, ""borderRadius"": 28, ""primaryColor"": ""#DC2626"", ""backgroundType"": ""transparent"", ""filterByImages"": ""images_first"", ""filterByRating"": ""5"", ""backgroundColor"": ""#FFFFFF"", ""cardBorderColor"": ""#e42709"", ""reviewsPerSlide"": 5, ""autoPlayInterval"": 5, ""showAuthorPhotos"": true, ""showBusinessInfo"": false, ""showReviewImages"": true, ""containerMaxWidth"": 1200, ""excludedReviewIds"": [""Greg L|a year ago"", ""Patrice Newsome|4 years ago""], ""showBusinessRating"": true, ""cardBackgroundColor"": ""#FFFFFF"", ""reviewTextMaxHeight"": 300, ""reviewImageThumbnailSize"": ""medium""}"
0f758cf9-b381-4da0-8cb7-5579fc9120c7,SSR Autobody (built by Shah),GOOGLE_REVIEWS_CAROUSEL,Google Reviews (Akins Collision Center),bd97429a-5908-4bbd-8d6c-1e50b3f5788b,True,2026-05-26T04:11:32.651138+00:00,2026-05-26T04:12:44.332+00:00,2898,2026-08-05T09:05:26.701138+00:00,2026-05-26T04:13:49.013+00:00,"{""name"": ""Google Reviews (Akins Collision Center)"", ""sortBy"": ""highest_rating"", ""cardGap"": 16, ""placeId"": ""ChIJ9QMZxbXLj4ARZncZDrfvrA8"", ""autoPlay"": false, ""cacheTTL"": 60, ""language"": ""en"", ""showDates"": true, ""textColor"": ""#2D2D2D"", ""widthType"": ""percentage"", ""fontFamily"": ""poppins"", ""maxReviews"": 40, ""widthValue"": 100, ""cardPadding"": 16, ""showRatings"": true, ""borderRadius"": 28, ""primaryColor"": ""#DC2626"", ""backgroundType"": ""transparent"", ""filterByImages"": ""images_first"", ""filterByRating"": ""5"", ""backgroundColor"": ""#FFFFFF"", ""cardBorderColor"": ""#e42709"", ""reviewsPerSlide"": 5, ""autoPlayInterval"": 5, ""showAuthorPhotos"": true, ""showBusinessInfo"": false, ""showReviewImages"": true, ""containerMaxWidth"": 1200, ""excludedReviewIds"": [""Ishraq Alkibsi|4 years ago"", ""Valeria Castrillo|10 months ago"", ""Edward|2 years ago"", ""Alessandro Magno|a month ago"", ""Robert Flores|a month ago"", ""Arbi Der Krikorian|3 months ago"", ""Alfred Ramirez|3 months ago"", ""Brian Arriaga-Martin|10 months ago"", ""Antonio C|3 months ago"", ""Advice Giant|Edited 3 years ago"", ""Linda|a year ago"", ""Renald “Ren” Moore|5 years ago"", ""Erock1r|3 months ago"", ""Jennifer Hung|5 months ago"", ""Eman Juma|5 months ago"", ""Lizette Ramirez|7 months ago""], ""showBusinessRating"": true, ""cardBackgroundColor"": ""#FFFFFF"", ""reviewTextMaxHeight"": 300, ""reviewImageThumbnailSize"": ""medium""}"
0f758cf9-b381-4da0-8cb7-5579fc9120c7,SSR Autobody (built by Shah),GOOGLE_REVIEWS_CAROUSEL,Google Reviews (Alpha Auto Collision),aa36ee6b-46d6-42dc-9f04-14fc1db609e2,True,2026-06-24T17:53:39.488651+00:00,2026-06-24T18:41:52.078+00:00,21,2026-07-31T19:45:53.65279+00:00,2026-06-24T18:42:29.772+00:00,"{""name"": ""Google Reviews (Alpha Auto Collision)"", ""dataId"": ""0x80c34b55fee744bd:0x8038a4fc2cceed13"", ""sortBy"": ""highest_rating"", ""cardGap"": 16, ""placeId"": ""ChIJvUTn_lVLw4ARE-3OLPykOIA"", ""autoPlay"": false, ""cacheTTL"": 60, ""language"": ""en"", ""showDates"": true, ""textColor"": ""#2D2D2D"", ""widthType"": ""percentage"", ""fontFamily"": ""poppins"", ""maxReviews"": 40, ""widthValue"": 100, ""cardPadding"": 16, ""showRatings"": true, ""borderRadius"": 28, ""primaryColor"": ""#3694ff"", ""backgroundType"": ""transparent"", ""filterByImages"": ""images_first"", ""filterByRating"": ""5"", ""backgroundColor"": ""#FFFFFF"", ""cardBorderColor"": ""#3694ff"", ""reviewsPerSlide"": 5, ""autoPlayInterval"": 5, ""showAuthorPhotos"": true, ""showBusinessInfo"": false, ""showReviewImages"": true, ""containerMaxWidth"": 1200, ""excludedReviewIds"": [""Mathew Raines|a year ago""], ""showBusinessRating"": true, ""cardBackgroundColor"": ""#FFFFFF"", ""reviewTextMaxHeight"": 300, ""reviewImageThumbnailSize"": ""medium""}"
0f758cf9-b381-4da0-8cb7-5579fc9120c7,SSR Autobody (built by Shah),GOOGLE_REVIEWS_CAROUSEL,Google Reviews (American Auto),3c3aeb76-d674-4866-ad76-0153dfd52aab,True,2026-05-15T00:16:55.428855+00:00,2026-05-22T18:26:29.152+00:00,2055,2026-08-04T21:16:42.50716+00:00,2026-05-15T01:47:19.474+00:00,"{""name"": ""Google Reviews (American Auto)"", ""sortBy"": ""highest_rating"", ""cardGap"": 16, ""placeId"": ""ChIJUbV12xzeQIYR2cGlXkaHXgs"", ""autoPlay"": false, ""cacheTTL"": 60, ""language"": ""en"", ""showDates"": true, ""textColor"": ""#2D2D2D"", ""widthType"": ""percentage"", ""fontFamily"": ""poppins"", ""maxReviews"": 40, ""widthValue"": 100, ""cardPadding"": 16, ""showRatings"": true, ""borderRadius"": 28, ""primaryColor"": ""#3694ff"", ""backgroundType"": ""transparent"", ""filterByImages"": ""images_first"", ""filterByRating"": ""5"", ""backgroundColor"": ""#FFFFFF"", ""cardBorderColor"": ""#3694ff"", ""reviewsPerSlide"": 5, ""autoPlayInterval"": 5, ""showAuthorPhotos"": true, ""showBusinessInfo"": false, ""showReviewImages"": true, ""containerMaxWidth"": 1200, ""excludedReviewIds"": [""Mathew Raines|a year ago""], ""showBusinessRating"": true, ""cardBackgroundColor"": ""#FFFFFF"", ""reviewTextMaxHeight"": 300, ""reviewImageThumbnailSize"": ""medium""}"
0f758cf9-b381-4da0-8cb7-5579fc9120c7,SSR Autobody (built by Shah),GOOGLE_REVIEWS_CAROUSEL,Google Reviews (Anderson Auto Body) ,be32ee0f-f495-4070-9213-8221fda6f85c,True,2026-01-24T00:53:34.610538+00:00,2026-02-11T17:58:29.934+00:00,3120,2026-08-05T09:14:51.67987+00:00,2026-01-24T00:56:51.295+00:00,"{""name"": ""Google Reviews (Anderson Auto Body) "", ""sortBy"": ""highest_rating"", ""cardGap"": 16, ""placeId"": ""ChIJeT1uAdwRU4cRhdt0sV51-CQ"", ""autoPlay"": false, ""cacheTTL"": 60, ""language"": ""en"", ""showDates"": true, ""textColor"": ""#2D2D2D"", ""widthType"": ""percentage"", ""fontFamily"": ""poppins"", ""maxReviews"": 40, ""widthValue"": 100, ""cardPadding"": 16, ""showRatings"": true, ""borderRadius"": 28, ""primaryColor"": ""#DC2626"", ""backgroundType"": ""transparent"", ""filterByImages"": ""images_first"", ""filterByRating"": ""5"", ""backgroundColor"": ""#FFFFFF"", ""cardBorderColor"": ""#e42709"", ""reviewsPerSlide"": 5, ""autoPlayInterval"": 5, ""showAuthorPhotos"": true, ""showBusinessInfo"": false, ""showReviewImages"": true, ""containerMaxWidth"": 1200, ""excludedReviewIds"": [""Greg L|a year ago""], ""showBusinessRating"": true, ""cardBackgroundColor"": ""#FFFFFF"", ""reviewTextMaxHeight"": 300, ""reviewImageThumbnailSize"": ""medium""}"
0f758cf9-b381-4da0-8cb7-5579fc9120c7,SSR Autobody (built by Shah),GOOGLE_REVIEWS_CAROUSEL,Google Reviews (Arrow Body & Fender Service) ,81a10e72-df63-4b53-8acc-d61bb91f9c0d,True,2026-07-10T19:20:04.45197+00:00,2026-07-10T19:21:08.998+00:00,1032,2026-08-05T09:46:44.445049+00:00,2026-07-10T19:24:15.996+00:00,"{""name"": ""Google Reviews (Arrow Body & Fender Service) "", ""dataId"": ""0x880fcb1d88aaad77:0xb1d3c893940316bf"", ""sortBy"": ""highest_rating"", ""cardGap"": 16, ""placeId"": ""ChIJd62qiB3LD4gRvxYDlJPI07E"", ""autoPlay"": false, ""cacheTTL"": 60, ""language"": ""en"", ""showDates"": true, ""textColor"": ""#2D2D2D"", ""widthType"": ""percentage"", ""fontFamily"": ""poppins"", ""maxReviews"": 40, ""widthValue"": 100, ""cardPadding"": 16, ""showRatings"": true, ""borderRadius"": 28, ""primaryColor"": ""#DC2626"", ""backgroundType"": ""transparent"", ""filterByImages"": ""images_first"", ""filterByRating"": ""5"", ""backgroundColor"": ""#FFFFFF"", ""cardBorderColor"": ""#e42709"", ""reviewsPerSlide"": 5, ""autoPlayInterval"": 5, ""showAuthorPhotos"": true, ""showBusinessInfo"": false, ""showReviewImages"": true, ""containerMaxWidth"": 1200, ""excludedReviewIds"": [""Ishraq Alkibsi|4 years ago"", ""Valeria Castrillo|10 months ago"", ""Edward|2 years ago"", ""Alessandro Magno|a month ago"", ""Robert Flores|a month ago"", ""Arbi Der Krikorian|3 months ago"", ""Alfred Ramirez|3 months ago"", ""Brian Arriaga-Martin|10 months ago"", ""Antonio C|3 months ago"", ""Advice Giant|Edited 3 years ago"", ""Linda|a year ago"", ""Renald “Ren” Moore|5 years ago"", ""Erock1r|3 months ago"", ""Jennifer Hung|5 months ago"", ""Eman Juma|5 months ago"", ""Lizette Ramirez|7 months ago""], ""showBusinessRating"": true, ""cardBackgroundColor"": ""#FFFFFF"", ""reviewTextMaxHeight"": 300, ""reviewImageThumbnailSize"": ""medium""}"
0f758cf9-b381-4da0-8cb7-5579fc9120c7,SSR Autobody (built by Shah),GOOGLE_REVIEWS_CAROUSEL,Google Reviews (Art City Auto Body Orem),7661180c-6a0d-44d7-b1cb-e45adea52d64,True,2026-07-22T18:16:07.261849+00:00,2026-07-22T18:18:02.37+00:00,24,2026-08-04T17:48:01.835703+00:00,2026-07-22T18:18:53.091+00:00,"{""name"": ""Google Reviews (Art City Auto Body Orem)"", ""dataId"": ""0x874d84ce9ec0a775:0x50ce8c8a629a6917"", ""sortBy"": ""highest_rating"", ""cardGap"": 16, ""placeId"": ""ChIJdafAns6ETYcRF2maYoqMzlA"", ""autoPlay"": true, ""cacheTTL"": 60, ""language"": ""en"", ""showDates"": true, ""textColor"": ""#2D2D2D"", ""widthType"": ""percentage"", ""fontFamily"": ""poppins"", ""maxReviews"": 40, ""widthValue"": 100, ""cardPadding"": 16, ""showRatings"": true, ""borderRadius"": 28, ""primaryColor"": ""#F77D11"", ""backgroundType"": ""transparent"", ""filterByImages"": ""images_first"", ""filterByRating"": ""5"", ""backgroundColor"": ""#FFFFFF"", ""cardBorderColor"": ""#F77D11"", ""reviewsPerSlide"": 5, ""autoPlayInterval"": 5, ""showAuthorPhotos"": true, ""showBusinessInfo"": false, ""showReviewImages"": true, ""containerMaxWidth"": 1200, ""excludedReviewIds"": [""Mike Metzger|10 months ago"", ""Bryan Glass|2 years ago"", ""Ashley Felix|a year ago"", ""Summer Moran|a year ago"", ""Andrea Murdock|10 months ago"", ""Liam Sturgis|a year ago""], ""showBusinessRating"": true, ""cardBackgroundColor"": ""#FFFFFF"", ""reviewTextMaxHeight"": 280, ""reviewImageThumbnailSize"": ""medium""}"
0f758cf9-b381-4da0-8cb7-5579fc9120c7,SSR Autobody (built by Shah),GOOGLE_REVIEWS_CAROUSEL,Google Reviews (Art City Auto Body),108d248b-aa94-4b94-b530-1528787ee68c,True,2025-11-07T00:46:56.450727+00:00,2026-02-11T17:41:49.517+00:00,5875,2026-08-05T04:47:57.303842+00:00,2025-11-07T00:46:56.450727+00:00,"{""name"": ""Google Reviews (Art City Auto Body)"", ""sortBy"": ""highest_rating"", ""cardGap"": 16, ""placeId"": ""ChIJoQLa6IS9TYcRtniyN54oLXQ"", ""autoPlay"": true, ""cacheTTL"": 60, ""language"": ""en"", ""showDates"": true, ""textColor"": ""#2D2D2D"", ""widthType"": ""percentage"", ""fontFamily"": ""poppins"", ""maxReviews"": 40, ""widthValue"": 100, ""cardPadding"": 16, ""showRatings"": true, ""borderRadius"": 28, ""primaryColor"": ""#F77D11"", ""backgroundType"": ""transparent"", ""filterByImages"": ""images_first"", ""filterByRating"": ""5"", ""backgroundColor"": ""#FFFFFF"", ""cardBorderColor"": ""#F77D11"", ""reviewsPerSlide"": 5, ""autoPlayInterval"": 5, ""showAuthorPhotos"": true, ""showBusinessInfo"": false, ""showReviewImages"": true, ""containerMaxWidth"": 1200, ""excludedReviewIds"": [""Mike Metzger|10 months ago"", ""Bryan Glass|2 years ago"", ""Ashley Felix|a year ago"", ""Summer Moran|a year ago"", ""Andrea Murdock|10 months ago"", ""Liam Sturgis|a year ago""], ""showBusinessRating"": true, ""cardBackgroundColor"": ""#FFFFFF"", ""reviewTextMaxHeight"": 280, ""reviewImageThumbnailSize"": ""medium""}"
0f758cf9-b381-4da0-8cb7-5579fc9120c7,SSR Autobody (built by Shah),GOOGLE_REVIEWS_CAROUSEL,Google Reviews (Art Collision Center),24fd364f-1209-42d5-a1d4-f6fd965eb160,True,2026-06-29T16:44:53.890602+00:00,2026-06-29T16:47:50.43+00:00,1137,2026-08-05T09:54:28.570215+00:00,2026-06-29T16:50:26.354+00:00,"{""name"": ""Google Reviews (Art Collision Center)"", ""dataId"": ""0x88f5a31c75df85c9:0xe598003b1a90f139"", ""sortBy"": ""highest_rating"", ""cardGap"": 16, ""placeId"": ""ChIJyYXfdRyj9YgROfGQGjsAmOU"", ""autoPlay"": false, ""cacheTTL"": 60, ""language"": ""en"", ""showDates"": true, ""textColor"": ""#2D2D2D"", ""widthType"": ""percentage"", ""fontFamily"": ""poppins"", ""maxReviews"": 40, ""widthValue"": 100, ""cardPadding"": 16, ""showRatings"": true, ""borderRadius"": 28, ""primaryColor"": ""#DC2626"", ""backgroundType"": ""transparent"", ""filterByImages"": ""images_first"", ""filterByRating"": ""5"", ""backgroundColor"": ""#FFFFFF"", ""cardBorderColor"": ""#e42709"", ""reviewsPerSlide"": 5, ""autoPlayInterval"": 5, ""showAuthorPhotos"": true, ""showBusinessInfo"": false, ""showReviewImages"": true, ""containerMaxWidth"": 1200, ""excludedReviewIds"": [""Ishraq Alkibsi|4 years ago"", ""Valeria Castrillo|10 months ago"", ""Edward|2 years ago"", ""Alessandro Magno|a month ago"", ""Robert Flores|a month ago"", ""Arbi Der Krikorian|3 months ago"", ""Alfred Ramirez|3 months ago"", ""Brian Arriaga-Martin|10 months ago"", ""Antonio C|3 months ago"", ""Advice Giant|Edited 3 years ago"", ""Linda|a year ago"", ""Renald “Ren” Moore|5 years ago"", ""Erock1r|3 months ago"", ""Jennifer Hung|5 months ago"", ""Eman Juma|5 months ago"", ""Lizette Ramirez|7 months ago""], ""showBusinessRating"": true, ""cardBackgroundColor"": ""#FFFFFF"", ""reviewTextMaxHeight"": 300, ""reviewImageThumbnailSize"": ""medium""}"
0f758cf9-b381-4da0-8cb7-5579fc9120c7,SSR Autobody (built by Shah),GOOGLE_REVIEWS_CAROUSEL,Google Reviews (Auto Arena Body Shop).,c65143f5-fef2-4e3c-992c-b56fa46bae4e,True,2025-12-30T00:46:18.245684+00:00,2026-02-11T17:51:46.676+00:00,4009,2026-08-05T08:31:51.458462+00:00,2025-12-30T00:49:09.084+00:00,"{""name"": ""Google Reviews (Auto Arena Body Shop)."", ""sortBy"": ""highest_rating"", ""cardGap"": 16, ""placeId"": ""ChIJvUl_RahJQIgR5tSUbq1R2uY"", ""autoPlay"": false, ""cacheTTL"": 60, ""language"": ""en"", ""showDates"": true, ""textColor"": ""#2D2D2D"", ""widthType"": ""percentage"", ""fontFamily"": ""poppins"", ""maxReviews"": 40, ""widthValue"": 100, ""cardPadding"": 16, ""showRatings"": true, ""borderRadius"": 28, ""primaryColor"": ""#3694ff"", ""backgroundType"": ""transparent"", ""filterByImages"": ""images_first"", ""filterByRating"": ""5"", ""backgroundColor"": ""#FFFFFF"", ""cardBorderColor"": ""#3694ff"", ""reviewsPerSlide"": 5, ""autoPlayInterval"": 5, ""showAuthorPhotos"": true, ""showBusinessInfo"": false, ""showReviewImages"": true, ""containerMaxWidth"": 1200, ""excludedReviewIds"": [], ""showBusinessRating"": true, ""cardBackgroundColor"": ""#FFFFFF"", ""reviewTextMaxHeight"": 300, ""reviewImageThumbnailSize"": ""medium""}"
0f758cf9-b381-4da0-8cb7-5579fc9120c7,SSR Autobody (built by Shah),GOOGLE_REVIEWS_CAROUSEL,Google Reviews (Automotive 7),1c2352d8-f02b-4f3f-81be-9145a4f6b28e,True,2025-11-03T20:47:13.520201+00:00,2026-02-11T18:09:47.439+00:00,9070,2026-08-05T07:46:42.145346+00:00,2025-11-03T20:47:13.520201+00:00,"{""name"": ""Google Reviews (Automotive 7)"", ""sortBy"": ""highest_rating"", ""cardGap"": 16, ""placeId"": ""ChIJDUzeAzbZ54kRaIrelJIaRns"", ""autoPlay"": true, ""cacheTTL"": 60, ""language"": ""en"", ""showDates"": true, ""textColor"": ""#2D2D2D"", ""widthType"": ""percentage"", ""fontFamily"": ""poppins"", ""maxReviews"": 40, ""widthValue"": 100, ""cardPadding"": 16, ""showRatings"": true, ""borderRadius"": 28, ""primaryColor"": ""#3694ff"", ""backgroundType"": ""transparent"", ""filterByImages"": ""images_first"", ""filterByRating"": ""5"", ""backgroundColor"": ""#FFFFFF"", ""cardBorderColor"": ""#007bff"", ""reviewsPerSlide"": 5, ""autoPlayInterval"": 5, ""showAuthorPhotos"": true, ""showBusinessInfo"": false, ""showReviewImages"": true, ""containerMaxWidth"": 1200, ""excludedReviewIds"": [""Elvina Kharachikh|2 years ago"", ""J Douglas|a year ago""], ""showBusinessRating"": true, ""cardBackgroundColor"": ""#FFFFFF"", ""reviewTextMaxHeight"": 280, ""reviewImageThumbnailSize"": ""medium""}"
0f758cf9-b381-4da0-8cb7-5579fc9120c7,SSR Autobody (built by Shah),GOOGLE_REVIEWS_CAROUSEL,Google Reviews (BA Auto Service)  ,e11813ec-ff9a-48f0-9de9-da63bac96149,True,2025-12-27T00:26:55.894247+00:00,2026-02-11T17:53:15.625+00:00,3207,2026-07-30T18:29:50.729362+00:00,2025-12-27T00:29:27.889+00:00,"{""name"": ""Google Reviews (BA Auto Service)  "", ""sortBy"": ""highest_rating"", ""cardGap"": 16, ""placeId"": ""ChIJkQ8_FDipD4gRsLPeY58apZA"", ""autoPlay"": false, ""cacheTTL"": 60, ""language"": ""en"", ""showDates"": true, ""textColor"": ""#2D2D2D"", ""widthType"": ""percentage"", ""fontFamily"": ""poppins"", ""maxReviews"": 40, ""widthValue"": 100, ""cardPadding"": 16, ""showRatings"": true, ""borderRadius"": 28, ""primaryColor"": ""#3694ff"", ""backgroundType"": ""transparent"", ""filterByImages"": ""images_first"", ""filterByRating"": ""5"", ""backgroundColor"": ""#FFFFFF"", ""cardBorderColor"": ""#3694ff"", ""reviewsPerSlide"": 5, ""autoPlayInterval"": 5, ""showAuthorPhotos"": true, ""showBusinessInfo"": false, ""showReviewImages"": true, ""containerMaxWidth"": 1200, ""excludedReviewIds"": [""Naseeruddin Syed|3 years ago"", ""Blu Express|6 months ago"", ""Gurpreet Kianipoor|3 months ago"", ""Abdul Raoof|2 years ago"", ""A K|5 years ago"", ""Sameerullah Sheriff|7 years ago""], ""showBusinessRating"": true, ""cardBackgroundColor"": ""#FFFFFF"", ""reviewTextMaxHeight"": 300, ""reviewImageThumbnailSize"": ""medium""}"
0f758cf9-b381-4da0-8cb7-5579fc9120c7,SSR Autobody (built by Shah),GOOGLE_REVIEWS_CAROUSEL,Google Reviews (BCK2NEW Auto Body),ea12eb9b-9a60-4c3c-8f4b-514f1bcd3078,True,2026-05-26T02:40:16.194313+00:00,2026-05-26T02:42:21.333+00:00,2127,2026-07-31T17:01:49.556662+00:00,2026-05-26T03:16:05.241+00:00,"{""name"": ""Google Reviews (BCK2NEW Auto Body)"", ""sortBy"": ""highest_rating"", ""cardGap"": 16, ""placeId"": ""ChIJXSVu0ZL1wokRsKnmJ5ThmNw"", ""autoPlay"": false, ""cacheTTL"": 60, ""language"": ""en"", ""showDates"": true, ""textColor"": ""#2D2D2D"", ""widthType"": ""percentage"", ""fontFamily"": ""poppins"", ""maxReviews"": 40, ""widthValue"": 100, ""cardPadding"": 16, ""showRatings"": true, ""borderRadius"": 28, ""primaryColor"": ""#DC2626"", ""backgroundType"": ""transparent"", ""filterByImages"": ""images_first"", ""filterByRating"": ""5"", ""backgroundColor"": ""#FFFFFF"", ""cardBorderColor"": ""#e42709"", ""reviewsPerSlide"": 5, ""autoPlayInterval"": 5, ""showAuthorPhotos"": true, ""showBusinessInfo"": false, ""showReviewImages"": true, ""containerMaxWidth"": 1200, ""excludedReviewIds"": [""Ishraq Alkibsi|4 years ago"", ""Valeria Castrillo|10 months ago"", ""Edward|2 years ago"", ""Alessandro Magno|a month ago"", ""Robert Flores|a month ago"", ""Arbi Der Krikorian|3 months ago"", ""Alfred Ramirez|3 months ago"", ""Brian Arriaga-Martin|10 months ago"", ""Antonio C|3 months ago"", ""Advice Giant|Edited 3 years ago"", ""Linda|a year ago"", ""Renald “Ren” Moore|5 years ago"", ""Erock1r|3 months ago"", ""Jennifer Hung|5 months ago"", ""Eman Juma|5 months ago"", ""Lizette Ramirez|7 months ago""], ""showBusinessRating"": true, ""cardBackgroundColor"": ""#FFFFFF"", ""reviewTextMaxHeight"": 300, ""reviewImageThumbnailSize"": ""medium""}"
0f758cf9-b381-4da0-8cb7-5579fc9120c7,SSR Autobody (built by Shah),GOOGLE_REVIEWS_CAROUSEL,Google Reviews (Bellas Auto Body) ,7c2a8da8-a0db-41d4-bdfc-d1cfbf2e58b5,True,2026-01-08T23:12:52.736999+00:00,2026-02-11T17:55:00.368+00:00,24801,2026-08-05T03:21:36.411037+00:00,2026-01-08T23:30:44.614+00:00,"{""name"": ""Google Reviews (Bellas Auto Body) "", ""sortBy"": ""highest_rating"", ""cardGap"": 16, ""placeId"": ""ChIJD_SPbrf1wokRFxpBP5awxrM"", ""autoPlay"": false, ""cacheTTL"": 60, ""language"": ""en"", ""showDates"": true, ""textColor"": ""#2D2D2D"", ""widthType"": ""percentage"", ""fontFamily"": ""poppins"", ""maxReviews"": 40, ""widthValue"": 100, ""cardPadding"": 16, ""showRatings"": true, ""borderRadius"": 28, ""primaryColor"": ""#DC2626"", ""backgroundType"": ""transparent"", ""filterByImages"": ""images_first"", ""filterByRating"": ""5"", ""backgroundColor"": ""#FFFFFF"", ""cardBorderColor"": ""#e42709"", ""reviewsPerSlide"": 5, ""autoPlayInterval"": 5, ""showAuthorPhotos"": true, ""showBusinessInfo"": false, ""showReviewImages"": true, ""containerMaxWidth"": 1200, ""excludedReviewIds"": [""Jeffrey Resto|6 months ago""], ""showBusinessRating"": true, ""cardBackgroundColor"": ""#FFFFFF"", ""reviewTextMaxHeight"": 300, ""reviewImageThumbnailSize"": ""medium""}"
0f758cf9-b381-4da0-8cb7-5579fc9120c7,SSR Autobody (built by Shah),GOOGLE_REVIEWS_CAROUSEL,Google Reviews (Capital Collision Center),63797156-d3d0-4647-b4cf-f20bed2a25c5,True,2026-06-29T21:49:43.49564+00:00,2026-06-29T21:53:33.243+00:00,985,2026-08-04T23:15:50.482422+00:00,2026-06-29T21:55:03.929+00:00,"{""name"": ""Google Reviews (Capital Collision Center)"", ""dataId"": ""0x80c2972bcd8ce02d:0x33a7a002d55fcaf5"", ""sortBy"": ""highest_rating"", ""cardGap"": 16, ""placeId"": ""ChIJLeCMzSuXwoAR9cpf1QKgpzM"", ""autoPlay"": false, ""cacheTTL"": 60, ""language"": ""en"", ""showDates"": true, ""textColor"": ""#2D2D2D"", ""widthType"": ""percentage"", ""fontFamily"": ""poppins"", ""maxReviews"": 40, ""widthValue"": 100, ""cardPadding"": 16, ""showRatings"": true, ""borderRadius"": 28, ""primaryColor"": ""#DC2626"", ""backgroundType"": ""transparent"", ""filterByImages"": ""images_first"", ""filterByRating"": ""5"", ""backgroundColor"": ""#FFFFFF"", ""cardBorderColor"": ""#e42709"", ""reviewsPerSlide"": 5, ""autoPlayInterval"": 5, ""showAuthorPhotos"": true, ""showBusinessInfo"": false, ""showReviewImages"": true, ""containerMaxWidth"": 1200, ""excludedReviewIds"": [""Ishraq Alkibsi|4 years ago"", ""Valeria Castrillo|10 months ago"", ""Edward|2 years ago"", ""Alessandro Magno|a month ago"", ""Robert Flores|a month ago"", ""Arbi Der Krikorian|3 months ago"", ""Alfred Ramirez|3 months ago"", ""Brian Arriaga-Martin|10 months ago"", ""Antonio C|3 months ago"", ""Advice Giant|Edited 3 years ago"", ""Linda|a year ago"", ""Renald “Ren” Moore|5 years ago"", ""Erock1r|3 months ago"", ""Jennifer Hung|5 months ago"", ""Eman Juma|5 months ago"", ""Lizette Ramirez|7 months ago""], ""showBusinessRating"": true, ""cardBackgroundColor"": ""#FFFFFF"", ""reviewTextMaxHeight"": 300, ""reviewImageThumbnailSize"": ""medium""}"
0f758cf9-b381-4da0-8cb7-5579fc9120c7,SSR Autobody (built by Shah),GOOGLE_REVIEWS_CAROUSEL,Google Reviews (Car Star Denton) ,83d471fa-3c77-4f25-81fc-b1ac4f800fb5,True,2026-01-17T00:50:04.888265+00:00,2026-02-11T17:56:46.573+00:00,5474,2026-08-05T08:40:28.830639+00:00,2026-01-17T00:54:01.572+00:00,"{""name"": ""Google Reviews (Car Star Denton) "", ""sortBy"": ""highest_rating"", ""cardGap"": 16, ""placeId"": ""ChIJEwO2tJPKTYYRh6cDqfjped4"", ""autoPlay"": false, ""cacheTTL"": 60, ""language"": ""en"", ""showDates"": true, ""textColor"": ""#2D2D2D"", ""widthType"": ""percentage"", ""fontFamily"": ""poppins"", ""maxReviews"": 40, ""widthValue"": 100, ""cardPadding"": 16, ""showRatings"": true, ""borderRadius"": 28, ""primaryColor"": ""#DC2626"", ""backgroundType"": ""transparent"", ""filterByImages"": ""images_first"", ""filterByRating"": ""5"", ""backgroundColor"": ""#FFFFFF"", ""cardBorderColor"": ""#e42709"", ""reviewsPerSlide"": 5, ""autoPlayInterval"": 5, ""showAuthorPhotos"": true, ""showBusinessInfo"": false, ""showReviewImages"": true, ""containerMaxWidth"": 1200, ""excludedReviewIds"": [""Bob Kim|Edited 2 years ago"", ""Kyle Harper|a year ago"", ""Kaylee Combest|a year ago"", ""Roger Shields|10 months ago"", ""David Riewe|2 years ago""], ""showBusinessRating"": true, ""cardBackgroundColor"": ""#FFFFFF"", ""reviewTextMaxHeight"": 220, ""reviewImageThumbnailSize"": ""medium""}"
0f758cf9-b381-4da0-8cb7-5579fc9120c7,SSR Autobody (built by Shah),GOOGLE_REVIEWS_CAROUSEL,Google Reviews (Carvive Auto Shop). Copy,c26774c5-a22a-40cb-adc0-9bb113f7bb27,True,2026-04-16T02:07:24.170161+00:00,2026-04-16T02:08:36.093+00:00,4785,2026-08-05T09:50:50.391785+00:00,2026-04-16T02:09:13.477+00:00,"{""name"": ""Google Reviews (Carvive Auto Shop). Copy"", ""sortBy"": ""highest_rating"", ""cardGap"": 16, ""placeId"": ""ChIJ74h7HzOXwoAR-INt_g893ho"", ""autoPlay"": false, ""cacheTTL"": 60, ""language"": ""en"", ""showDates"": true, ""textColor"": ""#2D2D2D"", ""widthType"": ""percentage"", ""fontFamily"": ""poppins"", ""maxReviews"": 40, ""widthValue"": 100, ""cardPadding"": 16, ""showRatings"": true, ""borderRadius"": 28, ""primaryColor"": ""#3694ff"", ""backgroundType"": ""transparent"", ""filterByImages"": ""images_first"", ""filterByRating"": ""5"", ""backgroundColor"": ""#FFFFFF"", ""cardBorderColor"": ""#3694ff"", ""reviewsPerSlide"": 5, ""autoPlayInterval"": 5, ""showAuthorPhotos"": true, ""showBusinessInfo"": false, ""showReviewImages"": true, ""containerMaxWidth"": 1200, ""excludedReviewIds"": [""Mathew Raines|a year ago""], ""showBusinessRating"": true, ""cardBackgroundColor"": ""#FFFFFF"", ""reviewTextMaxHeight"": 300, ""reviewImageThumbnailSize"": ""medium""}"
0f758cf9-b381-4da0-8cb7-5579fc9120c7,SSR Autobody (built by Shah),GOOGLE_REVIEWS_CAROUSEL,Google Reviews (Central Auto Body),5c225c0c-5346-4867-904d-b5276cc2791c,True,2026-05-08T18:35:51.508082+00:00,2026-05-08T18:37:14.639+00:00,3441,2026-08-05T04:52:37.541124+00:00,2026-05-08T18:38:31.965+00:00,"{""name"": ""Google Reviews (Central Auto Body)"", ""sortBy"": ""highest_rating"", ""cardGap"": 16, ""placeId"": ""ChIJRbGzeO3HyIAR8QwKt-zV33A"", ""autoPlay"": false, ""cacheTTL"": 60, ""language"": ""en"", ""showDates"": true, ""textColor"": ""#2D2D2D"", ""widthType"": ""percentage"", ""fontFamily"": ""poppins"", ""maxReviews"": 40, ""widthValue"": 100, ""cardPadding"": 16, ""showRatings"": true, ""borderRadius"": 28, ""primaryColor"": ""#3694ff"", ""backgroundType"": ""transparent"", ""filterByImages"": ""images_first"", ""filterByRating"": ""5"", ""backgroundColor"": ""#FFFFFF"", ""cardBorderColor"": ""#3694ff"", ""reviewsPerSlide"": 5, ""autoPlayInterval"": 5, ""showAuthorPhotos"": true, ""showBusinessInfo"": false, ""showReviewImages"": true, ""containerMaxWidth"": 1200, ""excludedReviewIds"": [""Mathew Raines|a year ago""], ""showBusinessRating"": true, ""cardBackgroundColor"": ""#FFFFFF"", ""reviewTextMaxHeight"": 300, ""reviewImageThumbnailSize"": ""medium""}"
0f758cf9-b381-4da0-8cb7-5579fc9120c7,SSR Autobody (built by Shah),GOOGLE_REVIEWS_CAROUSEL,Google Reviews (Chris Auto Body) ,557a9e3b-48b3-4b39-b1a8-56a1559b46ee,True,2026-01-21T22:55:37.995287+00:00,2026-02-11T17:57:38.459+00:00,4122,2026-08-05T03:06:14.531586+00:00,2026-01-21T22:58:16.905+00:00,"{""name"": ""Google Reviews (Chris Auto Body) "", ""sortBy"": ""highest_rating"", ""cardGap"": 16, ""placeId"": ""ChIJG2tmVRpSwYkRP3p1TB16WhU"", ""autoPlay"": false, ""cacheTTL"": 60, ""language"": ""en"", ""showDates"": true, ""textColor"": ""#2D2D2D"", ""widthType"": ""percentage"", ""fontFamily"": ""poppins"", ""maxReviews"": 20, ""widthValue"": 100, ""cardPadding"": 16, ""showRatings"": true, ""borderRadius"": 28, ""primaryColor"": ""#DC2626"", ""backgroundType"": ""transparent"", ""filterByImages"": ""images_first"", ""filterByRating"": ""5"", ""backgroundColor"": ""#FFFFFF"", ""cardBorderColor"": ""#e42709"", ""reviewsPerSlide"": 5, ""autoPlayInterval"": 5, ""showAuthorPhotos"": true, ""showBusinessInfo"": false, ""showReviewImages"": true, ""containerMaxWidth"": 1200, ""excludedReviewIds"": [], ""showBusinessRating"": true, ""cardBackgroundColor"": ""#FFFFFF"", ""reviewTextMaxHeight"": 300, ""reviewImageThumbnailSize"": ""medium""}"
0f758cf9-b381-4da0-8cb7-5579fc9120c7,SSR Autobody (built by Shah),GOOGLE_REVIEWS_CAROUSEL,Google Reviews (Collision Motor Specialist),10ea246a-867d-491a-a95d-9d82d4e757d8,True,2026-06-30T18:21:18.44955+00:00,2026-06-30T18:59:54.448+00:00,1563,2026-08-05T00:40:31.367641+00:00,2026-06-30T19:03:29.545+00:00,"{""name"": ""Google Reviews (Collision Motor Specialist)"", ""dataId"": ""0x8640dd3b18e2d9f1:0x7cc25fb4eabdea78"", ""sortBy"": ""highest_rating"", ""cardGap"": 16, ""placeId"": ""ChIJ8dniGDvdQIYReOq96rRfwnw"", ""autoPlay"": false, ""cacheTTL"": 60, ""language"": ""en"", ""showDates"": true, ""textColor"": ""#2D2D2D"", ""widthType"": ""percentage"", ""fontFamily"": ""poppins"", ""maxReviews"": 40, ""widthValue"": 100, ""cardPadding"": 16, ""showRatings"": true, ""borderRadius"": 28, ""primaryColor"": ""#DC2626"", ""backgroundType"": ""transparent"", ""filterByImages"": ""images_first"", ""filterByRating"": ""5"", ""backgroundColor"": ""#FFFFFF"", ""cardBorderColor"": ""#e42709"", ""reviewsPerSlide"": 5, ""autoPlayInterval"": 5, ""showAuthorPhotos"": true, ""showBusinessInfo"": false, ""showReviewImages"": true, ""containerMaxWidth"": 1200, ""excludedReviewIds"": [""Ishraq Alkibsi|4 years ago"", ""Valeria Castrillo|10 months ago"", ""Edward|2 years ago"", ""Alessandro Magno|a month ago"", ""Robert Flores|a month ago"", ""Arbi Der Krikorian|3 months ago"", ""Alfred Ramirez|3 months ago"", ""Brian Arriaga-Martin|10 months ago"", ""Antonio C|3 months ago"", ""Advice Giant|Edited 3 years ago"", ""Linda|a year ago"", ""Renald “Ren” Moore|5 years ago"", ""Erock1r|3 months ago"", ""Jennifer Hung|5 months ago"", ""Eman Juma|5 months ago"", ""Lizette Ramirez|7 months ago""], ""showBusinessRating"": true, ""cardBackgroundColor"": ""#FFFFFF"", ""reviewTextMaxHeight"": 300, ""reviewImageThumbnailSize"": ""medium""}"
0f758cf9-b381-4da0-8cb7-5579fc9120c7,SSR Autobody (built by Shah),GOOGLE_REVIEWS_CAROUSEL,Google Reviews (Collision Stop),e867666c-0eab-4510-9a0a-3702341cbc5f,True,2025-11-06T22:03:09.183019+00:00,2026-02-11T17:40:15.64+00:00,4165,2026-05-26T04:05:57.341+00:00,2025-11-06T22:03:09.183019+00:00,"{""name"": ""Google Reviews (Collision Stop)"", ""sortBy"": ""highest_rating"", ""cardGap"": 16, ""placeId"": ""ChIJkQswESF_ZYYRqyTT_DMGzpQ"", ""autoPlay"": true, ""cacheTTL"": 60, ""language"": ""en"", ""showDates"": true, ""textColor"": ""#2D2D2D"", ""widthType"": ""percentage"", ""fontFamily"": ""poppins"", ""maxReviews"": 40, ""widthValue"": 100, ""cardPadding"": 16, ""showRatings"": true, ""borderRadius"": 28, ""primaryColor"": ""#e42709"", ""backgroundType"": ""transparent"", ""filterByImages"": ""images_first"", ""filterByRating"": ""5"", ""backgroundColor"": ""#FFFFFF"", ""cardBorderColor"": ""#e42709"", ""reviewsPerSlide"": 5, ""autoPlayInterval"": 5, ""showAuthorPhotos"": true, ""showBusinessInfo"": false, ""showReviewImages"": true, ""containerMaxWidth"": 1200, ""excludedReviewIds"": [""Isabel Silva|2 months ago"", ""Roberta Smith|a week ago"", ""Sea Shed Adventures|4 years ago"", ""Mark Perez|7 years ago"", ""Amiel Basave|5 years ago"", ""Miguel Medina|Edited 6 years ago"", ""Veronica Perez|8 months ago""], ""showBusinessRating"": true, ""cardBackgroundColor"": ""#FFFFFF"", ""reviewTextMaxHeight"": 280, ""reviewImageThumbnailSize"": ""medium""}"
0f758cf9-b381-4da0-8cb7-5579fc9120c7,SSR Autobody (built by Shah),GOOGLE_REVIEWS_CAROUSEL,Google Reviews (Countdown City Collision),355d0965-d15a-4e06-ae7e-2705a1c12261,True,2026-06-03T19:54:05.129379+00:00,2026-06-03T19:56:46.792+00:00,2205,2026-08-05T08:07:34.151818+00:00,2026-06-03T20:01:35.846+00:00,"{""name"": ""Google Reviews (Countdown City Collision)"", ""sortBy"": ""highest_rating"", ""cardGap"": 16, ""placeId"": ""ChIJe5Dekv1dXIYRi5KxA9inm18"", ""autoPlay"": false, ""cacheTTL"": 60, ""language"": ""en"", ""showDates"": true, ""textColor"": ""#2D2D2D"", ""widthType"": ""percentage"", ""fontFamily"": ""poppins"", ""maxReviews"": 40, ""widthValue"": 100, ""cardPadding"": 16, ""showRatings"": true, ""borderRadius"": 28, ""primaryColor"": ""#DC2626"", ""backgroundType"": ""transparent"", ""filterByImages"": ""images_first"", ""filterByRating"": ""5"", ""backgroundColor"": ""#FFFFFF"", ""cardBorderColor"": ""#e42709"", ""reviewsPerSlide"": 5, ""autoPlayInterval"": 5, ""showAuthorPhotos"": true, ""showBusinessInfo"": false, ""showReviewImages"": true, ""containerMaxWidth"": 1200, ""excludedReviewIds"": [""Ishraq Alkibsi|4 years ago"", ""Valeria Castrillo|10 months ago"", ""Edward|2 years ago"", ""Alessandro Magno|a month ago"", ""Robert Flores|a month ago"", ""Arbi Der Krikorian|3 months ago"", ""Alfred Ramirez|3 months ago"", ""Brian Arriaga-Martin|10 months ago"", ""Antonio C|3 months ago"", ""Advice Giant|Edited 3 years ago"", ""Linda|a year ago"", ""Renald “Ren” Moore|5 years ago"", ""Erock1r|3 months ago"", ""Jennifer Hung|5 months ago"", ""Eman Juma|5 months ago"", ""Lizette Ramirez|7 months ago""], ""showBusinessRating"": true, ""cardBackgroundColor"": ""#FFFFFF"", ""reviewTextMaxHeight"": 300, ""reviewImageThumbnailSize"": ""medium""}"
0f758cf9-b381-4da0-8cb7-5579fc9120c7,SSR Autobody (built by Shah),GOOGLE_REVIEWS_CAROUSEL,Google Reviews (Curros)  ,eac2a14d-2e85-49b5-9b21-8a29b778ee9a,True,2025-12-24T23:26:38.656724+00:00,2026-02-11T17:46:18.791+00:00,13062,2026-08-05T09:48:18.653436+00:00,2025-12-24T23:28:00.275+00:00,"{""name"": ""Google Reviews (Curros)  "", ""sortBy"": ""highest_rating"", ""cardGap"": 16, ""placeId"": ""ChIJfVKR4kodTIYREVyPDdTzXDE"", ""autoPlay"": false, ""cacheTTL"": 60, ""language"": ""en"", ""showDates"": true, ""textColor"": ""#2D2D2D"", ""widthType"": ""percentage"", ""fontFamily"": ""poppins"", ""maxReviews"": 40, ""widthValue"": 100, ""cardPadding"": 16, ""showRatings"": true, ""borderRadius"": 28, ""primaryColor"": ""#DC2626"", ""backgroundType"": ""transparent"", ""filterByImages"": ""images_first"", ""filterByRating"": ""5"", ""backgroundColor"": ""#FFFFFF"", ""cardBorderColor"": ""#e42709"", ""reviewsPerSlide"": 5, ""autoPlayInterval"": 5, ""showAuthorPhotos"": true, ""showBusinessInfo"": false, ""showReviewImages"": true, ""containerMaxWidth"": 1200, ""excludedReviewIds"": [""Neil Stiebel|5 months ago"", ""Adrian Tovar|a year ago"", ""Lex|a month ago"", ""Neil Stiebel|6 months ago"", ""Lex|2 months ago""], ""showBusinessRating"": true, ""cardBackgroundColor"": ""#FFFFFF"", ""reviewTextMaxHeight"": 300, ""reviewImageThumbnailSize"": ""medium""}"
0f758cf9-b381-4da0-8cb7-5579fc9120c7,SSR Autobody (built by Shah),GOOGLE_REVIEWS_CAROUSEL,Google Reviews (Electrified Collision),14e345f8-5453-4443-87da-00471aa0e804,True,2026-06-16T19:08:03.912762+00:00,2026-06-16T19:09:13.183+00:00,1677,2026-08-05T01:32:38.15963+00:00,2026-06-16T19:14:16.026+00:00,"{""name"": ""Google Reviews (Electrified Collision)"", ""sortBy"": ""highest_rating"", ""cardGap"": 16, ""placeId"": ""ChIJu9FYphd3wYkRbYhUHkCz_38"", ""autoPlay"": false, ""cacheTTL"": 60, ""language"": ""en"", ""showDates"": true, ""textColor"": ""#2D2D2D"", ""widthType"": ""percentage"", ""fontFamily"": ""poppins"", ""maxReviews"": 40, ""widthValue"": 100, ""cardPadding"": 16, ""showRatings"": true, ""borderRadius"": 28, ""primaryColor"": ""#3694ff"", ""backgroundType"": ""transparent"", ""filterByImages"": ""images_first"", ""filterByRating"": ""5"", ""backgroundColor"": ""#FFFFFF"", ""cardBorderColor"": ""#3694ff"", ""reviewsPerSlide"": 5, ""autoPlayInterval"": 5, ""showAuthorPhotos"": true, ""showBusinessInfo"": false, ""showReviewImages"": true, ""containerMaxWidth"": 1200, ""excludedReviewIds"": [""Mathew Raines|a year ago""], ""showBusinessRating"": true, ""cardBackgroundColor"": ""#FFFFFF"", ""reviewTextMaxHeight"": 300, ""reviewImageThumbnailSize"": ""medium""}"
0f758cf9-b381-4da0-8cb7-5579fc9120c7,SSR Autobody (built by Shah),GOOGLE_REVIEWS_CAROUSEL,Google Reviews (Elevated Auto & Collision),6707b3be-e6c4-48af-99ff-4d4c94a3d813,True,2026-06-01T19:46:41.32066+00:00,2026-06-01T19:50:35.384+00:00,2448,2026-08-05T03:25:58.787868+00:00,2026-06-01T19:55:16.579+00:00,"{""name"": ""Google Reviews (Elevated Auto & Collision)"", ""sortBy"": ""highest_rating"", ""cardGap"": 16, ""placeId"": ""ChIJ1Q5JJP3HQIYRQRkw0bNKwg0"", ""autoPlay"": false, ""cacheTTL"": 60, ""language"": ""en"", ""showDates"": true, ""textColor"": ""#2D2D2D"", ""widthType"": ""percentage"", ""fontFamily"": ""poppins"", ""maxReviews"": 40, ""widthValue"": 100, ""cardPadding"": 16, ""showRatings"": true, ""borderRadius"": 28, ""primaryColor"": ""#DC2626"", ""backgroundType"": ""transparent"", ""filterByImages"": ""images_first"", ""filterByRating"": ""5"", ""backgroundColor"": ""#FFFFFF"", ""cardBorderColor"": ""#e42709"", ""reviewsPerSlide"": 5, ""autoPlayInterval"": 5, ""showAuthorPhotos"": true, ""showBusinessInfo"": false, ""showReviewImages"": true, ""containerMaxWidth"": 1200, ""excludedReviewIds"": [""Ishraq Alkibsi|4 years ago"", ""Valeria Castrillo|10 months ago"", ""Edward|2 years ago"", ""Alessandro Magno|a month ago"", ""Robert Flores|a month ago"", ""Arbi Der Krikorian|3 months ago"", ""Alfred Ramirez|3 months ago"", ""Brian Arriaga-Martin|10 months ago"", ""Antonio C|3 months ago"", ""Advice Giant|Edited 3 years ago"", ""Linda|a year ago"", ""Renald “Ren” Moore|5 years ago"", ""Erock1r|3 months ago"", ""Jennifer Hung|5 months ago"", ""Eman Juma|5 months ago"", ""Lizette Ramirez|7 months ago""], ""showBusinessRating"": true, ""cardBackgroundColor"": ""#FFFFFF"", ""reviewTextMaxHeight"": 300, ""reviewImageThumbnailSize"": ""medium""}"
0f758cf9-b381-4da0-8cb7-5579fc9120c7,SSR Autobody (built by Shah),GOOGLE_REVIEWS_CAROUSEL,Google Reviews (Elite Auto Body),2fdf6d7b-7149-4ed9-9f69-c5b043655df0,True,2026-05-18T20:43:02.968664+00:00,2026-05-18T20:45:03.391+00:00,3118,2026-08-05T06:51:43.207325+00:00,2026-05-18T21:07:48.3+00:00,"{""name"": ""Google Reviews (Elite Auto Body)"", ""sortBy"": ""highest_rating"", ""cardGap"": 16, ""placeId"": ""ChIJZzHliD4nTIYRdnwxh7ij-Xg"", ""autoPlay"": false, ""cacheTTL"": 60, ""language"": ""en"", ""showDates"": true, ""textColor"": ""#2D2D2D"", ""widthType"": ""percentage"", ""fontFamily"": ""poppins"", ""maxReviews"": 40, ""widthValue"": 100, ""cardPadding"": 16, ""showRatings"": true, ""borderRadius"": 28, ""primaryColor"": ""#DC2626"", ""backgroundType"": ""transparent"", ""filterByImages"": ""images_first"", ""filterByRating"": ""5"", ""backgroundColor"": ""#FFFFFF"", ""cardBorderColor"": ""#e42709"", ""reviewsPerSlide"": 5, ""autoPlayInterval"": 5, ""showAuthorPhotos"": true, ""showBusinessInfo"": false, ""showReviewImages"": true, ""containerMaxWidth"": 1200, ""excludedReviewIds"": [""Ishraq Alkibsi|4 years ago"", ""Valeria Castrillo|10 months ago"", ""Edward|2 years ago"", ""Alessandro Magno|a month ago"", ""Robert Flores|a month ago"", ""Arbi Der Krikorian|3 months ago"", ""Alfred Ramirez|3 months ago"", ""Brian Arriaga-Martin|10 months ago"", ""Antonio C|3 months ago"", ""Advice Giant|Edited 3 years ago"", ""Linda|a year ago"", ""Renald “Ren” Moore|5 years ago""], ""showBusinessRating"": true, ""cardBackgroundColor"": ""#FFFFFF"", ""reviewTextMaxHeight"": 300, ""reviewImageThumbnailSize"": ""medium""}"
0f758cf9-b381-4da0-8cb7-5579fc9120c7,SSR Autobody (built by Shah),GOOGLE_REVIEWS_CAROUSEL,Google Reviews (Elite Auto Collision),9498f55b-7334-4931-91dc-83d6c85850b5,True,2026-07-08T10:47:08.622971+00:00,2026-07-08T11:03:52.287+00:00,1015,2026-08-05T04:29:29.035744+00:00,2026-07-08T11:04:05.676+00:00,"{""name"": ""Google Reviews (Elite Auto Collision)"", ""dataId"": ""0x86e75b2bf9171dab:0xbaa89b219a255196"", ""sortBy"": ""highest_rating"", ""cardGap"": 16, ""placeId"": ""ChIJqx0X-Stb54YRllElmiGbqLo"", ""autoPlay"": false, ""cacheTTL"": 60, ""language"": ""en"", ""showDates"": true, ""textColor"": ""#2D2D2D"", ""widthType"": ""percentage"", ""fontFamily"": ""poppins"", ""maxReviews"": 40, ""widthValue"": 100, ""cardPadding"": 16, ""showRatings"": true, ""borderRadius"": 28, ""primaryColor"": ""#DC2626"", ""backgroundType"": ""transparent"", ""filterByImages"": ""images_first"", ""filterByRating"": ""5"", ""backgroundColor"": ""#FFFFFF"", ""cardBorderColor"": ""#e42709"", ""reviewsPerSlide"": 5, ""autoPlayInterval"": 5, ""showAuthorPhotos"": true, ""showBusinessInfo"": false, ""showReviewImages"": true, ""containerMaxWidth"": 1200, ""excludedReviewIds"": [""Ishraq Alkibsi|4 years ago"", ""Valeria Castrillo|10 months ago"", ""Edward|2 years ago"", ""Alessandro Magno|a month ago"", ""Robert Flores|a month ago"", ""Arbi Der Krikorian|3 months ago"", ""Alfred Ramirez|3 months ago"", ""Brian Arriaga-Martin|10 months ago"", ""Antonio C|3 months ago"", ""Advice Giant|Edited 3 years ago"", ""Linda|a year ago"", ""Renald “Ren” Moore|5 years ago"", ""Erock1r|3 months ago"", ""Jennifer Hung|5 months ago"", ""Eman Juma|5 months ago"", ""Lizette Ramirez|7 months ago""], ""showBusinessRating"": true, ""cardBackgroundColor"": ""#FFFFFF"", ""reviewTextMaxHeight"": 300, ""reviewImageThumbnailSize"": ""medium""}"
0f758cf9-b381-4da0-8cb7-5579fc9120c7,SSR Autobody (built by Shah),GOOGLE_REVIEWS_CAROUSEL,Google Reviews (Erland Auto Body & Repair),f0c49683-9384-4a02-a7f1-81cce9dd153e,True,2026-06-18T19:51:36.077516+00:00,2026-07-10T17:14:16.3+00:00,1821,2026-08-05T03:10:36.76027+00:00,2026-06-22T17:29:36.408+00:00,"{""name"": ""Google Reviews (Erland Auto Body & Repair)"", ""dataId"": ""0x80c2991c6ed24ee3:0xe05d85d3e903ce4"", ""sortBy"": ""highest_rating"", ""cardGap"": 16, ""placeId"": ""ChIJ407SbhyZwoAR5DyQPl3YBQ4"", ""autoPlay"": false, ""cacheTTL"": 60, ""language"": ""en"", ""showDates"": true, ""textColor"": ""#2D2D2D"", ""widthType"": ""percentage"", ""fontFamily"": ""poppins"", ""maxReviews"": 40, ""widthValue"": 100, ""cardPadding"": 16, ""showRatings"": true, ""borderRadius"": 28, ""primaryColor"": ""#db0000"", ""backgroundType"": ""transparent"", ""filterByImages"": ""images_first"", ""filterByRating"": ""5"", ""backgroundColor"": ""#FFFFFF"", ""cardBorderColor"": ""#3694ff"", ""reviewsPerSlide"": 5, ""autoPlayInterval"": 5, ""showAuthorPhotos"": true, ""showBusinessInfo"": false, ""showReviewImages"": true, ""containerMaxWidth"": 1200, ""excludedReviewIds"": [""Mathew Raines|a year ago""], ""showBusinessRating"": true, ""cardBackgroundColor"": ""#FFFFFF"", ""reviewTextMaxHeight"": 300, ""reviewImageThumbnailSize"": ""medium""}"
0f758cf9-b381-4da0-8cb7-5579fc9120c7,SSR Autobody (built by Shah),GOOGLE_REVIEWS_CAROUSEL,Google Reviews (F & M Automotive),48b7d89b-4293-4c35-b475-331fd8929c7a,True,2026-07-08T18:37:16.05274+00:00,2026-07-08T18:38:54.747+00:00,473,2026-08-05T06:07:32.320529+00:00,2026-07-08T18:55:37.871+00:00,"{""name"": ""Google Reviews (F & M Automotive)"", ""dataId"": ""0x87c0dd5aef3f18bd:0xe0e49415ab2deaee"", ""sortBy"": ""highest_rating"", ""cardGap"": 16, ""placeId"": ""ChIJvRg_71rdwIcR7uotqxWU5OA"", ""autoPlay"": false, ""cacheTTL"": 60, ""language"": ""en"", ""showDates"": true, ""textColor"": ""#2D2D2D"", ""widthType"": ""percentage"", ""fontFamily"": ""poppins"", ""maxReviews"": 40, ""widthValue"": 100, ""cardPadding"": 16, ""showRatings"": true, ""borderRadius"": 28, ""primaryColor"": ""#3694ff"", ""backgroundType"": ""transparent"", ""filterByImages"": ""images_first"", ""filterByRating"": ""5"", ""backgroundColor"": ""#FFFFFF"", ""cardBorderColor"": ""#3694ff"", ""reviewsPerSlide"": 5, ""autoPlayInterval"": 5, ""showAuthorPhotos"": true, ""showBusinessInfo"": false, ""showReviewImages"": true, ""containerMaxWidth"": 1200, ""excludedReviewIds"": [""Mathew Raines|a year ago""], ""showBusinessRating"": true, ""cardBackgroundColor"": ""#FFFFFF"", ""reviewTextMaxHeight"": 300, ""reviewImageThumbnailSize"": ""medium""}"
0f758cf9-b381-4da0-8cb7-5579fc9120c7,SSR Autobody (built by Shah),GOOGLE_REVIEWS_CAROUSEL,Google Reviews (Flex Auto Body) ,c2e82a23-7f47-44cf-849b-0fedb2abf22e,True,2026-03-04T03:00:39.843287+00:00,2026-03-04T03:03:31.705+00:00,5631,2026-07-24T13:40:41.765201+00:00,2026-03-04T03:02:58.045+00:00,"{""name"": ""Google Reviews (Flex Auto Body) "", ""sortBy"": ""highest_rating"", ""cardGap"": 16, ""placeId"": ""ChIJ8xC05umv2YgRcD_oz_CnIoI"", ""autoPlay"": false, ""cacheTTL"": 60, ""language"": ""en"", ""showDates"": true, ""textColor"": ""#2D2D2D"", ""widthType"": ""percentage"", ""fontFamily"": ""poppins"", ""maxReviews"": 40, ""widthValue"": 100, ""cardPadding"": 16, ""showRatings"": true, ""borderRadius"": 28, ""primaryColor"": ""#DC2626"", ""backgroundType"": ""transparent"", ""filterByImages"": ""images_first"", ""filterByRating"": ""5"", ""backgroundColor"": ""#FFFFFF"", ""cardBorderColor"": ""#e42709"", ""reviewsPerSlide"": 5, ""autoPlayInterval"": 5, ""showAuthorPhotos"": true, ""showBusinessInfo"": false, ""showReviewImages"": true, ""containerMaxWidth"": 1200, ""excludedReviewIds"": [""Ishraq Alkibsi|4 years ago"", ""Valeria Castrillo|10 months ago"", ""Edward|2 years ago"", ""Alessandro Magno|a month ago""], ""showBusinessRating"": true, ""cardBackgroundColor"": ""#FFFFFF"", ""reviewTextMaxHeight"": 300, ""reviewImageThumbnailSize"": ""medium""}"
0f758cf9-b381-4da0-8cb7-5579fc9120c7,SSR Autobody (built by Shah),GOOGLE_REVIEWS_CAROUSEL,Google Reviews (Frankie M's Auto Body),a90558ae-44e4-479d-8f71-e542b88dcea8,True,2026-07-14T18:30:02.772123+00:00,2026-07-14T18:42:47.313+00:00,29,2026-08-04T18:50:54.126727+00:00,2026-07-14T18:58:25.845+00:00,"{""name"": ""Google Reviews (Frankie M's Auto Body)"", ""dataId"": ""0x89e839bd61409453:0x2a0a6589acb5202b"", ""sortBy"": ""highest_rating"", ""cardGap"": 16, ""placeId"": ""ChIJU5RAYb056IkRKyC1rIllCio"", ""autoPlay"": false, ""cacheTTL"": 60, ""language"": ""en"", ""showDates"": true, ""textColor"": ""#2D2D2D"", ""widthType"": ""percentage"", ""fontFamily"": ""poppins"", ""maxReviews"": 40, ""widthValue"": 100, ""cardPadding"": 16, ""showRatings"": true, ""borderRadius"": 28, ""primaryColor"": ""#3694ff"", ""backgroundType"": ""transparent"", ""filterByImages"": ""images_first"", ""filterByRating"": ""5"", ""backgroundColor"": ""#FFFFFF"", ""cardBorderColor"": ""#3694ff"", ""reviewsPerSlide"": 5, ""autoPlayInterval"": 5, ""showAuthorPhotos"": true, ""showBusinessInfo"": false, ""showReviewImages"": true, ""containerMaxWidth"": 1200, ""excludedReviewIds"": [""Mathew Raines|a year ago""], ""showBusinessRating"": true, ""cardBackgroundColor"": ""#FFFFFF"", ""reviewTextMaxHeight"": 300, ""reviewImageThumbnailSize"": ""medium""}"
0f758cf9-b381-4da0-8cb7-5579fc9120c7,SSR Autobody (built by Shah),GOOGLE_REVIEWS_CAROUSEL,Google Reviews (Gary's Auto Collision Center),229cbb3b-4244-43e1-a6d8-81651f7a5d73,True,2026-07-24T19:50:41.136169+00:00,2026-07-24T19:52:18.118+00:00,27,2026-08-04T18:33:09.490294+00:00,2026-07-24T19:55:18.885+00:00,"{""name"": ""Google Reviews (Gary's Auto Collision Center)"", ""dataId"": ""0x80c2866471104371:0x1d5c818959eb4cbe"", ""sortBy"": ""highest_rating"", ""cardGap"": 16, ""placeId"": ""ChIJcUMQcWSGwoARvkzrWYmBXB0"", ""autoPlay"": false, ""cacheTTL"": 60, ""language"": ""en"", ""showDates"": true, ""textColor"": ""#2D2D2D"", ""widthType"": ""percentage"", ""fontFamily"": ""poppins"", ""maxReviews"": 40, ""widthValue"": 100, ""cardPadding"": 16, ""showRatings"": true, ""borderRadius"": 28, ""primaryColor"": ""#DC2626"", ""backgroundType"": ""transparent"", ""filterByImages"": ""images_first"", ""filterByRating"": ""5"", ""backgroundColor"": ""#FFFFFF"", ""cardBorderColor"": ""#e42709"", ""reviewsPerSlide"": 5, ""autoPlayInterval"": 5, ""showAuthorPhotos"": true, ""showBusinessInfo"": false, ""showReviewImages"": true, ""containerMaxWidth"": 1200, ""excludedReviewIds"": [""Ishraq Alkibsi|4 years ago"", ""Valeria Castrillo|10 months ago"", ""Edward|2 years ago"", ""Alessandro Magno|a month ago"", ""Robert Flores|a month ago"", ""Arbi Der Krikorian|3 months ago"", ""Alfred Ramirez|3 months ago"", ""Brian Arriaga-Martin|10 months ago"", ""Antonio C|3 months ago"", ""Advice Giant|Edited 3 years ago"", ""Linda|a year ago"", ""Renald “Ren” Moore|5 years ago"", ""Erock1r|3 months ago"", ""Jennifer Hung|5 months ago"", ""Eman Juma|5 months ago"", ""Lizette Ramirez|7 months ago""], ""showBusinessRating"": true, ""cardBackgroundColor"": ""#FFFFFF"", ""reviewTextMaxHeight"": 300, ""reviewImageThumbnailSize"": ""medium""}"
0f758cf9-b381-4da0-8cb7-5579fc9120c7,SSR Autobody (built by Shah),GOOGLE_REVIEWS_CAROUSEL,Google Reviews (Hyperion Auto Repair),a3d42744-f62d-4f36-9aa2-d3c6cfc56398,True,2026-07-02T23:16:33.790142+00:00,2026-07-02T23:18:02.93+00:00,1054,2026-08-05T09:21:38.805779+00:00,2026-07-03T00:29:28.977+00:00,"{""name"": ""Google Reviews (Hyperion Auto Repair)"", ""dataId"": ""0x80c2c7358ad15843:0x900b71543b8a8409"", ""sortBy"": ""highest_rating"", ""cardGap"": 16, ""placeId"": ""ChIJQ1jRijXHwoARCYSKO1RxC5A"", ""autoPlay"": false, ""cacheTTL"": 60, ""language"": ""en"", ""showDates"": true, ""textColor"": ""#2D2D2D"", ""widthType"": ""percentage"", ""fontFamily"": ""poppins"", ""maxReviews"": 40, ""widthValue"": 100, ""cardPadding"": 16, ""showRatings"": true, ""borderRadius"": 28, ""primaryColor"": ""#3694ff"", ""backgroundType"": ""transparent"", ""filterByImages"": ""images_first"", ""filterByRating"": ""5"", ""backgroundColor"": ""#FFFFFF"", ""cardBorderColor"": ""#3694ff"", ""reviewsPerSlide"": 5, ""autoPlayInterval"": 5, ""showAuthorPhotos"": true, ""showBusinessInfo"": false, ""showReviewImages"": true, ""containerMaxWidth"": 1200, ""excludedReviewIds"": [""Mathew Raines|a year ago""], ""showBusinessRating"": true, ""cardBackgroundColor"": ""#FFFFFF"", ""reviewTextMaxHeight"": 300, ""reviewImageThumbnailSize"": ""medium""}"
0f758cf9-b381-4da0-8cb7-5579fc9120c7,SSR Autobody (built by Shah),GOOGLE_REVIEWS_CAROUSEL,Google Reviews (International Auto)  ,83d1716a-9445-4f73-a548-1b8df347594e,True,2025-12-29T20:57:02.639735+00:00,2026-02-11T17:48:06.391+00:00,681,2026-07-29T20:43:14.099297+00:00,2025-12-29T21:02:29.561+00:00,"{""name"": ""Google Reviews (International Auto)  "", ""sortBy"": ""highest_rating"", ""cardGap"": 16, ""placeId"": ""ChIJcenzHsnDQIYRG52rRJqOqNs"", ""autoPlay"": false, ""cacheTTL"": 60, ""language"": ""en"", ""showDates"": true, ""textColor"": ""#2D2D2D"", ""widthType"": ""percentage"", ""fontFamily"": ""poppins"", ""maxReviews"": 40, ""widthValue"": 100, ""cardPadding"": 16, ""showRatings"": true, ""borderRadius"": 28, ""primaryColor"": ""#DC2626"", ""backgroundType"": ""transparent"", ""filterByImages"": ""images_first"", ""filterByRating"": ""5"", ""backgroundColor"": ""#FFFFFF"", ""cardBorderColor"": ""#e42709"", ""reviewsPerSlide"": 5, ""autoPlayInterval"": 5, ""showAuthorPhotos"": true, ""showBusinessInfo"": false, ""showReviewImages"": true, ""containerMaxWidth"": 1200, ""excludedReviewIds"": [""Bert Casas|2 years ago"", ""Carlos Merino|4 months ago"", ""tibzig1|a year ago"", ""Elena Bolotova|a year ago""], ""showBusinessRating"": true, ""cardBackgroundColor"": ""#FFFFFF"", ""reviewTextMaxHeight"": 300, ""reviewImageThumbnailSize"": ""medium""}"
0f758cf9-b381-4da0-8cb7-5579fc9120c7,SSR Autobody (built by Shah),GOOGLE_REVIEWS_CAROUSEL,Google Reviews (LG Auto Body Fairfax) ,bef63146-3049-4ad5-9217-798412f353bb,True,2026-02-13T23:46:39.969678+00:00,2026-02-17T21:54:24.707+00:00,8280,2026-08-05T08:27:19.256381+00:00,2026-02-13T23:46:59.717+00:00,"{""name"": ""Google Reviews (LG Auto Body Fairfax) "", ""sortBy"": ""highest_rating"", ""cardGap"": 16, ""placeId"": ""ChIJCzSqqkHNt4kRBUoAUeK-Xtw"", ""autoPlay"": false, ""cacheTTL"": 60, ""language"": ""en"", ""showDates"": true, ""textColor"": ""#2D2D2D"", ""widthType"": ""percentage"", ""fontFamily"": ""poppins"", ""maxReviews"": 40, ""widthValue"": 100, ""cardPadding"": 16, ""showRatings"": true, ""borderRadius"": 28, ""primaryColor"": ""#DC2626"", ""backgroundType"": ""transparent"", ""filterByImages"": ""images_first"", ""filterByRating"": ""5"", ""backgroundColor"": ""#FFFFFF"", ""cardBorderColor"": ""#e42709"", ""reviewsPerSlide"": 5, ""autoPlayInterval"": 5, ""showAuthorPhotos"": true, ""showBusinessInfo"": false, ""showReviewImages"": true, ""containerMaxWidth"": 1200, ""excludedReviewIds"": [""Ishraq Alkibsi|4 years ago"", ""Valeria Castrillo|10 months ago"", ""Edward|2 years ago"", ""Alessandro Magno|a month ago""], ""showBusinessRating"": true, ""cardBackgroundColor"": ""#FFFFFF"", ""reviewTextMaxHeight"": 300, ""reviewImageThumbnailSize"": ""medium""}"
0f758cf9-b381-4da0-8cb7-5579fc9120c7,SSR Autobody (built by Shah),GOOGLE_REVIEWS_CAROUSEL,Google Reviews (LG Auto Body) ,ed4aca49-cad9-406d-a435-7bf0f5c307c9,True,2025-11-18T23:55:47.388327+00:00,2026-02-11T17:42:39.933+00:00,16959,2026-08-05T07:57:30.556837+00:00,2025-11-18T23:55:47.388327+00:00,"{""name"": ""Google Reviews (LG Auto Body) "", ""sortBy"": ""highest_rating"", ""cardGap"": 16, ""placeId"": ""ChIJCzSqqkHNt4kRBUoAUeK-Xtw"", ""autoPlay"": false, ""cacheTTL"": 60, ""language"": ""en"", ""showDates"": true, ""textColor"": ""#2D2D2D"", ""widthType"": ""percentage"", ""fontFamily"": ""poppins"", ""maxReviews"": 40, ""widthValue"": 100, ""cardPadding"": 16, ""showRatings"": true, ""borderRadius"": 28, ""primaryColor"": ""#DC2626"", ""backgroundType"": ""transparent"", ""filterByImages"": ""images_first"", ""filterByRating"": ""5"", ""backgroundColor"": ""#FFFFFF"", ""cardBorderColor"": ""#e42709"", ""reviewsPerSlide"": 5, ""autoPlayInterval"": 5, ""showAuthorPhotos"": true, ""showBusinessInfo"": false, ""showReviewImages"": true, ""containerMaxWidth"": 1200, ""excludedReviewIds"": [""Ishraq Alkibsi|4 years ago"", ""Valeria Castrillo|10 months ago"", ""Edward|2 years ago"", ""Alessandro Magno|a month ago""], ""showBusinessRating"": true, ""cardBackgroundColor"": ""#FFFFFF"", ""reviewTextMaxHeight"": 300, ""reviewImageThumbnailSize"": ""medium""}"
0f758cf9-b381-4da0-8cb7-5579fc9120c7,SSR Autobody (built by Shah),GOOGLE_REVIEWS_CAROUSEL,Google Reviews (Lone Star Auto Body),6fbb400d-953b-42d5-99d7-f00ddbcc7b1e,True,2026-05-26T05:06:02.552058+00:00,2026-05-26T05:07:35.561+00:00,3543,2026-08-05T08:01:22.719152+00:00,2026-05-29T02:07:11.936+00:00,"{""name"": ""Google Reviews (Lone Star Auto Body)"", ""sortBy"": ""highest_rating"", ""cardGap"": 16, ""placeId"": ""ChIJVyv-VaHPRIYRpnH0vKV-9-k"", ""autoPlay"": false, ""cacheTTL"": 60, ""language"": ""en"", ""showDates"": true, ""textColor"": ""#2D2D2D"", ""widthType"": ""percentage"", ""fontFamily"": ""poppins"", ""maxReviews"": 40, ""widthValue"": 100, ""cardPadding"": 16, ""showRatings"": true, ""borderRadius"": 28, ""primaryColor"": ""#3694ff"", ""backgroundType"": ""transparent"", ""filterByImages"": ""images_first"", ""filterByRating"": ""5"", ""backgroundColor"": ""#FFFFFF"", ""cardBorderColor"": ""#3694ff"", ""reviewsPerSlide"": 5, ""autoPlayInterval"": 5, ""showAuthorPhotos"": true, ""showBusinessInfo"": false, ""showReviewImages"": true, ""containerMaxWidth"": 1200, ""excludedReviewIds"": [""Mathew Raines|a year ago""], ""showBusinessRating"": true, ""cardBackgroundColor"": ""#FFFFFF"", ""reviewTextMaxHeight"": 300, ""reviewImageThumbnailSize"": ""medium""}"
0f758cf9-b381-4da0-8cb7-5579fc9120c7,SSR Autobody (built by Shah),GOOGLE_REVIEWS_CAROUSEL,Google Reviews (Makka Auto Body) ,470dbcde-569e-42e9-9405-8852acb39f95,True,2026-02-10T21:56:33.67484+00:00,2026-02-10T22:04:58.974+00:00,15214,2026-08-05T07:43:08.478043+00:00,2026-02-10T21:59:43.752+00:00,"{""name"": ""Google Reviews (Makka Auto Body) "", ""sortBy"": ""highest_rating"", ""cardGap"": 16, ""placeId"": ""ChIJW89L4vAnTIYRHMuRzaBVQDQ"", ""autoPlay"": false, ""cacheTTL"": 60, ""language"": ""en"", ""showDates"": true, ""textColor"": ""#2D2D2D"", ""widthType"": ""percentage"", ""fontFamily"": ""poppins"", ""maxReviews"": 40, ""widthValue"": 100, ""cardPadding"": 16, ""showRatings"": true, ""borderRadius"": 28, ""primaryColor"": ""#DC2626"", ""backgroundType"": ""transparent"", ""filterByImages"": ""images_first"", ""filterByRating"": ""5"", ""backgroundColor"": ""#FFFFFF"", ""cardBorderColor"": ""#e42709"", ""reviewsPerSlide"": 5, ""autoPlayInterval"": 5, ""showAuthorPhotos"": true, ""showBusinessInfo"": false, ""showReviewImages"": true, ""containerMaxWidth"": 1200, ""excludedReviewIds"": [""Greg L|a year ago"", ""Patrice Newsome|4 years ago""], ""showBusinessRating"": true, ""cardBackgroundColor"": ""#FFFFFF"", ""reviewTextMaxHeight"": 300, ""reviewImageThumbnailSize"": ""medium""}"
0f758cf9-b381-4da0-8cb7-5579fc9120c7,SSR Autobody (built by Shah),GOOGLE_REVIEWS_CAROUSEL,Google Reviews (National Auto Collision Shop).,9337f23d-e38f-4540-b59d-e36a4bb783e8,True,2026-03-23T22:08:56.316261+00:00,2026-03-23T22:10:55.562+00:00,4046,2026-08-05T07:31:44.198282+00:00,2026-03-23T22:12:19.807+00:00,"{""name"": ""Google Reviews (National Auto Collision Shop)."", ""sortBy"": ""highest_rating"", ""cardGap"": 16, ""placeId"": ""ChIJlfWWE_-JTIYRxtoQLq71L1w"", ""autoPlay"": false, ""cacheTTL"": 60, ""language"": ""en"", ""showDates"": true, ""textColor"": ""#2D2D2D"", ""widthType"": ""percentage"", ""fontFamily"": ""poppins"", ""maxReviews"": 40, ""widthValue"": 100, ""cardPadding"": 16, ""showRatings"": true, ""borderRadius"": 28, ""primaryColor"": ""#3694ff"", ""backgroundType"": ""transparent"", ""filterByImages"": ""images_first"", ""filterByRating"": ""5"", ""backgroundColor"": ""#FFFFFF"", ""cardBorderColor"": ""#3694ff"", ""reviewsPerSlide"": 5, ""autoPlayInterval"": 5, ""showAuthorPhotos"": true, ""showBusinessInfo"": false, ""showReviewImages"": true, ""containerMaxWidth"": 1200, ""excludedReviewIds"": [""Mathew Raines|a year ago""], ""showBusinessRating"": true, ""cardBackgroundColor"": ""#FFFFFF"", ""reviewTextMaxHeight"": 300, ""reviewImageThumbnailSize"": ""medium""}"
0f758cf9-b381-4da0-8cb7-5579fc9120c7,SSR Autobody (built by Shah),GOOGLE_REVIEWS_CAROUSEL,Google Reviews (P&C collision Center),39577840-f2b9-471e-9e0d-ab92f7ae9bb9,True,2026-06-15T18:35:49.979141+00:00,2026-06-15T18:38:36.389+00:00,1428,2026-08-04T19:47:48.477203+00:00,2026-06-15T18:43:40.061+00:00,"{""name"": ""Google Reviews (P&C collision Center)"", ""sortBy"": ""highest_rating"", ""cardGap"": 16, ""placeId"": ""ChIJ5Zc-VOcnTIYRecWnRKWBnmo"", ""autoPlay"": false, ""cacheTTL"": 60, ""language"": ""en"", ""showDates"": true, ""textColor"": ""#2D2D2D"", ""widthType"": ""percentage"", ""fontFamily"": ""poppins"", ""maxReviews"": 40, ""widthValue"": 100, ""cardPadding"": 16, ""showRatings"": true, ""borderRadius"": 28, ""primaryColor"": ""#DC2626"", ""backgroundType"": ""transparent"", ""filterByImages"": ""images_first"", ""filterByRating"": ""5"", ""backgroundColor"": ""#FFFFFF"", ""cardBorderColor"": ""#e42709"", ""reviewsPerSlide"": 5, ""autoPlayInterval"": 5, ""showAuthorPhotos"": true, ""showBusinessInfo"": false, ""showReviewImages"": true, ""containerMaxWidth"": 1200, ""excludedReviewIds"": [""Ishraq Alkibsi|4 years ago"", ""Valeria Castrillo|10 months ago"", ""Edward|2 years ago"", ""Alessandro Magno|a month ago"", ""Robert Flores|a month ago"", ""Arbi Der Krikorian|3 months ago"", ""Alfred Ramirez|3 months ago"", ""Brian Arriaga-Martin|10 months ago"", ""Antonio C|3 months ago"", ""Advice Giant|Edited 3 years ago"", ""Linda|a year ago"", ""Renald “Ren” Moore|5 years ago"", ""Erock1r|3 months ago"", ""Jennifer Hung|5 months ago"", ""Eman Juma|5 months ago"", ""Lizette Ramirez|7 months ago""], ""showBusinessRating"": true, ""cardBackgroundColor"": ""#FFFFFF"", ""reviewTextMaxHeight"": 300, ""reviewImageThumbnailSize"": ""medium""}"
0f758cf9-b381-4da0-8cb7-5579fc9120c7,SSR Autobody (built by Shah),GOOGLE_REVIEWS_CAROUSEL,Google Reviews (Pacific Rims Auto Body Shop),c1f407fe-4767-467f-b669-d91f63262fff,True,2026-07-23T18:24:40.440955+00:00,2026-07-23T18:25:58.886+00:00,143,2026-08-05T08:38:38.832269+00:00,2026-07-23T18:29:58.584+00:00,"{""name"": ""Google Reviews (Pacific Rims Auto Body Shop)"", ""dataId"": ""0x80c2c9925b5b82e3:0xa5b48cab266ee33a"", ""sortBy"": ""highest_rating"", ""cardGap"": 16, ""placeId"": ""ChIJ44JbW5LJwoAROuNuJquMtKU"", ""autoPlay"": false, ""cacheTTL"": 60, ""language"": ""en"", ""showDates"": true, ""textColor"": ""#2D2D2D"", ""widthType"": ""percentage"", ""fontFamily"": ""poppins"", ""maxReviews"": 40, ""widthValue"": 100, ""cardPadding"": 16, ""showRatings"": true, ""borderRadius"": 28, ""primaryColor"": ""#3694ff"", ""backgroundType"": ""transparent"", ""filterByImages"": ""images_first"", ""filterByRating"": ""5"", ""backgroundColor"": ""#FFFFFF"", ""cardBorderColor"": ""#3694ff"", ""reviewsPerSlide"": 5, ""autoPlayInterval"": 5, ""showAuthorPhotos"": true, ""showBusinessInfo"": false, ""showReviewImages"": true, ""containerMaxWidth"": 1200, ""excludedReviewIds"": [""Mathew Raines|a year ago""], ""showBusinessRating"": true, ""cardBackgroundColor"": ""#FFFFFF"", ""reviewTextMaxHeight"": 300, ""reviewImageThumbnailSize"": ""medium""}"
0f758cf9-b381-4da0-8cb7-5579fc9120c7,SSR Autobody (built by Shah),GOOGLE_REVIEWS_CAROUSEL,Google Reviews (Pacific Rims Auto Body Shop) Copy,8329a15a-3570-41b7-ab73-2ef1ae1db206,True,2026-08-03T16:27:13.262267+00:00,2026-08-03T16:27:13.262267+00:00,0,,,"{""name"": ""Google Reviews (Pacific Rims Auto Body Shop)"", ""dataId"": ""0x80c2c9925b5b82e3:0xa5b48cab266ee33a"", ""sortBy"": ""highest_rating"", ""cardGap"": 16, ""placeId"": ""ChIJ44JbW5LJwoAROuNuJquMtKU"", ""autoPlay"": false, ""cacheTTL"": 60, ""language"": ""en"", ""showDates"": true, ""textColor"": ""#2D2D2D"", ""widthType"": ""percentage"", ""fontFamily"": ""poppins"", ""maxReviews"": 40, ""widthValue"": 100, ""cardPadding"": 16, ""showRatings"": true, ""borderRadius"": 28, ""primaryColor"": ""#3694ff"", ""backgroundType"": ""transparent"", ""filterByImages"": ""images_first"", ""filterByRating"": ""5"", ""backgroundColor"": ""#FFFFFF"", ""cardBorderColor"": ""#3694ff"", ""reviewsPerSlide"": 5, ""autoPlayInterval"": 5, ""showAuthorPhotos"": true, ""showBusinessInfo"": false, ""showReviewImages"": true, ""containerMaxWidth"": 1200, ""excludedReviewIds"": [""Mathew Raines|a year ago""], ""showBusinessRating"": true, ""cardBackgroundColor"": ""#FFFFFF"", ""reviewTextMaxHeight"": 300, ""reviewImageThumbnailSize"": ""medium""}"
0f758cf9-b381-4da0-8cb7-5579fc9120c7,SSR Autobody (built by Shah),GOOGLE_REVIEWS_CAROUSEL,Google Reviews (Pazi Performance),850abedd-a71d-46d3-aff2-63bebf346755,True,2026-07-13T19:05:26.450161+00:00,2026-07-13T19:06:19.7+00:00,493,2026-08-05T09:27:50.803808+00:00,2026-07-13T19:08:51.816+00:00,"{""name"": ""Google Reviews (Pazi Performance)"", ""dataId"": ""0x80c2bfe34e921ced:0x57bf8a4cc722177d"", ""sortBy"": ""highest_rating"", ""cardGap"": 16, ""placeId"": ""ChIJ7RySTuO_woARfRcix0yKv1c"", ""autoPlay"": false, ""cacheTTL"": 60, ""language"": ""en"", ""showDates"": true, ""textColor"": ""#2D2D2D"", ""widthType"": ""percentage"", ""fontFamily"": ""poppins"", ""maxReviews"": 40, ""widthValue"": 100, ""cardPadding"": 16, ""showRatings"": true, ""borderRadius"": 28, ""primaryColor"": ""#3694ff"", ""backgroundType"": ""transparent"", ""filterByImages"": ""images_first"", ""filterByRating"": ""5"", ""backgroundColor"": ""#FFFFFF"", ""cardBorderColor"": ""#3694ff"", ""reviewsPerSlide"": 5, ""autoPlayInterval"": 5, ""showAuthorPhotos"": true, ""showBusinessInfo"": false, ""showReviewImages"": true, ""containerMaxWidth"": 1200, ""excludedReviewIds"": [""Mathew Raines|a year ago""], ""showBusinessRating"": true, ""cardBackgroundColor"": ""#FFFFFF"", ""reviewTextMaxHeight"": 300, ""reviewImageThumbnailSize"": ""medium""}"
0f758cf9-b381-4da0-8cb7-5579fc9120c7,SSR Autobody (built by Shah),GOOGLE_REVIEWS_CAROUSEL,Google Reviews (Pit Stop Collision),6d685bbc-ce40-4522-8992-66170e6e8971,True,2026-03-24T21:50:49.400307+00:00,2026-03-24T21:51:44.888+00:00,8398,2026-08-05T06:59:10.841886+00:00,2026-03-24T21:54:02.194+00:00,"{""name"": ""Google Reviews (Pit Stop Collision)"", ""sortBy"": ""highest_rating"", ""cardGap"": 16, ""placeId"": ""ChIJbemsd60xw4ARxaaMI3VBAm4"", ""autoPlay"": false, ""cacheTTL"": 60, ""language"": ""en"", ""showDates"": true, ""textColor"": ""#2D2D2D"", ""widthType"": ""percentage"", ""fontFamily"": ""poppins"", ""maxReviews"": 40, ""widthValue"": 100, ""cardPadding"": 16, ""showRatings"": true, ""borderRadius"": 28, ""primaryColor"": ""#DC2626"", ""backgroundType"": ""transparent"", ""filterByImages"": ""images_first"", ""filterByRating"": ""5"", ""backgroundColor"": ""#FFFFFF"", ""cardBorderColor"": ""#e42709"", ""reviewsPerSlide"": 5, ""autoPlayInterval"": 5, ""showAuthorPhotos"": true, ""showBusinessInfo"": false, ""showReviewImages"": true, ""containerMaxWidth"": 1200, ""excludedReviewIds"": [""Ishraq Alkibsi|4 years ago"", ""Valeria Castrillo|10 months ago"", ""Edward|2 years ago"", ""Alessandro Magno|a month ago"", ""Robert Flores|a month ago"", ""Arbi Der Krikorian|3 months ago"", ""Alfred Ramirez|3 months ago""], ""showBusinessRating"": true, ""cardBackgroundColor"": ""#FFFFFF"", ""reviewTextMaxHeight"": 300, ""reviewImageThumbnailSize"": ""medium""}"
0f758cf9-b381-4da0-8cb7-5579fc9120c7,SSR Autobody (built by Shah),GOOGLE_REVIEWS_CAROUSEL,Google Reviews (Platinum Auto Collision),957c6db0-1960-452d-a048-06faefac28e3,True,2026-07-21T17:30:20.171149+00:00,2026-08-04T19:34:33.086+00:00,33,2026-08-04T18:55:10.677371+00:00,2026-07-21T17:37:39.063+00:00,"{""name"": ""Google Reviews (Platinum Auto Collision)"", ""dataId"": ""0x864e7d2c19b2c681:0x47845a23fb2ccc2"", ""sortBy"": ""highest_rating"", ""cardGap"": 16, ""placeId"": ""ChIJgcayGSx9ToYRwsyyP6JFeAQ"", ""autoPlay"": false, ""cacheTTL"": 60, ""language"": ""en"", ""showDates"": true, ""textColor"": ""#2D2D2D"", ""widthType"": ""percentage"", ""fontFamily"": ""poppins"", ""maxReviews"": 40, ""widthValue"": 100, ""cardPadding"": 16, ""showRatings"": true, ""borderRadius"": 28, ""primaryColor"": ""#DC2626"", ""backgroundType"": ""transparent"", ""filterByImages"": ""images_first"", ""filterByRating"": ""5"", ""backgroundColor"": ""#FFFFFF"", ""cardBorderColor"": ""#e42709"", ""reviewsPerSlide"": 5, ""autoPlayInterval"": 5, ""showAuthorPhotos"": true, ""showBusinessInfo"": false, ""showReviewImages"": true, ""containerMaxWidth"": 1200, ""excludedReviewIds"": [""Ishraq Alkibsi|4 years ago"", ""Valeria Castrillo|10 months ago"", ""Edward|2 years ago"", ""Alessandro Magno|a month ago"", ""Robert Flores|a month ago"", ""Arbi Der Krikorian|3 months ago"", ""Alfred Ramirez|3 months ago"", ""Brian Arriaga-Martin|10 months ago"", ""Antonio C|3 months ago"", ""Advice Giant|Edited 3 years ago"", ""Linda|a year ago"", ""Renald “Ren” Moore|5 years ago"", ""Erock1r|3 months ago"", ""Jennifer Hung|5 months ago"", ""Eman Juma|5 months ago"", ""Lizette Ramirez|7 months ago""], ""showBusinessRating"": true, ""cardBackgroundColor"": ""#FFFFFF"", ""reviewTextMaxHeight"": 300, ""reviewImageThumbnailSize"": ""medium""}"
0f758cf9-b381-4da0-8cb7-5579fc9120c7,SSR Autobody (built by Shah),GOOGLE_REVIEWS_CAROUSEL,Google Reviews (Pompano Auto Service),72799979-e316-45fe-b238-b00577156995,True,2026-06-02T19:33:44.922194+00:00,2026-06-02T19:35:23.2+00:00,1837,2026-08-05T07:05:51.353155+00:00,2026-06-02T19:39:37.76+00:00,"{""name"": ""Google Reviews (Pompano Auto Service)"", ""sortBy"": ""highest_rating"", ""cardGap"": 16, ""placeId"": ""ChIJ_ZICqFoC2YgRIpDwci-0bGs"", ""autoPlay"": false, ""cacheTTL"": 60, ""language"": ""en"", ""showDates"": true, ""textColor"": ""#2D2D2D"", ""widthType"": ""percentage"", ""fontFamily"": ""poppins"", ""maxReviews"": 40, ""widthValue"": 100, ""cardPadding"": 16, ""showRatings"": true, ""borderRadius"": 28, ""primaryColor"": ""#3694ff"", ""backgroundType"": ""transparent"", ""filterByImages"": ""images_first"", ""filterByRating"": ""5"", ""backgroundColor"": ""#FFFFFF"", ""cardBorderColor"": ""#3694ff"", ""reviewsPerSlide"": 5, ""autoPlayInterval"": 5, ""showAuthorPhotos"": true, ""showBusinessInfo"": false, ""showReviewImages"": true, ""containerMaxWidth"": 1200, ""excludedReviewIds"": [""Mathew Raines|a year ago""], ""showBusinessRating"": true, ""cardBackgroundColor"": ""#FFFFFF"", ""reviewTextMaxHeight"": 300, ""reviewImageThumbnailSize"": ""medium""}"
0f758cf9-b381-4da0-8cb7-5579fc9120c7,SSR Autobody (built by Shah),GOOGLE_REVIEWS_CAROUSEL,Google Reviews (Premier Auto Collision),386857d4-f3a4-450a-b44f-b04b08ad0c47,True,2026-07-16T18:42:26.500633+00:00,2026-07-16T18:44:20.958+00:00,23,2026-08-04T19:39:08.486558+00:00,2026-07-16T18:47:10.727+00:00,"{""name"": ""Google Reviews (Premier Auto Collision)"", ""dataId"": ""0x89c25f838f4ea2bf:0xf21a291398b9b567"", ""sortBy"": ""highest_rating"", ""cardGap"": 16, ""placeId"": ""ChIJv6JOj4NfwokRZ7W5mBMpGvI"", ""autoPlay"": false, ""cacheTTL"": 60, ""language"": ""en"", ""showDates"": true, ""textColor"": ""#2D2D2D"", ""widthType"": ""percentage"", ""fontFamily"": ""poppins"", ""maxReviews"": 40, ""widthValue"": 100, ""cardPadding"": 16, ""showRatings"": true, ""borderRadius"": 28, ""primaryColor"": ""#3694ff"", ""backgroundType"": ""transparent"", ""filterByImages"": ""images_first"", ""filterByRating"": ""5"", ""backgroundColor"": ""#FFFFFF"", ""cardBorderColor"": ""#3694ff"", ""reviewsPerSlide"": 5, ""autoPlayInterval"": 5, ""showAuthorPhotos"": true, ""showBusinessInfo"": false, ""showReviewImages"": true, ""containerMaxWidth"": 1200, ""excludedReviewIds"": [""Mathew Raines|a year ago""], ""showBusinessRating"": true, ""cardBackgroundColor"": ""#FFFFFF"", ""reviewTextMaxHeight"": 300, ""reviewImageThumbnailSize"": ""medium""}"
0f758cf9-b381-4da0-8cb7-5579fc9120c7,SSR Autobody (built by Shah),GOOGLE_REVIEWS_CAROUSEL,Google Reviews (Premier Autobody & Frame),e01a649d-c224-403d-8b3c-ccac0fac2ef8,True,2026-06-17T19:20:30.633558+00:00,2026-06-17T19:22:25.323+00:00,1584,2026-08-05T08:52:37.853204+00:00,2026-06-17T19:28:20.842+00:00,"{""name"": ""Google Reviews (Premier Autobody & Frame)"", ""sortBy"": ""highest_rating"", ""cardGap"": 16, ""placeId"": ""ChIJ6URKns-HwoAR4KD1XY-05Ao"", ""autoPlay"": false, ""cacheTTL"": 60, ""language"": ""en"", ""showDates"": true, ""textColor"": ""#2D2D2D"", ""widthType"": ""percentage"", ""fontFamily"": ""poppins"", ""maxReviews"": 40, ""widthValue"": 100, ""cardPadding"": 16, ""showRatings"": true, ""borderRadius"": 28, ""primaryColor"": ""#3694ff"", ""backgroundType"": ""transparent"", ""filterByImages"": ""images_first"", ""filterByRating"": ""5"", ""backgroundColor"": ""#FFFFFF"", ""cardBorderColor"": ""#3694ff"", ""reviewsPerSlide"": 5, ""autoPlayInterval"": 5, ""showAuthorPhotos"": true, ""showBusinessInfo"": false, ""showReviewImages"": true, ""containerMaxWidth"": 1200, ""excludedReviewIds"": [""Mathew Raines|a year ago""], ""showBusinessRating"": true, ""cardBackgroundColor"": ""#FFFFFF"", ""reviewTextMaxHeight"": 300, ""reviewImageThumbnailSize"": ""medium""}"
0f758cf9-b381-4da0-8cb7-5579fc9120c7,SSR Autobody (built by Shah),GOOGLE_REVIEWS_CAROUSEL,Google Reviews (Primes Auto Service),61f69a3b-a603-4b9a-b4c7-71559782cf02,True,2026-07-09T19:10:45.264134+00:00,2026-07-09T19:12:34.31+00:00,1224,2026-08-05T08:55:54.768282+00:00,2026-07-09T19:15:16.36+00:00,"{""name"": ""Google Reviews (Primes Auto Service)"", ""dataId"": ""0x8856bd34cab9f6a5:0x5f207f5c41d65893"", ""sortBy"": ""highest_rating"", ""cardGap"": 16, ""placeId"": ""ChIJpfa5yjS9VogRk1jWQVx_IF8"", ""autoPlay"": false, ""cacheTTL"": 60, ""language"": ""en"", ""showDates"": true, ""textColor"": ""#2D2D2D"", ""widthType"": ""percentage"", ""fontFamily"": ""poppins"", ""maxReviews"": 40, ""widthValue"": 100, ""cardPadding"": 16, ""showRatings"": true, ""borderRadius"": 28, ""primaryColor"": ""#DC2626"", ""backgroundType"": ""transparent"", ""filterByImages"": ""images_first"", ""filterByRating"": ""5"", ""backgroundColor"": ""#FFFFFF"", ""cardBorderColor"": ""#e42709"", ""reviewsPerSlide"": 5, ""autoPlayInterval"": 5, ""showAuthorPhotos"": true, ""showBusinessInfo"": false, ""showReviewImages"": true, ""containerMaxWidth"": 1200, ""excludedReviewIds"": [""Ishraq Alkibsi|4 years ago"", ""Valeria Castrillo|10 months ago"", ""Edward|2 years ago"", ""Alessandro Magno|a month ago"", ""Robert Flores|a month ago"", ""Arbi Der Krikorian|3 months ago"", ""Alfred Ramirez|3 months ago"", ""Brian Arriaga-Martin|10 months ago"", ""Antonio C|3 months ago"", ""Advice Giant|Edited 3 years ago"", ""Linda|a year ago"", ""Renald “Ren” Moore|5 years ago"", ""Erock1r|3 months ago"", ""Jennifer Hung|5 months ago"", ""Eman Juma|5 months ago"", ""Lizette Ramirez|7 months ago""], ""showBusinessRating"": true, ""cardBackgroundColor"": ""#FFFFFF"", ""reviewTextMaxHeight"": 300, ""reviewImageThumbnailSize"": ""medium""}"
0f758cf9-b381-4da0-8cb7-5579fc9120c7,SSR Autobody (built by Shah),GOOGLE_REVIEWS_CAROUSEL,Google Reviews (Pro Color Collision)  ,2b8a7250-1c01-4e1a-a451-ca9633b13b49,True,2025-12-26T20:26:40.74628+00:00,2026-02-11T17:47:38.993+00:00,5917,2026-08-04T22:54:29.34769+00:00,2025-12-26T20:29:29.686+00:00,"{""name"": ""Google Reviews (Pro Color Collision)  "", ""sortBy"": ""highest_rating"", ""cardGap"": 16, ""placeId"": ""ChIJpTb_cudxbIcRz9HXd2C5CkQ"", ""autoPlay"": false, ""cacheTTL"": 60, ""language"": ""en"", ""showDates"": true, ""textColor"": ""#2D2D2D"", ""widthType"": ""percentage"", ""fontFamily"": ""poppins"", ""maxReviews"": 40, ""widthValue"": 100, ""cardPadding"": 16, ""showRatings"": true, ""borderRadius"": 28, ""primaryColor"": ""#DC2626"", ""backgroundType"": ""transparent"", ""filterByImages"": ""images_first"", ""filterByRating"": ""5"", ""backgroundColor"": ""#FFFFFF"", ""cardBorderColor"": ""#e42709"", ""reviewsPerSlide"": 5, ""autoPlayInterval"": 5, ""showAuthorPhotos"": true, ""showBusinessInfo"": false, ""showReviewImages"": true, ""containerMaxWidth"": 1200, ""excludedReviewIds"": [""samantha silva|2 months ago"", ""Dr Dazzle|4 months ago"", ""PAMELA HICKS-WASHINGTON|6 months ago"", ""Chris Matlock|a year ago"", ""Robert Allen|5 months ago"", ""Jess Zee|6 months ago"", ""Chelsea Conaway|6 months ago"", ""Jazmine Conaway|6 months ago""], ""showBusinessRating"": true, ""cardBackgroundColor"": ""#FFFFFF"", ""reviewTextMaxHeight"": 300, ""reviewImageThumbnailSize"": ""medium""}"
0f758cf9-b381-4da0-8cb7-5579fc9120c7,SSR Autobody (built by Shah),GOOGLE_REVIEWS_CAROUSEL,Google Reviews (Relux Collision),62dc1751-7ed4-4bf0-bf86-1d3b65026c19,True,2026-07-20T18:44:48.840552+00:00,2026-07-20T18:49:30.294+00:00,480,2026-08-05T09:12:40.331486+00:00,2026-07-20T18:52:07.536+00:00,"{""name"": ""Google Reviews (Relux Collision)"", ""dataId"": ""0x809ac5522c78a1eb:0xb34434dd21d89c2c"", ""sortBy"": ""highest_rating"", ""cardGap"": 16, ""placeId"": ""ChIJ66F4LFLFmoARLJzYId00RLM"", ""autoPlay"": false, ""cacheTTL"": 60, ""language"": ""en"", ""showDates"": true, ""textColor"": ""#2D2D2D"", ""widthType"": ""percentage"", ""fontFamily"": ""poppins"", ""maxReviews"": 40, ""widthValue"": 100, ""cardPadding"": 16, ""showRatings"": true, ""borderRadius"": 28, ""primaryColor"": ""#3694ff"", ""backgroundType"": ""transparent"", ""filterByImages"": ""images_first"", ""filterByRating"": ""5"", ""backgroundColor"": ""#FFFFFF"", ""cardBorderColor"": ""#3694ff"", ""reviewsPerSlide"": 5, ""autoPlayInterval"": 5, ""showAuthorPhotos"": true, ""showBusinessInfo"": false, ""showReviewImages"": true, ""containerMaxWidth"": 1200, ""excludedReviewIds"": [""Mathew Raines|a year ago""], ""showBusinessRating"": true, ""cardBackgroundColor"": ""#FFFFFF"", ""reviewTextMaxHeight"": 300, ""reviewImageThumbnailSize"": ""medium""}"
0f758cf9-b381-4da0-8cb7-5579fc9120c7,SSR Autobody (built by Shah),GOOGLE_REVIEWS_CAROUSEL,Google Reviews (Rickenbaugh Collision Center East),9fc39fbc-9be3-4127-b1e0-a5a0071df3be,True,2026-07-17T17:53:15.274625+00:00,2026-07-17T17:55:44.442+00:00,19,2026-08-04T18:49:57.038667+00:00,2026-07-17T18:02:41.138+00:00,"{""name"": ""Google Reviews (Rickenbaugh Collision Center East)"", ""dataId"": ""0x876c7cb9f36e3409:0xf85bd298bbac1462"", ""sortBy"": ""highest_rating"", ""cardGap"": 16, ""placeId"": ""ChIJCTRu87l8bIcRYhSsu5jSW_g"", ""autoPlay"": false, ""cacheTTL"": 60, ""language"": ""en"", ""showDates"": true, ""textColor"": ""#2D2D2D"", ""widthType"": ""percentage"", ""fontFamily"": ""poppins"", ""maxReviews"": 40, ""widthValue"": 100, ""cardPadding"": 16, ""showRatings"": true, ""borderRadius"": 28, ""primaryColor"": ""#DC2626"", ""backgroundType"": ""transparent"", ""filterByImages"": ""images_first"", ""filterByRating"": ""5"", ""backgroundColor"": ""#FFFFFF"", ""cardBorderColor"": ""#e42709"", ""reviewsPerSlide"": 5, ""autoPlayInterval"": 5, ""showAuthorPhotos"": true, ""showBusinessInfo"": false, ""showReviewImages"": true, ""containerMaxWidth"": 1200, ""excludedReviewIds"": [""Ishraq Alkibsi|4 years ago"", ""Valeria Castrillo|10 months ago"", ""Edward|2 years ago"", ""Alessandro Magno|a month ago"", ""Robert Flores|a month ago"", ""Arbi Der Krikorian|3 months ago"", ""Alfred Ramirez|3 months ago"", ""Brian Arriaga-Martin|10 months ago"", ""Antonio C|3 months ago"", ""Advice Giant|Edited 3 years ago"", ""Linda|a year ago"", ""Renald “Ren” Moore|5 years ago"", ""Erock1r|3 months ago"", ""Jennifer Hung|5 months ago"", ""Eman Juma|5 months ago"", ""Lizette Ramirez|7 months ago""], ""showBusinessRating"": true, ""cardBackgroundColor"": ""#FFFFFF"", ""reviewTextMaxHeight"": 300, ""reviewImageThumbnailSize"": ""medium""}"
0f758cf9-b381-4da0-8cb7-5579fc9120c7,SSR Autobody (built by Shah),GOOGLE_REVIEWS_CAROUSEL,Google Reviews (Rickenbaugh Collision Center),0a66634a-e143-4e61-9bde-b7534d1e6791,True,2026-06-04T19:37:29.772443+00:00,2026-06-04T19:42:03.452+00:00,3065,2026-08-05T06:20:45.932389+00:00,2026-06-04T19:45:42.88+00:00,"{""name"": ""Google Reviews (Rickenbaugh Collision Center)"", ""sortBy"": ""highest_rating"", ""cardGap"": 16, ""placeId"": ""ChIJjX1GBzt_bIcR-glVP9AIXFs"", ""autoPlay"": false, ""cacheTTL"": 60, ""language"": ""en"", ""showDates"": true, ""textColor"": ""#2D2D2D"", ""widthType"": ""percentage"", ""fontFamily"": ""poppins"", ""maxReviews"": 40, ""widthValue"": 100, ""cardPadding"": 16, ""showRatings"": true, ""borderRadius"": 28, ""primaryColor"": ""#DC2626"", ""backgroundType"": ""transparent"", ""filterByImages"": ""images_first"", ""filterByRating"": ""5"", ""backgroundColor"": ""#FFFFFF"", ""cardBorderColor"": ""#e42709"", ""reviewsPerSlide"": 5, ""autoPlayInterval"": 5, ""showAuthorPhotos"": true, ""showBusinessInfo"": false, ""showReviewImages"": true, ""containerMaxWidth"": 1200, ""excludedReviewIds"": [""Ishraq Alkibsi|4 years ago"", ""Valeria Castrillo|10 months ago"", ""Edward|2 years ago"", ""Alessandro Magno|a month ago"", ""Robert Flores|a month ago"", ""Arbi Der Krikorian|3 months ago"", ""Alfred Ramirez|3 months ago"", ""Brian Arriaga-Martin|10 months ago"", ""Antonio C|3 months ago"", ""Advice Giant|Edited 3 years ago"", ""Linda|a year ago"", ""Renald “Ren” Moore|5 years ago"", ""Erock1r|3 months ago"", ""Jennifer Hung|5 months ago"", ""Eman Juma|5 months ago"", ""Lizette Ramirez|7 months ago""], ""showBusinessRating"": true, ""cardBackgroundColor"": ""#FFFFFF"", ""reviewTextMaxHeight"": 300, ""reviewImageThumbnailSize"": ""medium""}"
0f758cf9-b381-4da0-8cb7-5579fc9120c7,SSR Autobody (built by Shah),GOOGLE_REVIEWS_CAROUSEL,Google Reviews (Royal Auto Body & Repair Center),178fabfa-8dc7-4167-81a5-3a90dc11a022,True,2026-06-09T20:55:03.559571+00:00,2026-06-09T20:59:01.838+00:00,2070,2026-08-05T08:45:51.205451+00:00,2026-06-10T16:50:55.839+00:00,"{""name"": ""Google Reviews (Royal Auto Body & Repair Center)"", ""sortBy"": ""highest_rating"", ""cardGap"": 16, ""placeId"": ""ChIJK0BrON97j4ARluHtNgZ0nBg"", ""autoPlay"": false, ""cacheTTL"": 60, ""language"": ""en"", ""showDates"": true, ""textColor"": ""#2D2D2D"", ""widthType"": ""percentage"", ""fontFamily"": ""poppins"", ""maxReviews"": 40, ""widthValue"": 100, ""cardPadding"": 16, ""showRatings"": true, ""borderRadius"": 28, ""primaryColor"": ""#DC2626"", ""backgroundType"": ""transparent"", ""filterByImages"": ""images_first"", ""filterByRating"": ""5"", ""backgroundColor"": ""#FFFFFF"", ""cardBorderColor"": ""#e42709"", ""reviewsPerSlide"": 5, ""autoPlayInterval"": 5, ""showAuthorPhotos"": true, ""showBusinessInfo"": false, ""showReviewImages"": true, ""containerMaxWidth"": 1200, ""excludedReviewIds"": [""Ishraq Alkibsi|4 years ago"", ""Valeria Castrillo|10 months ago"", ""Edward|2 years ago"", ""Alessandro Magno|a month ago"", ""Robert Flores|a month ago"", ""Arbi Der Krikorian|3 months ago"", ""Alfred Ramirez|3 months ago"", ""Brian Arriaga-Martin|10 months ago"", ""Antonio C|3 months ago"", ""Advice Giant|Edited 3 years ago"", ""Linda|a year ago"", ""Renald “Ren” Moore|5 years ago"", ""Erock1r|3 months ago"", ""Jennifer Hung|5 months ago"", ""Eman Juma|5 months ago"", ""Lizette Ramirez|7 months ago""], ""showBusinessRating"": true, ""cardBackgroundColor"": ""#FFFFFF"", ""reviewTextMaxHeight"": 300, ""reviewImageThumbnailSize"": ""medium""}"
0f758cf9-b381-4da0-8cb7-5579fc9120c7,SSR Autobody (built by Shah),GOOGLE_REVIEWS_CAROUSEL,Google Reviews (SSR Autobody),95722f72-c9f0-4245-8bcb-65b8052dad8d,True,2025-10-28T14:51:16.89868+00:00,2025-10-31T18:23:40.951+00:00,12532,2026-08-05T07:20:21.040752+00:00,2025-10-28T14:51:16.89868+00:00,"{""name"": ""Google Reviews (SSR Autobody)"", ""sortBy"": ""most_relevant"", ""cardGap"": 16, ""placeId"": ""ChIJNQEJMirX3IARlbhAnUyNq54"", ""autoPlay"": true, ""cacheTTL"": 60, ""language"": ""en"", ""showDates"": true, ""textColor"": ""#000000"", ""widthType"": ""percentage"", ""fontFamily"": ""system"", ""maxReviews"": 20, ""widthValue"": 100, ""cardPadding"": 16, ""showRatings"": true, ""borderRadius"": 25, ""primaryColor"": ""#e42709"", ""backgroundType"": ""transparent"", ""filterByRating"": ""all"", ""backgroundColor"": ""#FFFFFF"", ""cardBorderColor"": ""#E0E0E0"", ""reviewsPerSlide"": 5, ""autoPlayInterval"": 2, ""showAuthorPhotos"": true, ""showBusinessInfo"": false, ""containerMaxWidth"": 1200, ""showBusinessRating"": true, ""cardBackgroundColor"": ""#FFFFFF""}"
0f758cf9-b381-4da0-8cb7-5579fc9120c7,SSR Autobody (built by Shah),GOOGLE_REVIEWS_CAROUSEL,Google Reviews (San Leandro Auto Body) ,eb241deb-94ca-4d05-8447-c149a3ef8374,True,2026-02-04T01:38:14.698548+00:00,2026-02-11T18:00:42.077+00:00,9547,2026-08-05T09:13:45.871607+00:00,2026-02-04T01:40:23.042+00:00,"{""name"": ""Google Reviews (San Leandro Auto Body) "", ""sortBy"": ""highest_rating"", ""cardGap"": 16, ""placeId"": ""ChIJ0xoh-diPj4ARDA7cIKtXoi8"", ""autoPlay"": false, ""cacheTTL"": 60, ""language"": ""en"", ""showDates"": true, ""textColor"": ""#2D2D2D"", ""widthType"": ""percentage"", ""fontFamily"": ""poppins"", ""maxReviews"": 40, ""widthValue"": 100, ""cardPadding"": 16, ""showRatings"": true, ""borderRadius"": 28, ""primaryColor"": ""#DC2626"", ""backgroundType"": ""transparent"", ""filterByImages"": ""images_first"", ""filterByRating"": ""5"", ""backgroundColor"": ""#FFFFFF"", ""cardBorderColor"": ""#e42709"", ""reviewsPerSlide"": 5, ""autoPlayInterval"": 5, ""showAuthorPhotos"": true, ""showBusinessInfo"": false, ""showReviewImages"": true, ""containerMaxWidth"": 1200, ""excludedReviewIds"": [""Greg L|a year ago"", ""Jet Espinosa|a year ago"", ""Tracy Holifield|a year ago"", ""Nakia Dupaty|4 years ago"", ""jun dy|6 years ago"", ""mario orantes|6 years ago"", ""Nora Galaviz|7 years ago"", ""Deno Dawes|7 years ago""], ""showBusinessRating"": true, ""cardBackgroundColor"": ""#FFFFFF"", ""reviewTextMaxHeight"": 300, ""reviewImageThumbnailSize"": ""medium""}"
0f758cf9-b381-4da0-8cb7-5579fc9120c7,SSR Autobody (built by Shah),GOOGLE_REVIEWS_CAROUSEL,Google Reviews (Santa Ana Body Shop),12144786-8ce3-4df8-9ea4-1d8fc4f71db0,True,2026-05-11T21:13:33.36475+00:00,2026-05-11T21:15:39.545+00:00,3144,2026-08-05T08:36:44.983243+00:00,2026-05-11T21:16:52.838+00:00,"{""name"": ""Google Reviews (Santa Ana Body Shop)"", ""sortBy"": ""highest_rating"", ""cardGap"": 16, ""placeId"": ""ChIJW-x29XvGQIYRiY7ePl1qrmo"", ""autoPlay"": false, ""cacheTTL"": 60, ""language"": ""en"", ""showDates"": true, ""textColor"": ""#2D2D2D"", ""widthType"": ""percentage"", ""fontFamily"": ""poppins"", ""maxReviews"": 40, ""widthValue"": 100, ""cardPadding"": 16, ""showRatings"": true, ""borderRadius"": 28, ""primaryColor"": ""#DC2626"", ""backgroundType"": ""transparent"", ""filterByImages"": ""images_first"", ""filterByRating"": ""5"", ""backgroundColor"": ""#FFFFFF"", ""cardBorderColor"": ""#e42709"", ""reviewsPerSlide"": 5, ""autoPlayInterval"": 5, ""showAuthorPhotos"": true, ""showBusinessInfo"": false, ""showReviewImages"": true, ""containerMaxWidth"": 1200, ""excludedReviewIds"": [""Ishraq Alkibsi|4 years ago"", ""Valeria Castrillo|10 months ago"", ""Edward|2 years ago"", ""Alessandro Magno|a month ago"", ""Robert Flores|a month ago"", ""Arbi Der Krikorian|3 months ago"", ""Alfred Ramirez|3 months ago"", ""Brian Arriaga-Martin|10 months ago"", ""Antonio C|3 months ago"", ""Advice Giant|Edited 3 years ago"", ""Linda|a year ago"", ""Renald “Ren” Moore|5 years ago""], ""showBusinessRating"": true, ""cardBackgroundColor"": ""#FFFFFF"", ""reviewTextMaxHeight"": 300, ""reviewImageThumbnailSize"": ""medium""}"
0f758cf9-b381-4da0-8cb7-5579fc9120c7,SSR Autobody (built by Shah),GOOGLE_REVIEWS_CAROUSEL,Google Reviews (Santa Ana Jones Rd),42880768-e864-4f1e-a135-9fd477722db1,True,2026-06-05T17:58:35.740106+00:00,2026-06-05T18:01:59.735+00:00,1568,2026-08-05T01:18:21.189127+00:00,2026-06-05T18:02:53.357+00:00,"{""name"": ""Google Reviews (Santa Ana Jones Rd)"", ""sortBy"": ""highest_rating"", ""cardGap"": 16, ""placeId"": ""ChIJF7b_V9jRQIYR14BlmDqSWRA"", ""autoPlay"": false, ""cacheTTL"": 60, ""language"": ""en"", ""showDates"": true, ""textColor"": ""#2D2D2D"", ""widthType"": ""percentage"", ""fontFamily"": ""poppins"", ""maxReviews"": 40, ""widthValue"": 100, ""cardPadding"": 16, ""showRatings"": true, ""borderRadius"": 28, ""primaryColor"": ""#DC2626"", ""backgroundType"": ""transparent"", ""filterByImages"": ""images_first"", ""filterByRating"": ""5"", ""backgroundColor"": ""#FFFFFF"", ""cardBorderColor"": ""#e42709"", ""reviewsPerSlide"": 5, ""autoPlayInterval"": 5, ""showAuthorPhotos"": true, ""showBusinessInfo"": false, ""showReviewImages"": true, ""containerMaxWidth"": 1200, ""excludedReviewIds"": [""Ishraq Alkibsi|4 years ago"", ""Valeria Castrillo|10 months ago"", ""Edward|2 years ago"", ""Alessandro Magno|a month ago"", ""Robert Flores|a month ago"", ""Arbi Der Krikorian|3 months ago"", ""Alfred Ramirez|3 months ago"", ""Brian Arriaga-Martin|10 months ago"", ""Antonio C|3 months ago"", ""Advice Giant|Edited 3 years ago"", ""Linda|a year ago"", ""Renald “Ren” Moore|5 years ago"", ""Erock1r|3 months ago"", ""Jennifer Hung|5 months ago"", ""Eman Juma|5 months ago"", ""Lizette Ramirez|7 months ago""], ""showBusinessRating"": true, ""cardBackgroundColor"": ""#FFFFFF"", ""reviewTextMaxHeight"": 300, ""reviewImageThumbnailSize"": ""medium""}"
0f758cf9-b381-4da0-8cb7-5579fc9120c7,SSR Autobody (built by Shah),GOOGLE_REVIEWS_CAROUSEL,Google Reviews (Santa Fe Collision)  Copy,8c228128-6cf2-4d6c-8985-41f9c108d246,True,2025-11-24T23:31:35.195422+00:00,2026-02-21T21:07:16.049+00:00,10092,2026-08-05T08:35:31.653429+00:00,2025-11-24T23:31:35.195422+00:00,"{""name"": ""Google Reviews (Santa Fe Collision)  Copy"", ""sortBy"": ""highest_rating"", ""cardGap"": 16, ""placeId"": ""ChIJKRVgp-0t3YARuttIn3KfD8o"", ""autoPlay"": false, ""cacheTTL"": 60, ""language"": ""en"", ""showDates"": true, ""textColor"": ""#2D2D2D"", ""widthType"": ""percentage"", ""fontFamily"": ""poppins"", ""maxReviews"": 20, ""widthValue"": 100, ""cardPadding"": 16, ""showRatings"": true, ""borderRadius"": 28, ""primaryColor"": ""#2563EB"", ""backgroundType"": ""transparent"", ""filterByImages"": ""images_first"", ""filterByRating"": ""5"", ""backgroundColor"": ""#FFFFFF"", ""cardBorderColor"": ""#1D4ED8"", ""reviewsPerSlide"": 5, ""autoPlayInterval"": 5, ""showAuthorPhotos"": true, ""showBusinessInfo"": false, ""showReviewImages"": true, ""containerMaxWidth"": 1200, ""excludedReviewIds"": [], ""showBusinessRating"": true, ""cardBackgroundColor"": ""#FFFFFF"", ""reviewTextMaxHeight"": 300, ""reviewImageThumbnailSize"": ""medium""}"
0f758cf9-b381-4da0-8cb7-5579fc9120c7,SSR Autobody (built by Shah),GOOGLE_REVIEWS_CAROUSEL,Google Reviews (Secret Collision Center),9063023f-c8e3-4bb9-8ae7-975f2ad64fa6,True,2026-06-12T18:12:34.254445+00:00,2026-06-12T18:13:45.768+00:00,1433,2026-08-05T05:25:29.368846+00:00,2026-06-12T18:18:21.422+00:00,"{""name"": ""Google Reviews (Secret Collision Center)"", ""sortBy"": ""highest_rating"", ""cardGap"": 16, ""placeId"": ""ChIJH0octP4T3YgRV9y9gVZcrLs"", ""autoPlay"": false, ""cacheTTL"": 60, ""language"": ""en"", ""showDates"": true, ""textColor"": ""#2D2D2D"", ""widthType"": ""percentage"", ""fontFamily"": ""poppins"", ""maxReviews"": 40, ""widthValue"": 100, ""cardPadding"": 16, ""showRatings"": true, ""borderRadius"": 28, ""primaryColor"": ""#DC2626"", ""backgroundType"": ""transparent"", ""filterByImages"": ""images_first"", ""filterByRating"": ""5"", ""backgroundColor"": ""#FFFFFF"", ""cardBorderColor"": ""#e42709"", ""reviewsPerSlide"": 5, ""autoPlayInterval"": 5, ""showAuthorPhotos"": true, ""showBusinessInfo"": false, ""showReviewImages"": true, ""containerMaxWidth"": 1200, ""excludedReviewIds"": [""Ishraq Alkibsi|4 years ago"", ""Valeria Castrillo|10 months ago"", ""Edward|2 years ago"", ""Alessandro Magno|a month ago"", ""Robert Flores|a month ago"", ""Arbi Der Krikorian|3 months ago"", ""Alfred Ramirez|3 months ago"", ""Brian Arriaga-Martin|10 months ago"", ""Antonio C|3 months ago"", ""Advice Giant|Edited 3 years ago"", ""Linda|a year ago"", ""Renald “Ren” Moore|5 years ago"", ""Erock1r|3 months ago"", ""Jennifer Hung|5 months ago"", ""Eman Juma|5 months ago"", ""Lizette Ramirez|7 months ago""], ""showBusinessRating"": true, ""cardBackgroundColor"": ""#FFFFFF"", ""reviewTextMaxHeight"": 300, ""reviewImageThumbnailSize"": ""medium""}"
0f758cf9-b381-4da0-8cb7-5579fc9120c7,SSR Autobody (built by Shah),GOOGLE_REVIEWS_CAROUSEL,Google Reviews (Sin City Collision Center),e39f7b8d-5812-46e4-8e6c-dcd31cd99822,True,2026-07-15T17:55:34.679281+00:00,2026-07-15T17:55:57.597+00:00,419,2026-08-05T09:26:55.34566+00:00,2026-07-15T18:38:12.271+00:00,"{""name"": ""Google Reviews (Sin City Collision Center)"", ""dataId"": ""0x80c8c5594e439ee1:0x9cc0e1de73837d9"", ""sortBy"": ""highest_rating"", ""cardGap"": 16, ""placeId"": ""ChIJ4Z5DTlnFyIAR2Tc45x0OzAk"", ""autoPlay"": false, ""cacheTTL"": 60, ""language"": ""en"", ""showDates"": true, ""textColor"": ""#2D2D2D"", ""widthType"": ""percentage"", ""fontFamily"": ""poppins"", ""maxReviews"": 40, ""widthValue"": 100, ""cardPadding"": 16, ""showRatings"": true, ""borderRadius"": 28, ""primaryColor"": ""#DC2626"", ""backgroundType"": ""transparent"", ""filterByImages"": ""images_first"", ""filterByRating"": ""5"", ""backgroundColor"": ""#FFFFFF"", ""cardBorderColor"": ""#e42709"", ""reviewsPerSlide"": 5, ""autoPlayInterval"": 5, ""showAuthorPhotos"": true, ""showBusinessInfo"": false, ""showReviewImages"": true, ""containerMaxWidth"": 1200, ""excludedReviewIds"": [""Ishraq Alkibsi|4 years ago"", ""Valeria Castrillo|10 months ago"", ""Edward|2 years ago"", ""Alessandro Magno|a month ago"", ""Robert Flores|a month ago"", ""Arbi Der Krikorian|3 months ago"", ""Alfred Ramirez|3 months ago"", ""Brian Arriaga-Martin|10 months ago"", ""Antonio C|3 months ago"", ""Advice Giant|Edited 3 years ago"", ""Linda|a year ago"", ""Renald “Ren” Moore|5 years ago"", ""Erock1r|3 months ago"", ""Jennifer Hung|5 months ago"", ""Eman Juma|5 months ago"", ""Lizette Ramirez|7 months ago""], ""showBusinessRating"": true, ""cardBackgroundColor"": ""#FFFFFF"", ""reviewTextMaxHeight"": 300, ""reviewImageThumbnailSize"": ""medium""}"
0f758cf9-b381-4da0-8cb7-5579fc9120c7,SSR Autobody (built by Shah),GOOGLE_REVIEWS_CAROUSEL,Google Reviews (Sonoma Auto Center),d8caf27d-4d8f-4d5a-b714-7562978d2111,True,2026-04-13T23:39:02.163364+00:00,2026-04-13T23:40:29.301+00:00,2989,2026-08-05T08:37:12.011349+00:00,2026-04-13T23:41:29.311+00:00,"{""name"": ""Google Reviews (Sonoma Auto Center)"", ""sortBy"": ""highest_rating"", ""cardGap"": 16, ""placeId"": ""ChIJIx2ybStzhYARqLqziMeEjMc"", ""autoPlay"": false, ""cacheTTL"": 60, ""language"": ""en"", ""showDates"": true, ""textColor"": ""#2D2D2D"", ""widthType"": ""percentage"", ""fontFamily"": ""poppins"", ""maxReviews"": 40, ""widthValue"": 100, ""cardPadding"": 16, ""showRatings"": true, ""borderRadius"": 28, ""primaryColor"": ""#DC2626"", ""backgroundType"": ""transparent"", ""filterByImages"": ""images_first"", ""filterByRating"": ""5"", ""backgroundColor"": ""#FFFFFF"", ""cardBorderColor"": ""#e42709"", ""reviewsPerSlide"": 5, ""autoPlayInterval"": 5, ""showAuthorPhotos"": true, ""showBusinessInfo"": false, ""showReviewImages"": true, ""containerMaxWidth"": 1200, ""excludedReviewIds"": [""Ishraq Alkibsi|4 years ago"", ""Valeria Castrillo|10 months ago"", ""Edward|2 years ago"", ""Alessandro Magno|a month ago"", ""Robert Flores|a month ago"", ""Arbi Der Krikorian|3 months ago"", ""Alfred Ramirez|3 months ago"", ""Brian Arriaga-Martin|10 months ago"", ""Antonio C|3 months ago"", ""Advice Giant|Edited 3 years ago"", ""LS4 Hunnid|Edited 2 years ago""], ""showBusinessRating"": true, ""cardBackgroundColor"": ""#FFFFFF"", ""reviewTextMaxHeight"": 300, ""reviewImageThumbnailSize"": ""medium""}"
0f758cf9-b381-4da0-8cb7-5579fc9120c7,SSR Autobody (built by Shah),GOOGLE_REVIEWS_CAROUSEL,Google Reviews (South Bay Auto Collision),4344b109-7910-45d3-9792-b98400ad5327,True,2026-05-20T18:05:13.065417+00:00,2026-05-20T18:15:20.874+00:00,3039,2026-08-05T08:50:36.73263+00:00,2026-05-20T20:00:42.063+00:00,"{""name"": ""Google Reviews (South Bay Auto Collision)"", ""sortBy"": ""highest_rating"", ""cardGap"": 16, ""placeId"": ""ChIJwewcNUe1woARhkGbubYarsI"", ""autoPlay"": false, ""cacheTTL"": 60, ""language"": ""en"", ""showDates"": true, ""textColor"": ""#2D2D2D"", ""widthType"": ""percentage"", ""fontFamily"": ""poppins"", ""maxReviews"": 40, ""widthValue"": 100, ""cardPadding"": 16, ""showRatings"": true, ""borderRadius"": 28, ""primaryColor"": ""#DC2626"", ""backgroundType"": ""transparent"", ""filterByImages"": ""images_first"", ""filterByRating"": ""5"", ""backgroundColor"": ""#FFFFFF"", ""cardBorderColor"": ""#e42709"", ""reviewsPerSlide"": 5, ""autoPlayInterval"": 5, ""showAuthorPhotos"": true, ""showBusinessInfo"": false, ""showReviewImages"": true, ""containerMaxWidth"": 1200, ""excludedReviewIds"": [""Ishraq Alkibsi|4 years ago"", ""Valeria Castrillo|10 months ago"", ""Edward|2 years ago"", ""Alessandro Magno|a month ago"", ""Robert Flores|a month ago"", ""Arbi Der Krikorian|3 months ago"", ""Alfred Ramirez|3 months ago"", ""Brian Arriaga-Martin|10 months ago"", ""Antonio C|3 months ago"", ""Advice Giant|Edited 3 years ago"", ""Linda|a year ago"", ""Renald “Ren” Moore|5 years ago"", ""Erock1r|3 months ago"", ""Jennifer Hung|5 months ago"", ""Eman Juma|5 months ago"", ""Lizette Ramirez|7 months ago""], ""showBusinessRating"": true, ""cardBackgroundColor"": ""#FFFFFF"", ""reviewTextMaxHeight"": 300, ""reviewImageThumbnailSize"": ""medium""}"
0f758cf9-b381-4da0-8cb7-5579fc9120c7,SSR Autobody (built by Shah),GOOGLE_REVIEWS_CAROUSEL,Google Reviews (Steel Autobody),7f59d16f-1134-45ec-be3c-a2362c3fa589,True,2025-11-18T03:37:00.275073+00:00,2025-11-19T18:11:20.098+00:00,349,2025-12-17T03:50:13.827+00:00,2025-11-18T03:37:00.275073+00:00,"{""name"": ""Google Reviews (Steel Autobody)"", ""sortBy"": ""highest_rating"", ""cardGap"": 16, ""placeId"": ""ChIJFY-Ll9qHa4cRseY7yHzMs0g"", ""autoPlay"": false, ""cacheTTL"": 60, ""language"": ""en"", ""showDates"": true, ""textColor"": ""#2D2D2D"", ""widthType"": ""percentage"", ""fontFamily"": ""poppins"", ""maxReviews"": 20, ""widthValue"": 100, ""cardPadding"": 16, ""showRatings"": true, ""borderRadius"": 28, ""primaryColor"": ""#2563EB"", ""backgroundType"": ""transparent"", ""filterByImages"": ""images_first"", ""filterByRating"": ""5"", ""backgroundColor"": ""#FFFFFF"", ""cardBorderColor"": ""#007bff"", ""reviewsPerSlide"": 5, ""autoPlayInterval"": 5, ""showAuthorPhotos"": true, ""showBusinessInfo"": false, ""showReviewImages"": true, ""containerMaxWidth"": 1200, ""excludedReviewIds"": [], ""showBusinessRating"": true, ""cardBackgroundColor"": ""#FFFFFF"", ""reviewTextMaxHeight"": 300, ""reviewImageThumbnailSize"": ""medium""}"
0f758cf9-b381-4da0-8cb7-5579fc9120c7,SSR Autobody (built by Shah),GOOGLE_REVIEWS_CAROUSEL,Google Reviews (Tello's Collision Center),483f4f67-81e7-4839-be51-a92c3ad8bbd4,True,2026-07-01T20:20:43.997191+00:00,2026-07-01T20:21:57.114+00:00,1133,2026-08-05T08:02:50.916659+00:00,2026-07-01T20:22:22.875+00:00,"{""name"": ""Google Reviews (Tello's Collision Center)"", ""dataId"": ""0x863f7984b4109df7:0x8d4da3842d564efc"", ""sortBy"": ""highest_rating"", ""cardGap"": 16, ""placeId"": ""ChIJ950QtIR5P4YR_E5WLYSjTY0"", ""autoPlay"": false, ""cacheTTL"": 60, ""language"": ""en"", ""showDates"": true, ""textColor"": ""#2D2D2D"", ""widthType"": ""percentage"", ""fontFamily"": ""poppins"", ""maxReviews"": 40, ""widthValue"": 100, ""cardPadding"": 16, ""showRatings"": true, ""borderRadius"": 28, ""primaryColor"": ""#3694ff"", ""backgroundType"": ""transparent"", ""filterByImages"": ""images_first"", ""filterByRating"": ""5"", ""backgroundColor"": ""#FFFFFF"", ""cardBorderColor"": ""#3694ff"", ""reviewsPerSlide"": 5, ""autoPlayInterval"": 5, ""showAuthorPhotos"": true, ""showBusinessInfo"": false, ""showReviewImages"": true, ""containerMaxWidth"": 1200, ""excludedReviewIds"": [""Mathew Raines|a year ago""], ""showBusinessRating"": true, ""cardBackgroundColor"": ""#FFFFFF"", ""reviewTextMaxHeight"": 300, ""reviewImageThumbnailSize"": ""medium""}"
0f758cf9-b381-4da0-8cb7-5579fc9120c7,SSR Autobody (built by Shah),GOOGLE_REVIEWS_CAROUSEL,Google Reviews (The Collision Shop of Miami Dade),84fcf11e-1600-4045-aded-16936292fca2,True,2026-04-30T21:24:30.736277+00:00,2026-04-30T21:26:01.514+00:00,3566,2026-08-05T08:31:50.71818+00:00,2026-04-30T21:52:53.257+00:00,"{""name"": ""Google Reviews (The Collision Shop of Miami Dade)"", ""sortBy"": ""highest_rating"", ""cardGap"": 16, ""placeId"": ""ChIJs5rA2nbE2YgRBMzo9yFWWiI"", ""autoPlay"": false, ""cacheTTL"": 60, ""language"": ""en"", ""showDates"": true, ""textColor"": ""#2D2D2D"", ""widthType"": ""percentage"", ""fontFamily"": ""poppins"", ""maxReviews"": 40, ""widthValue"": 100, ""cardPadding"": 16, ""showRatings"": true, ""borderRadius"": 28, ""primaryColor"": ""#DC2626"", ""backgroundType"": ""transparent"", ""filterByImages"": ""images_first"", ""filterByRating"": ""5"", ""backgroundColor"": ""#FFFFFF"", ""cardBorderColor"": ""#e42709"", ""reviewsPerSlide"": 5, ""autoPlayInterval"": 5, ""showAuthorPhotos"": true, ""showBusinessInfo"": false, ""showReviewImages"": true, ""containerMaxWidth"": 1200, ""excludedReviewIds"": [""Ishraq Alkibsi|4 years ago"", ""Valeria Castrillo|10 months ago"", ""Edward|2 years ago"", ""Alessandro Magno|a month ago"", ""Robert Flores|a month ago"", ""Arbi Der Krikorian|3 months ago"", ""Alfred Ramirez|3 months ago"", ""Brian Arriaga-Martin|10 months ago"", ""Antonio C|3 months ago"", ""Advice Giant|Edited 3 years ago""], ""showBusinessRating"": true, ""cardBackgroundColor"": ""#FFFFFF"", ""reviewTextMaxHeight"": 300, ""reviewImageThumbnailSize"": ""medium""}"
0f758cf9-b381-4da0-8cb7-5579fc9120c7,SSR Autobody (built by Shah),GOOGLE_REVIEWS_CAROUSEL,Google Reviews (The Collision Shop of Warren),082b17a6-ecf6-405f-b2a1-e3601b598ab5,True,2026-04-02T00:10:38.454116+00:00,2026-04-02T00:12:20.845+00:00,2293,2026-07-30T20:08:59.640216+00:00,2026-04-02T00:13:26.448+00:00,"{""name"": ""Google Reviews (The Collision Shop of Warren)"", ""sortBy"": ""highest_rating"", ""cardGap"": 16, ""placeId"": ""ChIJKX8ABpraJIgRqBnFRrOwIBw"", ""autoPlay"": false, ""cacheTTL"": 60, ""language"": ""en"", ""showDates"": true, ""textColor"": ""#2D2D2D"", ""widthType"": ""percentage"", ""fontFamily"": ""poppins"", ""maxReviews"": 40, ""widthValue"": 100, ""cardPadding"": 16, ""showRatings"": true, ""borderRadius"": 28, ""primaryColor"": ""#DC2626"", ""backgroundType"": ""transparent"", ""filterByImages"": ""images_first"", ""filterByRating"": ""5"", ""backgroundColor"": ""#FFFFFF"", ""cardBorderColor"": ""#e42709"", ""reviewsPerSlide"": 5, ""autoPlayInterval"": 5, ""showAuthorPhotos"": true, ""showBusinessInfo"": false, ""showReviewImages"": true, ""containerMaxWidth"": 1200, ""excludedReviewIds"": [""Ishraq Alkibsi|4 years ago"", ""Valeria Castrillo|10 months ago"", ""Edward|2 years ago"", ""Alessandro Magno|a month ago"", ""Robert Flores|a month ago"", ""Arbi Der Krikorian|3 months ago"", ""Alfred Ramirez|3 months ago"", ""Brian Arriaga-Martin|10 months ago"", ""Antonio C|3 months ago"", ""Advice Giant|Edited 3 years ago""], ""showBusinessRating"": true, ""cardBackgroundColor"": ""#FFFFFF"", ""reviewTextMaxHeight"": 300, ""reviewImageThumbnailSize"": ""medium""}"
0f758cf9-b381-4da0-8cb7-5579fc9120c7,SSR Autobody (built by Shah),GOOGLE_REVIEWS_CAROUSEL,Google Reviews (Vegas Customs Collision),aebbe5c2-760d-4c6f-8f4e-14f345d0e98e,True,2026-06-08T19:19:10.589419+00:00,2026-06-08T19:31:23.751+00:00,2266,2026-08-05T07:36:16.78225+00:00,2026-06-08T19:40:56.595+00:00,"{""name"": ""Google Reviews (Vegas Customs Collision)"", ""sortBy"": ""highest_rating"", ""cardGap"": 16, ""placeId"": ""ChIJLTWeDUjRyIARJnaxC91DAp0"", ""autoPlay"": false, ""cacheTTL"": 60, ""language"": ""en"", ""showDates"": true, ""textColor"": ""#2D2D2D"", ""widthType"": ""percentage"", ""fontFamily"": ""poppins"", ""maxReviews"": 40, ""widthValue"": 100, ""cardPadding"": 16, ""showRatings"": true, ""borderRadius"": 28, ""primaryColor"": ""#DC2626"", ""backgroundType"": ""transparent"", ""filterByImages"": ""images_first"", ""filterByRating"": ""5"", ""backgroundColor"": ""#FFFFFF"", ""cardBorderColor"": ""#e42709"", ""reviewsPerSlide"": 5, ""autoPlayInterval"": 5, ""showAuthorPhotos"": true, ""showBusinessInfo"": false, ""showReviewImages"": true, ""containerMaxWidth"": 1200, ""excludedReviewIds"": [""Ishraq Alkibsi|4 years ago"", ""Valeria Castrillo|10 months ago"", ""Edward|2 years ago"", ""Alessandro Magno|a month ago"", ""Robert Flores|a month ago"", ""Arbi Der Krikorian|3 months ago"", ""Alfred Ramirez|3 months ago"", ""Brian Arriaga-Martin|10 months ago"", ""Antonio C|3 months ago"", ""Advice Giant|Edited 3 years ago"", ""Linda|a year ago"", ""Renald “Ren” Moore|5 years ago"", ""Erock1r|3 months ago"", ""Jennifer Hung|5 months ago"", ""Eman Juma|5 months ago"", ""Lizette Ramirez|7 months ago""], ""showBusinessRating"": true, ""cardBackgroundColor"": ""#FFFFFF"", ""reviewTextMaxHeight"": 300, ""reviewImageThumbnailSize"": ""medium""}"
0f758cf9-b381-4da0-8cb7-5579fc9120c7,SSR Autobody (built by Shah),GOOGLE_REVIEWS_CAROUSEL,Google Reviews (White Cactus),96dd3d86-98ea-493c-a228-c2aef5d62341,True,2025-11-11T00:00:17.33122+00:00,2025-11-19T18:08:14.217+00:00,0,,2025-11-11T00:00:17.33122+00:00,"{""name"": ""Google Reviews (White Cactus)"", ""sortBy"": ""highest_rating"", ""cardGap"": 16, ""placeId"": ""ChIJBzarviPVmoAR76Wvh1QVloo"", ""autoPlay"": true, ""cacheTTL"": 60, ""language"": ""en"", ""showDates"": true, ""textColor"": ""#2D2D2D"", ""widthType"": ""percentage"", ""fontFamily"": ""poppins"", ""maxReviews"": 20, ""widthValue"": 100, ""cardPadding"": 16, ""showRatings"": true, ""borderRadius"": 28, ""primaryColor"": ""#fad287"", ""backgroundType"": ""transparent"", ""filterByImages"": ""images_first"", ""filterByRating"": ""5"", ""backgroundColor"": ""#FFFFFF"", ""cardBorderColor"": ""#fad287"", ""reviewsPerSlide"": 5, ""autoPlayInterval"": 5, ""showAuthorPhotos"": true, ""showBusinessInfo"": false, ""showReviewImages"": true, ""containerMaxWidth"": 1200, ""excludedReviewIds"": [], ""showBusinessRating"": true, ""cardBackgroundColor"": ""#FFFFFF"", ""reviewTextMaxHeight"": 280, ""reviewImageThumbnailSize"": ""medium""}"
0f758cf9-b381-4da0-8cb7-5579fc9120c7,SSR Autobody (built by Shah),GOOGLE_REVIEWS_CAROUSEL,Google Reviews (Yaffo Auto)  ,3fb7b572-f525-4806-a281-3ab26fff441d,True,2025-11-29T01:13:51.489951+00:00,2026-02-11T17:44:32.575+00:00,9159,2026-08-05T09:35:50.83038+00:00,2025-11-29T01:13:51.489951+00:00,"{""name"": ""Google Reviews (Yaffo Auto)  "", ""sortBy"": ""highest_rating"", ""cardGap"": 16, ""placeId"": ""ChIJker5A4M7DogRMtdyC9Y-sY0"", ""autoPlay"": false, ""cacheTTL"": 60, ""language"": ""en"", ""showDates"": true, ""textColor"": ""#2D2D2D"", ""widthType"": ""percentage"", ""fontFamily"": ""poppins"", ""maxReviews"": 40, ""widthValue"": 100, ""cardPadding"": 16, ""showRatings"": true, ""borderRadius"": 28, ""primaryColor"": ""#2563EB"", ""backgroundType"": ""transparent"", ""filterByImages"": ""images_first"", ""filterByRating"": ""5"", ""backgroundColor"": ""#FFFFFF"", ""cardBorderColor"": ""#1D4ED8"", ""reviewsPerSlide"": 5, ""autoPlayInterval"": 5, ""showAuthorPhotos"": true, ""showBusinessInfo"": false, ""showReviewImages"": true, ""containerMaxWidth"": 1200, ""excludedReviewIds"": [""Melissa Pitts|5 months ago"", ""Ozair khan|9 months ago"", ""Taher Rafati|9 months ago"", ""Tenelle Ginn|8 months ago"", ""Royce Girten|6 months ago""], ""showBusinessRating"": true, ""cardBackgroundColor"": ""#FFFFFF"", ""reviewTextMaxHeight"": 300, ""reviewImageThumbnailSize"": ""medium""}"
0f758cf9-b381-4da0-8cb7-5579fc9120c7,SSR Autobody (built by Shah),GOOGLE_REVIEWS_CAROUSEL,Google Reviews (Zoel's Auto),45d7b3d8-c7d9-4c6b-8556-e94e3d181d33,True,2025-10-31T18:27:51.990243+00:00,2025-11-19T17:49:12.478+00:00,676,2026-01-20T17:40:00.403+00:00,2025-10-31T18:27:51.990243+00:00,"{""name"": ""Google Reviews (Zoel's Auto)"", ""sortBy"": ""highest_rating"", ""cardGap"": 16, ""placeId"": ""ChIJE9ibCILJ54kRiKlQu8rm7Tg"", ""autoPlay"": false, ""cacheTTL"": 60, ""language"": ""en"", ""showDates"": true, ""textColor"": ""#2D2D2D"", ""widthType"": ""percentage"", ""fontFamily"": ""poppins"", ""maxReviews"": 20, ""widthValue"": 100, ""cardPadding"": 16, ""showRatings"": true, ""borderRadius"": 28, ""primaryColor"": ""#2563EB"", ""backgroundType"": ""transparent"", ""filterByImages"": ""images_first"", ""filterByRating"": ""5"", ""backgroundColor"": ""#FFFFFF"", ""cardBorderColor"": ""#007bff"", ""reviewsPerSlide"": 5, ""autoPlayInterval"": 5, ""showAuthorPhotos"": true, ""showBusinessInfo"": false, ""showReviewImages"": true, ""containerMaxWidth"": 1200, ""excludedReviewIds"": [], ""showBusinessRating"": true, ""cardBackgroundColor"": ""#FFFFFF"", ""reviewTextMaxHeight"": 300, ""reviewImageThumbnailSize"": ""medium""}"
0f758cf9-b381-4da0-8cb7-5579fc9120c7,SSR Autobody (built by Shah),GOOGLE_REVIEWS_CAROUSEL,Google Reviews SSR PERFORMANCE,e9962ef3-8048-40b2-add7-6fb6c8c807cd,True,2025-12-08T21:40:05.610948+00:00,2025-12-08T21:41:30.042+00:00,2083,2026-08-04T17:53:24.496956+00:00,2025-12-08T21:40:05.610948+00:00,"{""name"": ""Google Reviews SSR PERFORMANCE"", ""sortBy"": ""highest_rating"", ""cardGap"": 16, ""placeId"": ""ChIJGQbfEIsm3YARCHBK-akLJJM"", ""autoPlay"": false, ""cacheTTL"": 60, ""language"": ""en"", ""showDates"": true, ""textColor"": ""#2D2D2D"", ""widthType"": ""percentage"", ""fontFamily"": ""poppins"", ""maxReviews"": 20, ""widthValue"": 100, ""cardPadding"": 16, ""showRatings"": true, ""borderRadius"": 28, ""primaryColor"": ""#991B1B"", ""backgroundType"": ""transparent"", ""filterByImages"": ""images_first"", ""filterByRating"": ""5"", ""backgroundColor"": ""#FFFFFF"", ""cardBorderColor"": ""#1D4ED8"", ""reviewsPerSlide"": 5, ""autoPlayInterval"": 5, ""showAuthorPhotos"": true, ""showBusinessInfo"": false, ""showReviewImages"": true, ""containerMaxWidth"": 1200, ""excludedReviewIds"": [], ""showBusinessRating"": true, ""cardBackgroundColor"": ""#FFFFFF"", ""reviewTextMaxHeight"": 300, ""reviewImageThumbnailSize"": ""medium""}"
0f758cf9-b381-4da0-8cb7-5579fc9120c7,SSR Autobody (built by Shah),GOOGLE_REVIEWS_CAROUSEL,Smile Magic Dentistry (carousel),5d0e48b4-d0f3-410f-8d16-d0ff650e79d2,True,2026-01-20T21:19:47.547828+00:00,2026-01-20T21:21:25.413+00:00,34824,2026-08-05T08:56:16.80118+00:00,2026-01-20T21:19:48.594+00:00,"{""name"": ""Smile Magic Dentistry (carousel)"", ""sortBy"": ""most_relevant"", ""cardGap"": 16, ""placeId"": ""ChIJXdQYJ9HQ3IARWpFbGDAPegE"", ""autoPlay"": false, ""cacheTTL"": 60, ""language"": ""en"", ""showDates"": true, ""textColor"": ""#1A1A1A"", ""widthType"": ""percentage"", ""fontFamily"": ""system"", ""maxReviews"": 20, ""widthValue"": 100, ""cardPadding"": 16, ""showRatings"": true, ""borderRadius"": 10, ""primaryColor"": ""#fad287"", ""backgroundType"": ""transparent"", ""filterByImages"": ""images_first"", ""filterByRating"": ""5"", ""backgroundColor"": ""#FFFFFF"", ""cardBorderColor"": ""#E0E0E0"", ""reviewsPerSlide"": 5, ""autoPlayInterval"": 5, ""showAuthorPhotos"": true, ""showBusinessInfo"": false, ""showReviewImages"": true, ""containerMaxWidth"": 1500, ""excludedReviewIds"": [], ""showBusinessRating"": false, ""cardBackgroundColor"": ""#FFFFFF"", ""reviewTextMaxHeight"": 300, ""reviewImageThumbnailSize"": ""medium""}"
0f758cf9-b381-4da0-8cb7-5579fc9120c7,SSR Autobody (built by Shah),PROMO_BANNER,Floating CTA Button (SSR Autobody),09f8cf31-2e7f-4122-9adf-5642e3938fea,True,2025-11-22T00:32:16.265061+00:00,2025-11-22T00:45:27.732+00:00,11,2025-11-22T00:52:01.482+00:00,2025-11-22T00:32:16.265061+00:00,"{""label"": """", ""title"": ""Click Here to Get a Free Estimate & 30% Off Deductible!"", ""styles"": {""padding"": 16, ""textColor"": ""#FFFFFF"", ""fontFamily"": ""poppins"", ""showShadow"": true, ""borderColor"": ""#E0E0E0"", ""borderWidth"": 2, ""shadowColor"": ""#e42709"", ""borderRadius"": 24, ""ctaTextColor"": ""#e42709"", ""gradientType"": ""linear"", ""contentLayout"": ""horizontal"", ""countdownSize"": ""sm"", ""backgroundType"": ""gradient"", ""countdownColor"": ""#FFFFFF"", ""backgroundColor"": ""#000000"", ""shadowIntensity"": 50, ""contentAlignment"": ""center"", ""descriptionColor"": ""#E5E5E5"", ""gradientColorEnd"": ""#981501"", ""gradientDirection"": ""to bottom right"", ""ctaBackgroundColor"": ""#FFFFFF"", ""gradientColorStart"": ""#e42709"", ""modalBackgroundColor"": ""#000000"", ""countdownBorderRadius"": 7, ""countdownBackgroundColor"": ""#9d1601""}, ""ctaText"": ""Shop Now"", ""iconSize"": 48, ""iconType"": ""lucide"", ""maxWidth"": 650, ""position"": ""right"", ""timezone"": ""America/Los_Angeles"", ""delayType"": ""scroll"", ""iconValue"": ""Sparkles"", ""timeDelay"": 3, ""actionType"": ""popup"", ""modalWidth"": 800, ""popupWidth"": 600, ""description"": """", ""modalHeight"": 600, ""popupHeight"": 800, ""redirectUrl"": """", ""elementOrder"": [""text"", ""countdown""], ""mobileConfig"": {}, ""countdownType"": ""session"", ""labelPosition"": ""bottom"", ""countdownLabel"": """", ""redirectNewTab"": true, ""scrollHideUnit"": ""percent"", ""scrollShowUnit"": ""percent"", ""countdownFormat"": ""hms"", ""imageElementAlt"": """", ""imageElementUrl"": """", ""popupCustomCode"": ""<iframe src=\""https://link.builtbyshah.com/widget/survey/YQCzMlcADTgfEPlglCdM\"" style=\""border:none;width:100%;\"" scrolling=\""no\"" id=\""YQCzMlcADTgfEPlglCdM\"" title=\""survey\""></iframe>\n<script src=\""https://link.builtbyshah.com/js/form_embed.js\""></script>"", ""sessionDuration"": 10, ""countdownEnabled"": true, ""iconBorderRadius"": 50, ""popupOrientation"": ""portrait"", ""imageOverlayColor"": ""#000000"", ""showDismissButton"": false, ""iconBackgroundColor"": ""#FFFFFF"", ""imageOverlayOpacity"": 85, ""scrollHideThreshold"": 5, ""scrollShowThreshold"": 30, ""delayShowHideEnabled"": true, ""imageElementObjectFit"": ""cover"", ""imageElementBorderRadius"": 0}"
0f758cf9-b381-4da0-8cb7-5579fc9120c7,SSR Autobody (built by Shah),PROMO_BANNER,Floating CTA Button (SSR Autobody) (mobile),1acde362-a416-468b-9c2d-9a505eb7f725,True,2025-11-22T00:40:54.525359+00:00,2025-11-22T00:43:10.756+00:00,30,2026-03-06T00:12:05.938+00:00,2025-11-22T00:40:54.525359+00:00,"{""label"": """", ""title"": ""Click Here to Get a Free Estimate & 30% Off Deductible!"", ""styles"": {""padding"": 16, ""textColor"": ""#FFFFFF"", ""fontFamily"": ""poppins"", ""showShadow"": true, ""borderColor"": ""#E0E0E0"", ""borderWidth"": 2, ""shadowColor"": ""#e42709"", ""borderRadius"": 24, ""ctaTextColor"": ""#e42709"", ""gradientType"": ""linear"", ""contentLayout"": ""vertical"", ""countdownSize"": ""sm"", ""backgroundType"": ""gradient"", ""countdownColor"": ""#FFFFFF"", ""backgroundColor"": ""#000000"", ""shadowIntensity"": 50, ""contentAlignment"": ""center"", ""descriptionColor"": ""#E5E5E5"", ""gradientColorEnd"": ""#981501"", ""gradientDirection"": ""to bottom right"", ""ctaBackgroundColor"": ""#FFFFFF"", ""gradientColorStart"": ""#e42709"", ""modalBackgroundColor"": ""#000000"", ""countdownBorderRadius"": 7, ""countdownBackgroundColor"": ""#9d1601""}, ""ctaText"": ""Shop Now"", ""iconSize"": 48, ""iconType"": ""lucide"", ""maxWidth"": 650, ""position"": ""right"", ""timezone"": ""America/Los_Angeles"", ""delayType"": ""scroll"", ""iconValue"": ""Sparkles"", ""timeDelay"": 3, ""actionType"": ""popup"", ""modalWidth"": 800, ""popupWidth"": 600, ""description"": """", ""modalHeight"": 600, ""popupHeight"": 800, ""redirectUrl"": """", ""elementOrder"": [""text"", ""countdown""], ""mobileConfig"": {}, ""countdownType"": ""session"", ""labelPosition"": ""bottom"", ""countdownLabel"": """", ""redirectNewTab"": true, ""scrollHideUnit"": ""percent"", ""scrollShowUnit"": ""percent"", ""countdownFormat"": ""hms"", ""imageElementAlt"": """", ""imageElementUrl"": """", ""popupCustomCode"": ""<iframe src=\""https://link.builtbyshah.com/widget/survey/YQCzMlcADTgfEPlglCdM\"" style=\""border:none;width:100%;\"" scrolling=\""no\"" id=\""YQCzMlcADTgfEPlglCdM\"" title=\""survey\""></iframe>\n<script src=\""https://link.builtbyshah.com/js/form_embed.js\""></script>"", ""sessionDuration"": 10, ""countdownEnabled"": true, ""iconBorderRadius"": 50, ""popupOrientation"": ""portrait"", ""imageOverlayColor"": ""#000000"", ""showDismissButton"": false, ""iconBackgroundColor"": ""#FFFFFF"", ""imageOverlayOpacity"": 85, ""scrollHideThreshold"": 5, ""scrollShowThreshold"": 40, ""delayShowHideEnabled"": true, ""imageElementObjectFit"": ""cover"", ""imageElementBorderRadius"": 0}"
29c486de-1562-4d09-a63b-00ad75044944,SSR Autobody - Irvine,CONTACT_FORM,Website Contact Form,781f8d1d-e09a-42c4-9940-9bc971c686eb,True,2026-01-07T16:00:25.66857+00:00,2026-01-07T16:00:25.66857+00:00,0,,,"{""name"": ""Website Contact Form"", ""enabledFields"": {""addOn"": true, ""email"": true, ""phone"": true, ""message"": true, ""package"": true, ""service"": true, ""lastName"": true, ""firstName"": true, ""serviceZip"": false, ""serviceCity"": false, ""vehicleMake"": true, ""vehicleYear"": true, ""serviceState"": false, ""vehicleModel"": true, ""preferredDate"": false, ""preferredTime"": false, ""vehiclePhotos"": false, ""serviceLocation"": false}, ""selectionMode"": ""all"", ""requiredFields"": [""firstName"", ""lastName"", ""email""], ""successMessage"": ""Thanks! We'll contact you within 24 hours."", ""maxVehiclePhotos"": 5, ""submitButtonText"": ""Get Your Quote"", ""sendEmailNotifications"": true}"
29c486de-1562-4d09-a63b-00ad75044944,SSR Autobody - Irvine,CONTACT_FORM,Website Contact Form,64a4f81e-9fa8-4614-862f-eb670e1ba68a,True,2026-01-07T16:08:39.249088+00:00,2026-04-22T00:17:07.007944+00:00,16,2026-02-06T03:39:15.904+00:00,,"{""name"": ""Website Contact Form"", ""enabledFields"": {""addOn"": true, ""email"": true, ""phone"": true, ""message"": true, ""package"": true, ""service"": true, ""lastName"": true, ""firstName"": true, ""serviceZip"": false, ""serviceCity"": false, ""vehicleMake"": true, ""vehicleYear"": true, ""serviceState"": false, ""vehicleModel"": true, ""preferredDate"": false, ""preferredTime"": false, ""vehiclePhotos"": false, ""serviceLocation"": false}, ""selectionMode"": ""all"", ""requiredFields"": [""firstName"", ""lastName"", ""email""], ""successMessage"": ""Thanks! We'll contact you within 24 hours."", ""maxVehiclePhotos"": 5, ""submitButtonText"": ""Get Your Quote"", ""notificationEmail"": ""nathandennis1271@gmail.com"", ""sendEmailNotifications"": true}"
29c486de-1562-4d09-a63b-00ad75044944,SSR Autobody - Irvine,CONTACT_FORM,Website Contact Form,7238a933-06b4-4c84-9f92-8925dac6425f,True,2026-01-07T05:05:42.347208+00:00,2026-04-22T00:17:07.007944+00:00,1,2026-01-07T05:05:56.556+00:00,,"{""name"": ""Website Contact Form"", ""enabledFields"": {""addOn"": true, ""email"": true, ""phone"": true, ""message"": true, ""package"": true, ""service"": true, ""lastName"": true, ""firstName"": true, ""serviceZip"": false, ""serviceCity"": false, ""vehicleMake"": true, ""vehicleYear"": true, ""serviceState"": false, ""vehicleModel"": true, ""preferredDate"": false, ""preferredTime"": false, ""vehiclePhotos"": false, ""serviceLocation"": false}, ""selectionMode"": ""all"", ""requiredFields"": [""firstName"", ""lastName"", ""email""], ""successMessage"": ""Thanks! We'll contact you within 24 hours."", ""maxVehiclePhotos"": 5, ""submitButtonText"": ""Get Your Quote"", ""notificationEmail"": ""nathandennis1271@gmail.com"", ""sendEmailNotifications"": true}"
29c486de-1562-4d09-a63b-00ad75044944,SSR Autobody - Irvine,GOOGLE_REVIEWS_BADGE,Website Reviews Badge,d448c1a2-b250-4c9d-bad8-e6db940335dd,True,2026-01-07T16:00:28.182236+00:00,2026-01-07T16:00:28.182236+00:00,0,,,"{""name"": ""Website Reviews Badge"", ""placeId"": ""ChIJsY1kk5Lf3IARnaLZewFKRpE"", ""starSize"": 16, ""showDates"": true, ""widthType"": ""pixels"", ""maxReviews"": 20, ""widthValue"": 400, ""badgeLayout"": ""horizontal"", ""compactMode"": false, ""showRatings"": true, ""positionType"": ""inline"", ""badgeAlignment"": ""left"", ""googleIconSize"": 24, ""reviewsPerPage"": 10, ""showReviewCount"": true, ""showAuthorPhotos"": true, ""showBusinessName"": true, ""showReviewImages"": true}"
29c486de-1562-4d09-a63b-00ad75044944,SSR Autobody - Irvine,GOOGLE_REVIEWS_BADGE,Website Reviews Badge,f8507841-060d-4a3d-97ac-faf828a71f8d,True,2026-01-07T16:08:39.809161+00:00,2026-01-07T16:08:39.809161+00:00,12,2026-01-15T01:34:36.463+00:00,,"{""name"": ""Website Reviews Badge"", ""placeId"": ""ChIJsY1kk5Lf3IARnaLZewFKRpE"", ""starSize"": 16, ""showDates"": true, ""widthType"": ""pixels"", ""maxReviews"": 20, ""widthValue"": 400, ""badgeLayout"": ""horizontal"", ""compactMode"": false, ""showRatings"": true, ""positionType"": ""inline"", ""badgeAlignment"": ""left"", ""googleIconSize"": 24, ""reviewsPerPage"": 10, ""showReviewCount"": true, ""showAuthorPhotos"": true, ""showBusinessName"": true, ""showReviewImages"": true}"
29c486de-1562-4d09-a63b-00ad75044944,SSR Autobody - Irvine,GOOGLE_REVIEWS_BADGE,Website Reviews Badge,ca4fc6d6-310c-4a6c-b9f5-33e79d0151da,True,2026-01-07T05:05:43.776474+00:00,2026-01-07T05:05:43.776474+00:00,1,2026-01-07T05:05:56.501+00:00,,"{""name"": ""Website Reviews Badge"", ""placeId"": ""ChIJsY1kk5Lf3IARnaLZewFKRpE"", ""starSize"": 16, ""showDates"": true, ""widthType"": ""pixels"", ""maxReviews"": 20, ""widthValue"": 400, ""badgeLayout"": ""horizontal"", ""compactMode"": false, ""showRatings"": true, ""positionType"": ""inline"", ""badgeAlignment"": ""left"", ""googleIconSize"": 24, ""reviewsPerPage"": 10, ""showReviewCount"": true, ""showAuthorPhotos"": true, ""showBusinessName"": true, ""showReviewImages"": true}"
29c486de-1562-4d09-a63b-00ad75044944,SSR Autobody - Irvine,GOOGLE_REVIEWS_CAROUSEL,Website Reviews Carousel,a731f537-f0f2-4362-ab69-aaf7172e89e0,True,2026-01-07T16:00:28.105372+00:00,2026-01-07T16:00:28.105372+00:00,0,,,"{""name"": ""Website Reviews Carousel"", ""sortBy"": ""most_relevant"", ""placeId"": ""ChIJsY1kk5Lf3IARnaLZewFKRpE"", ""autoPlay"": false, ""showDates"": true, ""widthType"": ""percentage"", ""maxReviews"": 20, ""widthValue"": 100, ""showRatings"": true, ""backgroundType"": ""transparent"", ""filterByImages"": ""images_first"", ""filterByRating"": ""all"", ""reviewsPerSlide"": 5, ""showAuthorPhotos"": true, ""showBusinessInfo"": false, ""showReviewImages"": true, ""showBusinessRating"": true, ""reviewImageThumbnailSize"": ""medium""}"
29c486de-1562-4d09-a63b-00ad75044944,SSR Autobody - Irvine,GOOGLE_REVIEWS_CAROUSEL,Website Reviews Carousel,264e538d-4dd7-4bf3-af8f-35f924e8e9b1,True,2026-01-07T16:08:39.656002+00:00,2026-01-07T16:08:39.656002+00:00,10,2026-01-15T01:34:36.341+00:00,,"{""name"": ""Website Reviews Carousel"", ""sortBy"": ""most_relevant"", ""placeId"": ""ChIJsY1kk5Lf3IARnaLZewFKRpE"", ""autoPlay"": false, ""showDates"": true, ""widthType"": ""percentage"", ""maxReviews"": 20, ""widthValue"": 100, ""showRatings"": true, ""backgroundType"": ""transparent"", ""filterByImages"": ""images_first"", ""filterByRating"": ""all"", ""reviewsPerSlide"": 5, ""showAuthorPhotos"": true, ""showBusinessInfo"": false, ""showReviewImages"": true, ""showBusinessRating"": true, ""reviewImageThumbnailSize"": ""medium""}"
29c486de-1562-4d09-a63b-00ad75044944,SSR Autobody - Irvine,GOOGLE_REVIEWS_CAROUSEL,Website Reviews Carousel,c025f6b7-9c29-4a2e-ac3e-6e34e27b0468,True,2026-01-07T05:05:43.582073+00:00,2026-01-07T05:05:43.582073+00:00,1,2026-01-07T05:06:08.149+00:00,,"{""name"": ""Website Reviews Carousel"", ""sortBy"": ""most_relevant"", ""placeId"": ""ChIJsY1kk5Lf3IARnaLZewFKRpE"", ""autoPlay"": false, ""showDates"": true, ""widthType"": ""percentage"", ""maxReviews"": 20, ""widthValue"": 100, ""showRatings"": true, ""backgroundType"": ""transparent"", ""filterByImages"": ""images_first"", ""filterByRating"": ""all"", ""reviewsPerSlide"": 5, ""showAuthorPhotos"": true, ""showBusinessInfo"": false, ""showReviewImages"": true, ""showBusinessRating"": true, ""reviewImageThumbnailSize"": ""medium""}"
29c486de-1562-4d09-a63b-00ad75044944,SSR Autobody - Irvine,PRICING_TABLE,Exterior Detailing Pricing,c2b38af6-660d-4fa2-8829-27ee5bb2b4ca,True,2026-01-07T16:00:28.418688+00:00,2026-01-07T16:00:28.418688+00:00,0,,,"{""showCarSizes"": true, ""selectionMode"": ""service"", ""selectedService"": ""e22ed209-8f8c-4fa5-870b-5898b76d8e56""}"
29c486de-1562-4d09-a63b-00ad75044944,SSR Autobody - Irvine,PRICING_TABLE,Exterior Detailing Pricing,d77000df-5299-4586-aaf8-f097521b4038,True,2026-01-07T16:08:40.152705+00:00,2026-01-07T16:08:40.152705+00:00,0,,,"{""showCarSizes"": true, ""selectionMode"": ""service"", ""selectedService"": ""e22ed209-8f8c-4fa5-870b-5898b76d8e56""}"
29c486de-1562-4d09-a63b-00ad75044944,SSR Autobody - Irvine,PRICING_TABLE,Exterior Detailing Pricing,04513252-9b6b-4fcf-a990-fd97c9a85348,True,2026-01-07T05:05:44.144205+00:00,2026-01-07T05:05:44.144205+00:00,0,,,"{""showCarSizes"": true, ""selectionMode"": ""service"", ""selectedService"": ""e22ed209-8f8c-4fa5-870b-5898b76d8e56""}"
29c486de-1562-4d09-a63b-00ad75044944,SSR Autobody - Irvine,PRICING_TABLE,Full Detailing Pricing,51d2a2fa-41fa-46fb-9daa-84b7a6b0a5b7,True,2026-01-07T16:00:28.58532+00:00,2026-01-07T16:00:28.58532+00:00,0,,,"{""showCarSizes"": true, ""selectionMode"": ""service"", ""selectedService"": ""636a3c04-ddcd-43dd-a641-172b06dd2315""}"
29c486de-1562-4d09-a63b-00ad75044944,SSR Autobody - Irvine,PRICING_TABLE,Full Detailing Pricing,b502f06a-9f6b-4eee-a6b7-ffac57354efd,True,2026-01-07T16:08:40.509069+00:00,2026-01-07T16:08:40.509069+00:00,0,,,"{""showCarSizes"": true, ""selectionMode"": ""service"", ""selectedService"": ""636a3c04-ddcd-43dd-a641-172b06dd2315""}"
29c486de-1562-4d09-a63b-00ad75044944,SSR Autobody - Irvine,PRICING_TABLE,Full Detailing Pricing,a6afd5af-5e6d-4938-a47e-e4b9882339b6,True,2026-01-07T05:05:44.474154+00:00,2026-01-07T05:05:44.474154+00:00,0,,,"{""showCarSizes"": true, ""selectionMode"": ""service"", ""selectedService"": ""636a3c04-ddcd-43dd-a641-172b06dd2315""}"
29c486de-1562-4d09-a63b-00ad75044944,SSR Autobody - Irvine,PRICING_TABLE,Interior Detailing Pricing,5808e7c0-1a25-4a5e-87f3-1f4b7572ce7d,True,2026-01-07T16:00:28.500984+00:00,2026-01-07T16:00:28.500984+00:00,0,,,"{""showCarSizes"": true, ""selectionMode"": ""service"", ""selectedService"": ""ca6ba9db-d98b-4bc5-aa76-85f0b0977166""}"
29c486de-1562-4d09-a63b-00ad75044944,SSR Autobody - Irvine,PRICING_TABLE,Interior Detailing Pricing,479595f7-211f-46b9-8fa2-78e4a6d16547,True,2026-01-07T16:08:40.314351+00:00,2026-01-07T16:08:40.314351+00:00,0,,,"{""showCarSizes"": true, ""selectionMode"": ""service"", ""selectedService"": ""ca6ba9db-d98b-4bc5-aa76-85f0b0977166""}"
29c486de-1562-4d09-a63b-00ad75044944,SSR Autobody - Irvine,PRICING_TABLE,Interior Detailing Pricing,085a6627-3615-4187-a05f-752002857db3,True,2026-01-07T05:05:44.309809+00:00,2026-01-07T05:05:44.309809+00:00,0,,,"{""showCarSizes"": true, ""selectionMode"": ""service"", ""selectedService"": ""ca6ba9db-d98b-4bc5-aa76-85f0b0977166""}"
9d364ed6-691e-4671-8102-1c8e12055f5f,SSR Autobody - Irvine,CONTACT_FORM,Website Contact Form,0954151b-fba4-428c-bbb1-adda90f91531,True,2026-01-07T17:58:11.311239+00:00,2026-04-22T00:17:07.007944+00:00,16,2026-02-06T03:39:15.976+00:00,,"{""name"": ""Website Contact Form"", ""enabledFields"": {""addOn"": true, ""email"": true, ""phone"": true, ""message"": true, ""package"": true, ""service"": true, ""lastName"": true, ""firstName"": true, ""serviceZip"": false, ""serviceCity"": false, ""vehicleMake"": true, ""vehicleYear"": true, ""serviceState"": false, ""vehicleModel"": true, ""preferredDate"": false, ""preferredTime"": false, ""vehiclePhotos"": false, ""serviceLocation"": false}, ""selectionMode"": ""all"", ""requiredFields"": [""firstName"", ""lastName"", ""email""], ""successMessage"": ""Thanks! We'll contact you within 24 hours."", ""maxVehiclePhotos"": 5, ""submitButtonText"": ""Get Your Quote"", ""notificationEmail"": ""ssr@email.com"", ""sendEmailNotifications"": true}"
9d364ed6-691e-4671-8102-1c8e12055f5f,SSR Autobody - Irvine,GOOGLE_REVIEWS_BADGE,Website Reviews Badge,d736a761-1a0a-4943-9e90-4e5ef6cc4fe8,True,2026-01-07T17:58:12.013805+00:00,2026-01-07T17:58:12.013805+00:00,13,2026-01-15T01:33:31.547+00:00,,"{""name"": ""Website Reviews Badge"", ""placeId"": ""ChIJsY1kk5Lf3IARnaLZewFKRpE"", ""starSize"": 16, ""showDates"": true, ""widthType"": ""pixels"", ""maxReviews"": 20, ""widthValue"": 400, ""badgeLayout"": ""horizontal"", ""compactMode"": false, ""showRatings"": true, ""positionType"": ""inline"", ""badgeAlignment"": ""left"", ""googleIconSize"": 24, ""reviewsPerPage"": 10, ""showReviewCount"": true, ""showAuthorPhotos"": true, ""showBusinessName"": true, ""showReviewImages"": true}"
9d364ed6-691e-4671-8102-1c8e12055f5f,SSR Autobody - Irvine,GOOGLE_REVIEWS_CAROUSEL,Website Reviews Carousel,ee10487e-875d-495d-af5f-18b903844cb2,True,2026-01-07T17:58:11.860477+00:00,2026-01-07T17:58:11.860477+00:00,12,2026-01-15T01:33:31.548+00:00,,"{""name"": ""Website Reviews Carousel"", ""sortBy"": ""most_relevant"", ""placeId"": ""ChIJsY1kk5Lf3IARnaLZewFKRpE"", ""autoPlay"": false, ""showDates"": true, ""widthType"": ""percentage"", ""maxReviews"": 20, ""widthValue"": 100, ""showRatings"": true, ""backgroundType"": ""transparent"", ""filterByImages"": ""images_first"", ""filterByRating"": ""all"", ""reviewsPerSlide"": 5, ""showAuthorPhotos"": true, ""showBusinessInfo"": false, ""showReviewImages"": true, ""showBusinessRating"": true, ""reviewImageThumbnailSize"": ""medium""}"
9d364ed6-691e-4671-8102-1c8e12055f5f,SSR Autobody - Irvine,PRICING_TABLE,Exterior Detailing Pricing,953ea7ec-1c8b-48ff-a33d-67b0676bf063,True,2026-01-07T17:58:12.364886+00:00,2026-01-07T17:58:12.364886+00:00,0,,,"{""showCarSizes"": true, ""selectionMode"": ""service"", ""selectedService"": ""896b4807-3260-4583-bbd0-54215e7734a6""}"
9d364ed6-691e-4671-8102-1c8e12055f5f,SSR Autobody - Irvine,PRICING_TABLE,Full Detailing Pricing,bf8451b7-642c-4e3f-9ee2-3b72d3037115,True,2026-01-07T17:58:12.680871+00:00,2026-01-07T17:58:12.680871+00:00,1,2026-01-07T17:59:34.55+00:00,,"{""showCarSizes"": true, ""selectionMode"": ""service"", ""selectedService"": ""286c287b-aeea-4ede-96c9-564a6e8de769""}"
9d364ed6-691e-4671-8102-1c8e12055f5f,SSR Autobody - Irvine,PRICING_TABLE,Interior Detailing Pricing,fa4fac97-7dc6-4177-9bd9-4a4921cb8610,True,2026-01-07T17:58:12.532099+00:00,2026-01-07T17:58:12.532099+00:00,0,,,"{""showCarSizes"": true, ""selectionMode"": ""service"", ""selectedService"": ""4d2109ce-07c6-4571-b6fb-16d41b935789""}"
